Backlog ID,Work Package,Dependencies,Outputs,Authority Required,Mutation Type,Test Gate,Rollback,Client-Title Data Permitted,Production Deployment Permitted
"S3-01","Canon and schema manifest","Executive approval of planning package","Versioned schema manifest and authority references","Schema planning authority; implementation approval before mutation","Documentation/spec only then future schema metadata","Planning guard; canon consistency guard","Revert docs or managed solution rollback in future","NO","NO"
"S3-02","Choice sets and transition registry","S3-01, transition matrix","Choice set definitions and registry model","Schema implementation approval","Dataverse metadata after approval","Choice/register tests","Managed solution rollback","NO","NO"
"S3-03","Execution-log contract","S3-01","Event contract fields and writer requirements","Schema/runtime implementation approval","Schema extension and future runtime log writes","Execution-log tests","Compensating log/managed rollback","NO","NO"
"S3-04","Title and edition schema extensions","S3-01, gap decisions as needed","jm1pub_title and jm1pub_edition fields","Schema implementation approval","Dataverse schema metadata","Schema tests","Managed solution rollback","NO","NO"
"S3-05","Security roles","S3-04","Roles, privileges, field security","Security/schema approval","Dataverse role metadata","Security role tests","Managed solution rollback","NO","NO"
"S3-06","Transition-validation service","S3-02,S3-03,S3-05","Fail-closed validation service","Runtime implementation approval","Runtime code","Transition tests","Disable service / rollback deploy","NO","NO"
"S3-07","Protected transition endpoints","S3-06","Protected endpoints only","Runtime implementation approval","Runtime code/routes","Endpoint auth/idempotency tests","Disable endpoints / rollback deploy","NO","NO"
"S3-08","Author-status projection","S3-04,S3-06,gap S3-010","Author-safe projection","Author-surface approval before exposure","Calculated/persisted projection depending decision","Author-experience tests","Disable projection","NO until approved","NO"
"S3-09","Correction Authorized workflow","S3-03,S3-06,gap S3-012","Correction authorization path","Runtime/workflow approval","Runtime code or manual workflow after approval","Correction transition tests","Rollback correction state by authority","NO","NO"
"S3-10","Release-plan model","S3-04,gap S3-004","Release-plan fields/entity","Schema approval plus entity decision","Schema metadata","Release model tests","Managed solution rollback","NO","NO"
"S3-11","Distribution-job model","S3-10,gap S3-005","Distribution job/event model","Schema/runtime approval plus entity decision","Schema/runtime after approval","Distribution tests","Managed solution/runtime rollback","NO","NO"
"S3-12","Internal-title migration rehearsal","S3-04-S3-11","Three internal-title rehearsals","Explicit rehearsal approval","Controlled non-client data mutation after approval","Migration tests","Backout runbook and compensating logs","NO","NO"
"S3-13","Production certification","S3-12 all pass","Certification evidence package","Executive production authorization","Production mutation only after approval","Certification criteria 3/3 and zero defects","Approved rollback plan","Only after explicit thaw/approval","Only after explicit production authorization"
