TITLE_ID,TITLE_NAME,PRE_CANONICAL_STATUS,PRE_CANONICAL_TITLE_REFERENCE,PRE_CANONICAL_AUTHOR_CONTACT_REFERENCE,PRE_SOURCE_AUTHORITY,PRE_STAGE,PRE_WAITING_ON,PRE_TIMER,ETAG
5aee90b0-9730-f111-88b4-6045bdd69738,(Untitled),PLACEHOLDER,5aee90b0-9730-f111-88b4-6045bdd69738,UNRESOLVED,PUBLISHING_OPERATING_CENTER_WAVE1_2026_09_01:W1-001,jm1_lifecyclestage=; jm1pub_stage=,,,"W/""50731113"""
9eb5559c-9630-f111-88b4-7c1e525b15c2,(Untitled),PLACEHOLDER,9eb5559c-9630-f111-88b4-7c1e525b15c2,UNRESOLVED,PUBLISHING_OPERATING_CENTER_WAVE1_2026_09_01:W1-002,jm1_lifecyclestage=; jm1pub_stage=,,,"W/""50731115"""
dcf603d3-c27a-f111-ab0f-000d3a14673b,101 Wisdom Lessons for Life and Living,LEGACY_TITLE_RECORD,dcf603d3-c27a-f111-ab0f-000d3a14673b,UNRESOLVED,PUBLISHING_OPERATING_CENTER_WAVE1_2026_09_01:W1-003,jm1_lifecyclestage=; jm1pub_stage=100000013,,,"W/""50731117"""
6e27c7bc-c37a-f111-ab0f-000d3a14673b,27 Days to Overcoming Depression: Debunking All the Lies,LEGACY_TITLE_RECORD,6e27c7bc-c37a-f111-ab0f-000d3a14673b,UNRESOLVED,PUBLISHING_OPERATING_CENTER_WAVE1_2026_09_01:W1-004,jm1_lifecyclestage=; jm1pub_stage=100000014,,,"W/""50731119"""
6f27c7bc-c37a-f111-ab0f-000d3a14673b,A Principal's Tale: A Self-Determined Leader,LEGACY_TITLE_RECORD,6f27c7bc-c37a-f111-ab0f-000d3a14673b,UNRESOLVED,PUBLISHING_OPERATING_CENTER_WAVE1_2026_09_01:W1-005,jm1_lifecyclestage=; jm1pub_stage=100000014,,,"W/""50731121"""
3f09d7cb-c27a-f111-ab0f-6045bdd69678,A Trubie's Guide Pt. 1,LEGACY_TITLE_RECORD,3f09d7cb-c27a-f111-ab0f-6045bdd69678,UNRESOLVED,PUBLISHING_OPERATING_CENTER_WAVE1_2026_09_01:W1-006,jm1_lifecyclestage=; jm1pub_stage=100000013,,,"W/""50731124"""
848904ca-c27a-f111-ab0f-6045bdd69738,A Trubie's Guide Pt. 2,LEGACY_TITLE_RECORD,848904ca-c27a-f111-ab0f-6045bdd69738,UNRESOLVED,PUBLISHING_OPERATING_CENTER_WAVE1_2026_09_01:W1-007,jm1_lifecyclestage=; jm1pub_stage=100000013,,,"W/""50731126"""
7742c1c2-c37a-f111-ab0f-000d3a14673b,Abortion!: George and Giovanna,LEGACY_TITLE_RECORD,7742c1c2-c37a-f111-ab0f-000d3a14673b,UNRESOLVED,PUBLISHING_OPERATING_CENTER_WAVE1_2026_09_01:W1-008,jm1_lifecyclestage=; jm1pub_stage=100000014,,,"W/""50731127"""
2d946ac0-c37a-f111-ab0f-00224820105b,Aligned!: Unlocking the DNA of Authentic Faith,LEGACY_TITLE_RECORD,2d946ac0-c37a-f111-ab0f-00224820105b,UNRESOLVED,PUBLISHING_OPERATING_CENTER_WAVE1_2026_09_01:W1-009,jm1_lifecyclestage=; jm1pub_stage=100000014,,,"W/""50731128"""
dcbc7ebd-c37a-f111-ab0f-6045bdd69678,Are You Sure That You Are Ready?: A Guide for Vendors,LEGACY_TITLE_RECORD,dcbc7ebd-c37a-f111-ab0f-6045bdd69678,UNRESOLVED,PUBLISHING_OPERATING_CENTER_WAVE1_2026_09_01:W1-010,jm1_lifecyclestage=; jm1pub_stage=100000014,,,"W/""50731129"""
7942c1c2-c37a-f111-ab0f-000d3a14673b,Because the Lord is My Shepherd: Psalm 23 and Me,LEGACY_TITLE_RECORD,7942c1c2-c37a-f111-ab0f-000d3a14673b,UNRESOLVED,PUBLISHING_OPERATING_CENTER_WAVE1_2026_09_01:W1-011,jm1_lifecyclestage=; jm1pub_stage=100000014,,,"W/""50731131"""
8642c1c2-c37a-f111-ab0f-000d3a14673b,Bodacious: Controversial and Provocative,LEGACY_TITLE_RECORD,8642c1c2-c37a-f111-ab0f-000d3a14673b,UNRESOLVED,PUBLISHING_OPERATING_CENTER_WAVE1_2026_09_01:W1-012,jm1_lifecyclestage=; jm1pub_stage=100000014,,,"W/""50731132"""
7867a4c3-c37a-f111-ab0f-6045bdd69678,Come Out Of Hiding: Activating Deliverance,LEGACY_TITLE_RECORD,7867a4c3-c37a-f111-ab0f-6045bdd69678,UNRESOLVED,PUBLISHING_OPERATING_CENTER_WAVE1_2026_09_01:W1-013,jm1_lifecyclestage=; jm1pub_stage=100000014,,,"W/""50731133"""
8742c1c2-c37a-f111-ab0f-000d3a14673b,Connected!: Unlocking the DNA of Authentic Prayer - 2nd Edition,LEGACY_TITLE_RECORD,8742c1c2-c37a-f111-ab0f-000d3a14673b,UNRESOLVED,PUBLISHING_OPERATING_CENTER_WAVE1_2026_09_01:W1-014,jm1_lifecyclestage=; jm1pub_stage=100000014,,,"W/""50731134"""
7a67a4c3-c37a-f111-ab0f-6045bdd69678,Delicious Ideas!: The Legacy Cookbook,LEGACY_TITLE_RECORD,7a67a4c3-c37a-f111-ab0f-6045bdd69678,UNRESOLVED,PUBLISHING_OPERATING_CENTER_WAVE1_2026_09_01:W1-015,jm1_lifecyclestage=; jm1pub_stage=100000014,,,"W/""50731135"""
7c67a4c3-c37a-f111-ab0f-6045bdd69678,Discipline and Direction: God's Leadership Style,LEGACY_TITLE_RECORD,7c67a4c3-c37a-f111-ab0f-6045bdd69678,UNRESOLVED,PUBLISHING_OPERATING_CENTER_WAVE1_2026_09_01:W1-016,jm1_lifecyclestage=; jm1pub_stage=100000014,,,"W/""50731137"""
7d67a4c3-c37a-f111-ab0f-6045bdd69678,Divinely Inspired: Trauma Triumphed,LEGACY_TITLE_RECORD,7d67a4c3-c37a-f111-ab0f-6045bdd69678,UNRESOLVED,PUBLISHING_OPERATING_CENTER_WAVE1_2026_09_01:W1-017,jm1_lifecyclestage=; jm1pub_stage=100000014,,,"W/""50731138"""
fb3174cd-c27a-f111-ab0f-6045bdd69435,Establishing Glory 2: The Relationship Handbook (2nd Edition),LEGACY_TITLE_RECORD,fb3174cd-c27a-f111-ab0f-6045bdd69435,UNRESOLVED,PUBLISHING_OPERATING_CENTER_WAVE1_2026_09_01:W1-018,jm1_lifecyclestage=; jm1pub_stage=100000013,,,"W/""50731139"""
9c8797ca-c27a-f111-ab0f-7c1e525b15c2,Establishing Glory 3: The Marriage Handbook,LEGACY_TITLE_RECORD,9c8797ca-c27a-f111-ab0f-7c1e525b15c2,UNRESOLVED,PUBLISHING_OPERATING_CENTER_WAVE1_2026_09_01:W1-019,jm1_lifecyclestage=; jm1pub_stage=100000013,,,"W/""50731140"""
6e7835ca-c37a-f111-ab0f-6045bdd69678,Inspirations from God: God is Gooood!,LEGACY_TITLE_RECORD,6e7835ca-c37a-f111-ab0f-6045bdd69678,UNRESOLVED,PUBLISHING_OPERATING_CENTER_WAVE1_2026_09_01:W1-020,jm1_lifecyclestage=; jm1pub_stage=100000014,,,"W/""50731141"""
311405c7-c37a-f111-ab0f-7c1e525b15c2,Jewels by Lady J: A Book of Daily Devotion and Reflection One Day at a Time,LEGACY_TITLE_RECORD,311405c7-c37a-f111-ab0f-7c1e525b15c2,UNRESOLVED,PUBLISHING_OPERATING_CENTER_WAVE1_2026_09_01:W1-021,jm1_lifecyclestage=; jm1pub_stage=100000014,,,"W/""50731142"""
6f7835ca-c37a-f111-ab0f-6045bdd69678,Just What I Needed: Daily Devotional,LEGACY_TITLE_RECORD,6f7835ca-c37a-f111-ab0f-6045bdd69678,UNRESOLVED,PUBLISHING_OPERATING_CENTER_WAVE1_2026_09_01:W1-022,jm1_lifecyclestage=; jm1pub_stage=100000014,,,"W/""50731143"""
08bf1ac7-c37a-f111-ab0f-00224820105b,Loving the Addict: While Taking Care of Yourself First,LEGACY_TITLE_RECORD,08bf1ac7-c37a-f111-ab0f-00224820105b,UNRESOLVED,PUBLISHING_OPERATING_CENTER_WAVE1_2026_09_01:W1-023,jm1_lifecyclestage=; jm1pub_stage=100000014,,,"W/""50731144"""
b4c11ac7-c37a-f111-ab0f-00224820105b,Memoir of a Black Christian Nationalist: Seeds of Liberation,LEGACY_TITLE_RECORD,b4c11ac7-c37a-f111-ab0f-00224820105b,UNRESOLVED,PUBLISHING_OPERATING_CENTER_WAVE1_2026_09_01:W1-024,jm1_lifecyclestage=; jm1pub_stage=100000014,,,"W/""50731145"""
3b1405c7-c37a-f111-ab0f-7c1e525b15c2,Mirror of Refining Insight: An Introspective Look At Pursuing Your Purpose,LEGACY_TITLE_RECORD,3b1405c7-c37a-f111-ab0f-7c1e525b15c2,UNRESOLVED,PUBLISHING_OPERATING_CENTER_WAVE1_2026_09_01:W1-025,jm1_lifecyclestage=; jm1pub_stage=100000014,,,"W/""50731146"""
1759fcc8-c37a-f111-ab0f-000d3a14673b,More Than A Village: Raising Black Men in America,LEGACY_TITLE_RECORD,1759fcc8-c37a-f111-ab0f-000d3a14673b,UNRESOLVED,PUBLISHING_OPERATING_CENTER_WAVE1_2026_09_01:W1-026,jm1_lifecyclestage=; jm1pub_stage=100000014,,,"W/""50731147"""
887835ca-c37a-f111-ab0f-6045bdd69678,My ABCs,LEGACY_TITLE_RECORD,887835ca-c37a-f111-ab0f-6045bdd69678,UNRESOLVED,PUBLISHING_OPERATING_CENTER_WAVE1_2026_09_01:W1-027,jm1_lifecyclestage=; jm1pub_stage=100000014,,,"W/""50731148"""
a97835ca-c37a-f111-ab0f-6045bdd69678,SHE: An Expose' of Her Insufficiencies,LEGACY_TITLE_RECORD,a97835ca-c37a-f111-ab0f-6045bdd69678,UNRESOLVED,PUBLISHING_OPERATING_CENTER_WAVE1_2026_09_01:W1-028,jm1_lifecyclestage=; jm1pub_stage=100000014,,,"W/""50731149"""
a32156cd-c37a-f111-ab0f-00224820105b,Speech Therapy Works!: Juliana's Story,LEGACY_TITLE_RECORD,a32156cd-c37a-f111-ab0f-00224820105b,UNRESOLVED,PUBLISHING_OPERATING_CENTER_WAVE1_2026_09_01:W1-029,jm1_lifecyclestage=; jm1pub_stage=100000014,,,"W/""50731150"""
b27835ca-c37a-f111-ab0f-6045bdd69678,"Taylor Made: My Life, My Story",LEGACY_TITLE_RECORD,b27835ca-c37a-f111-ab0f-6045bdd69678,UNRESOLVED,PUBLISHING_OPERATING_CENTER_WAVE1_2026_09_01:W1-030,jm1_lifecyclestage=; jm1pub_stage=100000014,,,"W/""50731151"""
d13274cd-c27a-f111-ab0f-6045bdd69435,The Doctrine of the Last Things,LEGACY_TITLE_RECORD,d13274cd-c27a-f111-ab0f-6045bdd69435,UNRESOLVED,PUBLISHING_OPERATING_CENTER_WAVE1_2026_09_01:W1-031,jm1_lifecyclestage=; jm1pub_stage=100000013,,,"W/""50731152"""
ab2156cd-c37a-f111-ab0f-00224820105b,"The Essence of Life, Love Letters to Christ: Poems of Life and Love from the Pages of the Heart",LEGACY_TITLE_RECORD,ab2156cd-c37a-f111-ab0f-00224820105b,UNRESOLVED,PUBLISHING_OPERATING_CENTER_WAVE1_2026_09_01:W1-032,jm1_lifecyclestage=; jm1pub_stage=100000014,,,"W/""50731153"""
0a6386cf-c37a-f111-ab0f-000d3a14673b,The Great Hair Restart: The Journal,LEGACY_TITLE_RECORD,0a6386cf-c37a-f111-ab0f-000d3a14673b,UNRESOLVED,PUBLISHING_OPERATING_CENTER_WAVE1_2026_09_01:W1-033,jm1_lifecyclestage=; jm1pub_stage=100000014,,,"W/""50731154"""
9a2556cd-c37a-f111-ab0f-00224820105b,The Great Hair Restart: The Ultimate Guide to Resetting Your Natural Hair Journey with Confidence,LEGACY_TITLE_RECORD,9a2556cd-c37a-f111-ab0f-00224820105b,UNRESOLVED,PUBLISHING_OPERATING_CENTER_WAVE1_2026_09_01:W1-034,jm1_lifecyclestage=; jm1pub_stage=100000014,,,"W/""50731155"""
5e4797d0-c27a-f111-ab0f-7c1e525b15c2,"The I Am In Me Part 2, Second Edition",LEGACY_TITLE_RECORD,5e4797d0-c27a-f111-ab0f-7c1e525b15c2,UNRESOLVED,PUBLISHING_OPERATING_CENTER_WAVE1_2026_09_01:W1-035,jm1_lifecyclestage=; jm1pub_stage=100000013,,,"W/""50731156"""
5f4797d0-c27a-f111-ab0f-7c1e525b15c2,"The I Am in Me, Second Edition",LEGACY_TITLE_RECORD,5f4797d0-c27a-f111-ab0f-7c1e525b15c2,UNRESOLVED,PUBLISHING_OPERATING_CENTER_WAVE1_2026_09_01:W1-036,jm1_lifecyclestage=; jm1pub_stage=100000013,,,"W/""50731157"""
0d6386cf-c37a-f111-ab0f-000d3a14673b,The Journey: The Inspiration and Message Behind the Music,LEGACY_TITLE_RECORD,0d6386cf-c37a-f111-ab0f-000d3a14673b,UNRESOLVED,PUBLISHING_OPERATING_CENTER_WAVE1_2026_09_01:W1-037,jm1_lifecyclestage=; jm1pub_stage=100000014,,,"W/""50731158"""
b2838072-e23d-f111-88b5-7c1e525b15c2,todays's new title,LEGACY_TITLE_RECORD,b2838072-e23d-f111-88b5-7c1e525b15c2,UNRESOLVED,PUBLISHING_OPERATING_CENTER_WAVE1_2026_09_01:W1-038,jm1_lifecyclestage=; jm1pub_stage=100000014,,,"W/""50731159"""
4a37c9d0-c37a-f111-ab0f-6045bdd69678,Warriors and Angels: Liberating Inner Power in the Journey of Life,LEGACY_TITLE_RECORD,4a37c9d0-c37a-f111-ab0f-6045bdd69678,UNRESOLVED,PUBLISHING_OPERATING_CENTER_WAVE1_2026_09_01:W1-039,jm1_lifecyclestage=; jm1pub_stage=100000014,,,"W/""50731160"""
226386cf-c37a-f111-ab0f-000d3a14673b,You're Still Not Crazy: You May Be An Empath Dealing With A Narcissist,LEGACY_TITLE_RECORD,226386cf-c37a-f111-ab0f-000d3a14673b,UNRESOLVED,PUBLISHING_OPERATING_CENTER_WAVE1_2026_09_01:W1-040,jm1_lifecyclestage=; jm1pub_stage=100000014,,,"W/""50731161"""
5837c9d0-c37a-f111-ab0f-6045bdd69678,Your Peace is a Priority: A Devotional Journal,LEGACY_TITLE_RECORD,5837c9d0-c37a-f111-ab0f-6045bdd69678,UNRESOLVED,PUBLISHING_OPERATING_CENTER_WAVE1_2026_09_01:W1-041,jm1_lifecyclestage=; jm1pub_stage=100000014,,,"W/""50731162"""
74719cd6-cd95-f111-8076-6045bdd69678,Indomitable Indomitable Escaping Witchcraft and Finding My Identity in Christ,,,,,jm1_lifecyclestage=; jm1pub_stage=,,,
cb7e283c-db89-f111-ab10-6045bdd69738,JM1 Synthetic Intake Fetch Proof 20260727165010,,,,,jm1_lifecyclestage=; jm1pub_stage=,,,
71f19874-d989-f111-ab10-00224820105b,JM1 Synthetic Intake SEV1 Proof 20260727163730,,,,,jm1_lifecyclestage=; jm1pub_stage=,,,
577858c2-da89-f111-ab10-000d3a14673b,JM1 Synthetic Intake SEV1 Proof 20260727164554,,,,,jm1_lifecyclestage=; jm1pub_stage=,,,
02923fbd-019d-f111-b8dc-6045bdd69435,New Book Test,,,,,jm1_lifecyclestage=; jm1pub_stage=,,,
f42a9474-1f76-f111-ab0f-6045bdd69738,The Long Watch - Intake Success Validation,,,,,jm1_lifecyclestage=; jm1pub_stage=,,,
833582da-b389-f111-ab10-00224820105b,100 Wisdom Lessons for Life and Living,DUPLICATE_RECORD,833582da-b389-f111-ab10-00224820105b,UNRESOLVED,PUBLISHING_OPERATING_CENTER_WAVE1_2026_09_01:W1-048,jm1_lifecyclestage=; jm1pub_stage=,,,"W/""50731163"""
863582da-b389-f111-ab10-00224820105b,100 Wisdom Lessons for Life and Living,DUPLICATE_RECORD,863582da-b389-f111-ab10-00224820105b,UNRESOLVED,PUBLISHING_OPERATING_CENTER_WAVE1_2026_09_01:W1-049,jm1_lifecyclestage=; jm1pub_stage=,,,"W/""50731164"""
bfe69bd7-b389-f111-ab10-6045bdd69435,100 Wisdom Lessons for Life and Living,DUPLICATE_RECORD,bfe69bd7-b389-f111-ab10-6045bdd69435,UNRESOLVED,PUBLISHING_OPERATING_CENTER_WAVE1_2026_09_01:W1-050,jm1_lifecyclestage=; jm1pub_stage=,,,"W/""50731165"""
34926ac0-c37a-f111-ab0f-00224820105b,100 Wisdom Lessons for Life and Living,DUPLICATE_RECORD,34926ac0-c37a-f111-ab0f-00224820105b,UNRESOLVED,PUBLISHING_OPERATING_CENTER_WAVE1_2026_09_01:W1-051,jm1_lifecyclestage=835500005; jm1pub_stage=100000013,,,"W/""50731166"""
8e0402da-b389-f111-ab10-000d3a14673b,7 Step Jumpstart to Becoming Your Best Self,DUPLICATE_RECORD,8e0402da-b389-f111-ab10-000d3a14673b,UNRESOLVED,PUBLISHING_OPERATING_CENTER_WAVE1_2026_09_01:W1-052,jm1_lifecyclestage=; jm1pub_stage=,,,"W/""50731167"""
4a9a11da-b389-f111-ab10-6045bdd69738,7 Step Jumpstart to Becoming Your Best Self,DUPLICATE_RECORD,4a9a11da-b389-f111-ab10-6045bdd69738,UNRESOLVED,PUBLISHING_OPERATING_CENTER_WAVE1_2026_09_01:W1-053,jm1_lifecyclestage=; jm1pub_stage=,,,"W/""50731168"""
778904ca-c27a-f111-ab0f-6045bdd69738,A Little Bit of Everything,DUPLICATE_RECORD,778904ca-c27a-f111-ab0f-6045bdd69738,UNRESOLVED,PUBLISHING_OPERATING_CENTER_WAVE1_2026_09_01:W1-054,jm1_lifecyclestage=; jm1pub_stage=100000013,,,"W/""50731169"""
a8e382d8-b389-f111-ab10-6045bdd69678,A Portrait of Paradise,DUPLICATE_RECORD,a8e382d8-b389-f111-ab10-6045bdd69678,UNRESOLVED,PUBLISHING_OPERATING_CENTER_WAVE1_2026_09_01:W1-055,jm1_lifecyclestage=; jm1pub_stage=,,,"W/""50731170"""
f57d1ada-b389-f111-ab10-7c1e525b15c2,A Portrait of Paradise,DUPLICATE_RECORD,f57d1ada-b389-f111-ab10-7c1e525b15c2,UNRESOLVED,PUBLISHING_OPERATING_CENTER_WAVE1_2026_09_01:W1-056,jm1_lifecyclestage=; jm1pub_stage=,,,"W/""50731171"""
11d2c5d7-b389-f111-ab10-000d3a9eacee,"A Truebies Guide, Part 1",DUPLICATE_RECORD,11d2c5d7-b389-f111-ab10-000d3a9eacee,UNRESOLVED,PUBLISHING_OPERATING_CENTER_WAVE1_2026_09_01:W1-057,jm1_lifecyclestage=; jm1pub_stage=,,,"W/""50731172"""
aee382d8-b389-f111-ab10-6045bdd69678,"A Truebies Guide, Part 1",DUPLICATE_RECORD,aee382d8-b389-f111-ab10-6045bdd69678,UNRESOLVED,PUBLISHING_OPERATING_CENTER_WAVE1_2026_09_01:W1-058,jm1_lifecyclestage=; jm1pub_stage=,,,"W/""50731174"""
37ce3ac0-c37a-f111-ab0f-7c1e525b15c2,"A Truebies Guide, Part 1",DUPLICATE_RECORD,37ce3ac0-c37a-f111-ab0f-7c1e525b15c2,UNRESOLVED,PUBLISHING_OPERATING_CENTER_WAVE1_2026_09_01:W1-059,jm1_lifecyclestage=835500005; jm1pub_stage=100000013,,,"W/""50731175"""
2554a0dd-b389-f111-ab10-6045bdd69435,"A Truebies Guide, Part 2",DUPLICATE_RECORD,2554a0dd-b389-f111-ab10-6045bdd69435,UNRESOLVED,PUBLISHING_OPERATING_CENTER_WAVE1_2026_09_01:W1-060,jm1_lifecyclestage=; jm1pub_stage=,,,"W/""50731176"""
afe382d8-b389-f111-ab10-6045bdd69678,"A Truebies Guide, Part 2",DUPLICATE_RECORD,afe382d8-b389-f111-ab10-6045bdd69678,UNRESOLVED,PUBLISHING_OPERATING_CENTER_WAVE1_2026_09_01:W1-061,jm1_lifecyclestage=; jm1pub_stage=,,,"W/""50731177"""
2c946ac0-c37a-f111-ab0f-00224820105b,"A Truebies Guide, Part 2",DUPLICATE_RECORD,2c946ac0-c37a-f111-ab0f-00224820105b,UNRESOLVED,PUBLISHING_OPERATING_CENTER_WAVE1_2026_09_01:W1-062,jm1_lifecyclestage=835500005; jm1pub_stage=100000013,,,"W/""50731178"""
f67d1ada-b389-f111-ab10-7c1e525b15c2,Abortion!,DUPLICATE_RECORD,f67d1ada-b389-f111-ab10-7c1e525b15c2,UNRESOLVED,PUBLISHING_OPERATING_CENTER_WAVE1_2026_09_01:W1-063,jm1_lifecyclestage=; jm1pub_stage=,,,"W/""50731179"""
79064bcd-c27a-f111-ab0f-00224820105b,According to Mark,DUPLICATE_RECORD,79064bcd-c27a-f111-ab0f-00224820105b,UNRESOLVED,PUBLISHING_OPERATING_CENTER_WAVE1_2026_09_01:W1-064,jm1_lifecyclestage=; jm1pub_stage=100000013,,,"W/""50731181"""
8c3582da-b389-f111-ab10-00224820105b,Aligned!,DUPLICATE_RECORD,8c3582da-b389-f111-ab10-00224820105b,UNRESOLVED,PUBLISHING_OPERATING_CENTER_WAVE1_2026_09_01:W1-065,jm1_lifecyclestage=; jm1pub_stage=,,,"W/""50731182"""
a00402da-b389-f111-ab10-000d3a14673b,Almost Happy,DUPLICATE_RECORD,a00402da-b389-f111-ab10-000d3a14673b,UNRESOLVED,PUBLISHING_OPERATING_CENTER_WAVE1_2026_09_01:W1-066,jm1_lifecyclestage=; jm1pub_stage=,,,"W/""50731184"""
539a11da-b389-f111-ab10-6045bdd69738,Almost Happy,DUPLICATE_RECORD,539a11da-b389-f111-ab10-6045bdd69738,UNRESOLVED,PUBLISHING_OPERATING_CENTER_WAVE1_2026_09_01:W1-067,jm1_lifecyclestage=; jm1pub_stage=,,,"W/""50731186"""
017e1ada-b389-f111-ab10-7c1e525b15c2,Because the Lord is My Shepherd,DUPLICATE_RECORD,017e1ada-b389-f111-ab10-7c1e525b15c2,UNRESOLVED,PUBLISHING_OPERATING_CENTER_WAVE1_2026_09_01:W1-068,jm1_lifecyclestage=; jm1pub_stage=,,,"W/""50731187"""
933582da-b389-f111-ab10-00224820105b,Come Out of Hiding,DUPLICATE_RECORD,933582da-b389-f111-ab10-00224820105b,UNRESOLVED,PUBLISHING_OPERATING_CENTER_WAVE1_2026_09_01:W1-069,jm1_lifecyclestage=; jm1pub_stage=,,,"W/""50731188"""
057e1ada-b389-f111-ab10-7c1e525b15c2,Come Out of Hiding,DUPLICATE_RECORD,057e1ada-b389-f111-ab10-7c1e525b15c2,UNRESOLVED,PUBLISHING_OPERATING_CENTER_WAVE1_2026_09_01:W1-070,jm1_lifecyclestage=; jm1pub_stage=,,,"W/""50731190"""
938904ca-c27a-f111-ab0f-6045bdd69738,Come Out of Hiding,DUPLICATE_RECORD,938904ca-c27a-f111-ab0f-6045bdd69738,UNRESOLVED,PUBLISHING_OPERATING_CENTER_WAVE1_2026_09_01:W1-071,jm1_lifecyclestage=; jm1pub_stage=100000013,,,"W/""50731192"""
08dac7dd-b389-f111-ab10-000d3a9eacee,Connected!,DUPLICATE_RECORD,08dac7dd-b389-f111-ab10-000d3a9eacee,UNRESOLVED,PUBLISHING_OPERATING_CENTER_WAVE1_2026_09_01:W1-072,jm1_lifecyclestage=; jm1pub_stage=,,,"W/""50731193"""
7967a4c3-c37a-f111-ab0f-6045bdd69678,Connected!,DUPLICATE_RECORD,7967a4c3-c37a-f111-ab0f-6045bdd69678,UNRESOLVED,PUBLISHING_OPERATING_CENTER_WAVE1_2026_09_01:W1-073,jm1_lifecyclestage=835500005; jm1pub_stage=100000013,,,"W/""50731194"""
0cdac7dd-b389-f111-ab10-000d3a9eacee,Damaged,DUPLICATE_RECORD,0cdac7dd-b389-f111-ab10-000d3a9eacee,UNRESOLVED,PUBLISHING_OPERATING_CENTER_WAVE1_2026_09_01:W1-074,jm1_lifecyclestage=; jm1pub_stage=,,,"W/""50731195"""
ba0402da-b389-f111-ab10-000d3a14673b,Delicious Ideas!,DUPLICATE_RECORD,ba0402da-b389-f111-ab10-000d3a14673b,UNRESOLVED,PUBLISHING_OPERATING_CENTER_WAVE1_2026_09_01:W1-075,jm1_lifecyclestage=; jm1pub_stage=,,,"W/""50731196"""
0a7e1ada-b389-f111-ab10-7c1e525b15c2,Delicious Ideas!,DUPLICATE_RECORD,0a7e1ada-b389-f111-ab10-7c1e525b15c2,UNRESOLVED,PUBLISHING_OPERATING_CENTER_WAVE1_2026_09_01:W1-076,jm1_lifecyclestage=; jm1pub_stage=,,,"W/""50731197"""
3154a0dd-b389-f111-ab10-6045bdd69435,Department of the Air Force Mission Driven Leadership,DUPLICATE_RECORD,3154a0dd-b389-f111-ab10-6045bdd69435,UNRESOLVED,PUBLISHING_OPERATING_CENTER_WAVE1_2026_09_01:W1-077,jm1_lifecyclestage=; jm1pub_stage=,,,"W/""50731198"""
2c966ac0-c37a-f111-ab0f-00224820105b,Department of the Air Force Mission Driven Leadership,DUPLICATE_RECORD,2c966ac0-c37a-f111-ab0f-00224820105b,UNRESOLVED,PUBLISHING_OPERATING_CENTER_WAVE1_2026_09_01:W1-078,jm1_lifecyclestage=835500005; jm1pub_stage=100000013,,,"W/""50731199"""
3354a0dd-b389-f111-ab10-6045bdd69435,Department of the Air Force: Mission Driven Leadership,DUPLICATE_RECORD,3354a0dd-b389-f111-ab10-6045bdd69435,UNRESOLVED,PUBLISHING_OPERATING_CENTER_WAVE1_2026_09_01:W1-079,jm1_lifecyclestage=; jm1pub_stage=,,,"W/""50731200"""
64106fd3-c27a-f111-ab0f-6045bdd69435,Department of the Air Force: Mission Driven Leadership,DUPLICATE_RECORD,64106fd3-c27a-f111-ab0f-6045bdd69435,UNRESOLVED,PUBLISHING_OPERATING_CENTER_WAVE1_2026_09_01:W1-080,jm1_lifecyclestage=; jm1pub_stage=100000013,,,"W/""50731201"""
7b67a4c3-c37a-f111-ab0f-6045bdd69678,Destined to Break the Curse Devotional,DUPLICATE_RECORD,7b67a4c3-c37a-f111-ab0f-6045bdd69678,UNRESOLVED,PUBLISHING_OPERATING_CENTER_WAVE1_2026_09_01:W1-081,jm1_lifecyclestage=835500005; jm1pub_stage=100000013,,,"W/""50731202"""
16dac7dd-b389-f111-ab10-000d3a9eacee,Establishing Glory,DUPLICATE_RECORD,16dac7dd-b389-f111-ab10-000d3a9eacee,UNRESOLVED,PUBLISHING_OPERATING_CENTER_WAVE1_2026_09_01:W1-082,jm1_lifecyclestage=; jm1pub_stage=,,,"W/""50731203"""
4454a0dd-b389-f111-ab10-6045bdd69435,Establishing Glory,DUPLICATE_RECORD,4454a0dd-b389-f111-ab10-6045bdd69435,UNRESOLVED,PUBLISHING_OPERATING_CENTER_WAVE1_2026_09_01:W1-083,jm1_lifecyclestage=; jm1pub_stage=,,,"W/""50731205"""
4554a0dd-b389-f111-ab10-6045bdd69435,Establishing Glory,DUPLICATE_RECORD,4554a0dd-b389-f111-ab10-6045bdd69435,UNRESOLVED,PUBLISHING_OPERATING_CENTER_WAVE1_2026_09_01:W1-084,jm1_lifecyclestage=; jm1pub_stage=,,,"W/""50731206"""
b37e1ee0-b389-f111-ab10-000d3a14673b,Establishing Glory,DUPLICATE_RECORD,b37e1ee0-b389-f111-ab10-000d3a14673b,UNRESOLVED,PUBLISHING_OPERATING_CENTER_WAVE1_2026_09_01:W1-085,jm1_lifecyclestage=; jm1pub_stage=,,,"W/""50731208"""
154097e0-b389-f111-ab10-00224820105b,Establishing Glory,DUPLICATE_RECORD,154097e0-b389-f111-ab10-00224820105b,UNRESOLVED,PUBLISHING_OPERATING_CENTER_WAVE1_2026_09_01:W1-086,jm1_lifecyclestage=; jm1pub_stage=,,,"W/""50731209"""
249c7bde-b389-f111-ab10-6045bdd69678,Establishing Glory,DUPLICATE_RECORD,249c7bde-b389-f111-ab10-6045bdd69678,UNRESOLVED,PUBLISHING_OPERATING_CENTER_WAVE1_2026_09_01:W1-087,jm1_lifecyclestage=; jm1pub_stage=,,,"W/""50731210"""
54a0a0e0-b389-f111-ab10-6045bdd69738,Establishing Glory,DUPLICATE_RECORD,54a0a0e0-b389-f111-ab10-6045bdd69738,UNRESOLVED,PUBLISHING_OPERATING_CENTER_WAVE1_2026_09_01:W1-088,jm1_lifecyclestage=; jm1pub_stage=,,,"W/""50731211"""
55a0a0e0-b389-f111-ab10-6045bdd69738,Establishing Glory,DUPLICATE_RECORD,55a0a0e0-b389-f111-ab10-6045bdd69738,UNRESOLVED,PUBLISHING_OPERATING_CENTER_WAVE1_2026_09_01:W1-089,jm1_lifecyclestage=; jm1pub_stage=,,,"W/""50731212"""
9d5b72e0-b389-f111-ab10-7c1e525b15c2,Establishing Glory,DUPLICATE_RECORD,9d5b72e0-b389-f111-ab10-7c1e525b15c2,UNRESOLVED,PUBLISHING_OPERATING_CENTER_WAVE1_2026_09_01:W1-090,jm1_lifecyclestage=; jm1pub_stage=,,,"W/""50731213"""
9242c1c2-c37a-f111-ab0f-000d3a14673b,Establishing Glory,DUPLICATE_RECORD,9242c1c2-c37a-f111-ab0f-000d3a14673b,UNRESOLVED,PUBLISHING_OPERATING_CENTER_WAVE1_2026_09_01:W1-091,jm1_lifecyclestage=835500005; jm1pub_stage=100000013,,,"W/""50731214"""
174097e0-b389-f111-ab10-00224820105b,Establishing Glory 2,DUPLICATE_RECORD,174097e0-b389-f111-ab10-00224820105b,UNRESOLVED,PUBLISHING_OPERATING_CENTER_WAVE1_2026_09_01:W1-092,jm1_lifecyclestage=; jm1pub_stage=,,,"W/""50731215"""
4654a0dd-b389-f111-ab10-6045bdd69435,Establishing Glory 2,DUPLICATE_RECORD,4654a0dd-b389-f111-ab10-6045bdd69435,UNRESOLVED,PUBLISHING_OPERATING_CENTER_WAVE1_2026_09_01:W1-093,jm1_lifecyclestage=; jm1pub_stage=,,,"W/""50731216"""
299c7bde-b389-f111-ab10-6045bdd69678,Establishing Glory 2,DUPLICATE_RECORD,299c7bde-b389-f111-ab10-6045bdd69678,UNRESOLVED,PUBLISHING_OPERATING_CENTER_WAVE1_2026_09_01:W1-094,jm1_lifecyclestage=; jm1pub_stage=,,,"W/""50731217"""
9342c1c2-c37a-f111-ab0f-000d3a14673b,Establishing Glory 2,DUPLICATE_RECORD,9342c1c2-c37a-f111-ab0f-000d3a14673b,UNRESOLVED,PUBLISHING_OPERATING_CENTER_WAVE1_2026_09_01:W1-095,jm1_lifecyclestage=835500005; jm1pub_stage=100000013,,,"W/""50731218"""
2e9c7bde-b389-f111-ab10-6045bdd69678,Establishing Glory 3,DUPLICATE_RECORD,2e9c7bde-b389-f111-ab10-6045bdd69678,UNRESOLVED,PUBLISHING_OPERATING_CENTER_WAVE1_2026_09_01:W1-096,jm1_lifecyclestage=; jm1pub_stage=,,,"W/""50731219"""
a35b72e0-b389-f111-ab10-7c1e525b15c2,Establishing Glory 3,DUPLICATE_RECORD,a35b72e0-b389-f111-ab10-7c1e525b15c2,UNRESOLVED,PUBLISHING_OPERATING_CENTER_WAVE1_2026_09_01:W1-097,jm1_lifecyclestage=; jm1pub_stage=,,,"W/""50731220"""
a45b72e0-b389-f111-ab10-7c1e525b15c2,Establishing Glory 3,DUPLICATE_RECORD,a45b72e0-b389-f111-ab10-7c1e525b15c2,UNRESOLVED,PUBLISHING_OPERATING_CENTER_WAVE1_2026_09_01:W1-098,jm1_lifecyclestage=; jm1pub_stage=,,,"W/""50731221"""
7e67a4c3-c37a-f111-ab0f-6045bdd69678,Establishing Glory 3,DUPLICATE_RECORD,7e67a4c3-c37a-f111-ab0f-6045bdd69678,UNRESOLVED,PUBLISHING_OPERATING_CENTER_WAVE1_2026_09_01:W1-099,jm1_lifecyclestage=835500005; jm1pub_stage=100000013,,,"W/""50731222"""
b47e1ee0-b389-f111-ab10-000d3a14673b,Establishing Glory: The Praise and Worship Handbook,DUPLICATE_RECORD,b47e1ee0-b389-f111-ab10-000d3a14673b,UNRESOLVED,PUBLISHING_OPERATING_CENTER_WAVE1_2026_09_01:W1-100,jm1_lifecyclestage=; jm1pub_stage=,,,"W/""50731223"""
56a0a0e0-b389-f111-ab10-6045bdd69738,Establishing Glory: The Praise and Worship Handbook,DUPLICATE_RECORD,56a0a0e0-b389-f111-ab10-6045bdd69738,UNRESOLVED,PUBLISHING_OPERATING_CENTER_WAVE1_2026_09_01:W1-101,jm1_lifecyclestage=; jm1pub_stage=,,,"W/""50731224"""
b1b61ac7-c37a-f111-ab0f-00224820105b,Establishing Glory: The Praise and Worship Handbook,DUPLICATE_RECORD,b1b61ac7-c37a-f111-ab0f-00224820105b,UNRESOLVED,PUBLISHING_OPERATING_CENTER_WAVE1_2026_09_01:W1-102,jm1_lifecyclestage=835500005; jm1pub_stage=100000013,,,"W/""50731225"""
194097e0-b389-f111-ab10-00224820105b,Establishing Glory: The Relationship Handbook,DUPLICATE_RECORD,194097e0-b389-f111-ab10-00224820105b,UNRESOLVED,PUBLISHING_OPERATING_CENTER_WAVE1_2026_09_01:W1-103,jm1_lifecyclestage=; jm1pub_stage=,,,"W/""50731226"""
dbb71ac7-c37a-f111-ab0f-00224820105b,Establishing Glory: The Relationship Handbook,DUPLICATE_RECORD,dbb71ac7-c37a-f111-ab0f-00224820105b,UNRESOLVED,PUBLISHING_OPERATING_CENTER_WAVE1_2026_09_01:W1-104,jm1_lifecyclestage=835500005; jm1pub_stage=100000013,,,"W/""50731227"""
161405c7-c37a-f111-ab0f-7c1e525b15c2,"Focus, Trust, & Follow",DUPLICATE_RECORD,161405c7-c37a-f111-ab0f-7c1e525b15c2,UNRESOLVED,PUBLISHING_OPERATING_CENTER_WAVE1_2026_09_01:W1-105,jm1_lifecyclestage=835500005; jm1pub_stage=100000013,,,"W/""50731228"""
a65b72e0-b389-f111-ab10-7c1e525b15c2,Getting Back 2 Happy,DUPLICATE_RECORD,a65b72e0-b389-f111-ab10-7c1e525b15c2,UNRESOLVED,PUBLISHING_OPERATING_CENTER_WAVE1_2026_09_01:W1-106,jm1_lifecyclestage=; jm1pub_stage=,,,"W/""50731229"""
5a54a0dd-b389-f111-ab10-6045bdd69435,Getting Back 2 Happy: The Chronicles of Tabby (Unabridged),DUPLICATE_RECORD,5a54a0dd-b389-f111-ab10-6045bdd69435,UNRESOLVED,PUBLISHING_OPERATING_CENTER_WAVE1_2026_09_01:W1-107,jm1_lifecyclestage=; jm1pub_stage=,,,"W/""50731231"""
9542c1c2-c37a-f111-ab0f-000d3a14673b,Getting Back 2 Happy: The Chronicles of Tabby (Unabridged),DUPLICATE_RECORD,9542c1c2-c37a-f111-ab0f-000d3a14673b,UNRESOLVED,PUBLISHING_OPERATING_CENTER_WAVE1_2026_09_01:W1-108,jm1_lifecyclestage=835500005; jm1pub_stage=100000013,,,"W/""50731234"""
1e4097e0-b389-f111-ab10-00224820105b,"Girl, Did You Know...?",DUPLICATE_RECORD,1e4097e0-b389-f111-ab10-00224820105b,UNRESOLVED,PUBLISHING_OPERATING_CENTER_WAVE1_2026_09_01:W1-109,jm1_lifecyclestage=; jm1pub_stage=,,,"W/""50731235"""
d0b91ac7-c37a-f111-ab0f-00224820105b,"Girl, Did You Know…?",DUPLICATE_RECORD,d0b91ac7-c37a-f111-ab0f-00224820105b,UNRESOLVED,PUBLISHING_OPERATING_CENTER_WAVE1_2026_09_01:W1-110,jm1_lifecyclestage=835500005; jm1pub_stage=100000013,,,"W/""50731236"""
6454a0dd-b389-f111-ab10-6045bdd69435,"Girl, You're Not Crazy. You're Dealing With a Narcissist",DUPLICATE_RECORD,6454a0dd-b389-f111-ab10-6045bdd69435,contact:4a56c9ff-4389-f111-ab10-6045bdd69678,PUBLISHING_OPERATING_CENTER_WAVE1_2026_09_01:W1-111,jm1_lifecyclestage=; jm1pub_stage=,,,"W/""50730735"""
7f67a4c3-c37a-f111-ab0f-6045bdd69678,God’s Business Plan,DUPLICATE_RECORD,7f67a4c3-c37a-f111-ab0f-6045bdd69678,UNRESOLVED,PUBLISHING_OPERATING_CENTER_WAVE1_2026_09_01:W1-112,jm1_lifecyclestage=835500005; jm1pub_stage=100000013,,,"W/""50731237"""
7e000573-cc7a-f111-ab0f-7c1e525b15c2,God's Nudge,DUPLICATE_RECORD,7e000573-cc7a-f111-ab0f-7c1e525b15c2,UNRESOLVED,PUBLISHING_OPERATING_CENTER_WAVE1_2026_09_01:W1-113,jm1_lifecyclestage=; jm1pub_stage=100000013,,,"W/""50731238"""
6209d7cb-c27a-f111-ab0f-6045bdd69678,God's Word For This World,DUPLICATE_RECORD,6209d7cb-c27a-f111-ab0f-6045bdd69678,UNRESOLVED,PUBLISHING_OPERATING_CENTER_WAVE1_2026_09_01:W1-114,jm1_lifecyclestage=835500005; jm1pub_stage=100000013,,,"W/""50731240"""
c2ed8074-cc7a-f111-ab0f-6045bdd69435,God’s Word For This World,DUPLICATE_RECORD,c2ed8074-cc7a-f111-ab0f-6045bdd69435,UNRESOLVED,PUBLISHING_OPERATING_CENTER_WAVE1_2026_09_01:W1-115,jm1_lifecyclestage=; jm1pub_stage=100000013,,,"W/""50731241"""
9d42c1c2-c37a-f111-ab0f-000d3a14673b,Grandmothers Educating Minds,DUPLICATE_RECORD,9d42c1c2-c37a-f111-ab0f-000d3a14673b,UNRESOLVED,PUBLISHING_OPERATING_CENTER_WAVE1_2026_09_01:W1-116,jm1_lifecyclestage=835500005; jm1pub_stage=100000013,,,"W/""50731243"""
db5b72e0-b389-f111-ab10-7c1e525b15c2,Have You Considered My Servant?,DUPLICATE_RECORD,db5b72e0-b389-f111-ab10-7c1e525b15c2,UNRESOLVED,PUBLISHING_OPERATING_CENTER_WAVE1_2026_09_01:W1-117,jm1_lifecyclestage=; jm1pub_stage=,,,"W/""50731244"""
d6b91ac7-c37a-f111-ab0f-00224820105b,"Help God, I Am - the Collection",DUPLICATE_RECORD,d6b91ac7-c37a-f111-ab0f-00224820105b,UNRESOLVED,PUBLISHING_OPERATING_CENTER_WAVE1_2026_09_01:W1-118,jm1_lifecyclestage=835500005; jm1pub_stage=100000013,,,"W/""50731245"""
e55b72e0-b389-f111-ab10-7c1e525b15c2,"Help God, I Am - The Collection",DUPLICATE_RECORD,e55b72e0-b389-f111-ab10-7c1e525b15c2,UNRESOLVED,PUBLISHING_OPERATING_CENTER_WAVE1_2026_09_01:W1-119,jm1_lifecyclestage=; jm1pub_stage=,,,"W/""50731246"""
2a4097e0-b389-f111-ab10-00224820105b,"Help God, I Am Afraid",DUPLICATE_RECORD,2a4097e0-b389-f111-ab10-00224820105b,UNRESOLVED,PUBLISHING_OPERATING_CENTER_WAVE1_2026_09_01:W1-120,jm1_lifecyclestage=; jm1pub_stage=,,,"W/""50731247"""
f05b72e0-b389-f111-ab10-7c1e525b15c2,"Help God, I Am Angry",DUPLICATE_RECORD,f05b72e0-b389-f111-ab10-7c1e525b15c2,UNRESOLVED,PUBLISHING_OPERATING_CENTER_WAVE1_2026_09_01:W1-121,jm1_lifecyclestage=; jm1pub_stage=,,,"W/""50731248"""
5ca0a0e0-b389-f111-ab10-6045bdd69738,"Help God, I Am Confused",DUPLICATE_RECORD,5ca0a0e0-b389-f111-ab10-6045bdd69738,UNRESOLVED,PUBLISHING_OPERATING_CENTER_WAVE1_2026_09_01:W1-122,jm1_lifecyclestage=; jm1pub_stage=,,,"W/""50731249"""
b97e1ee0-b389-f111-ab10-000d3a14673b,"Help God, I Am Hurt",DUPLICATE_RECORD,b97e1ee0-b389-f111-ab10-000d3a14673b,UNRESOLVED,PUBLISHING_OPERATING_CENTER_WAVE1_2026_09_01:W1-123,jm1_lifecyclestage=; jm1pub_stage=,,,"W/""50731251"""
b3a6c7e3-b389-f111-ab10-000d3a9eacee,"Help God, I Am Lonely",DUPLICATE_RECORD,b3a6c7e3-b389-f111-ab10-000d3a9eacee,UNRESOLVED,PUBLISHING_OPERATING_CENTER_WAVE1_2026_09_01:W1-124,jm1_lifecyclestage=; jm1pub_stage=,,,"W/""50731253"""
b5a6c7e3-b389-f111-ab10-000d3a9eacee,"Help God, I Am Lost",DUPLICATE_RECORD,b5a6c7e3-b389-f111-ab10-000d3a9eacee,UNRESOLVED,PUBLISHING_OPERATING_CENTER_WAVE1_2026_09_01:W1-125,jm1_lifecyclestage=; jm1pub_stage=,,,"W/""50731254"""
bc7e1ee0-b389-f111-ab10-000d3a14673b,"Help God, I Am Sad",DUPLICATE_RECORD,bc7e1ee0-b389-f111-ab10-000d3a14673b,UNRESOLVED,PUBLISHING_OPERATING_CENTER_WAVE1_2026_09_01:W1-126,jm1_lifecyclestage=; jm1pub_stage=,,,"W/""50731255"""
73dea4e3-b389-f111-ab10-6045bdd69435,"Hop, Hop, Hop",DUPLICATE_RECORD,73dea4e3-b389-f111-ab10-6045bdd69435,UNRESOLVED,PUBLISHING_OPERATING_CENTER_WAVE1_2026_09_01:W1-127,jm1_lifecyclestage=; jm1pub_stage=,,,"W/""50731256"""
1c5c72e0-b389-f111-ab10-7c1e525b15c2,"Hop, Hop, Hop",DUPLICATE_RECORD,1c5c72e0-b389-f111-ab10-7c1e525b15c2,UNRESOLVED,PUBLISHING_OPERATING_CENTER_WAVE1_2026_09_01:W1-128,jm1_lifecyclestage=; jm1pub_stage=,,,"W/""50731257"""
564797d0-c27a-f111-ab0f-7c1e525b15c2,"Hop, Hop, Hop",DUPLICATE_RECORD,564797d0-c27a-f111-ab0f-7c1e525b15c2,UNRESOLVED,PUBLISHING_OPERATING_CENTER_WAVE1_2026_09_01:W1-129,jm1_lifecyclestage=; jm1pub_stage=100000013,,,"W/""50731259"""
c0ee73e4-b389-f111-ab10-6045bdd69678,Inner Peace Through Life's Storms,DUPLICATE_RECORD,c0ee73e4-b389-f111-ab10-6045bdd69678,UNRESOLVED,PUBLISHING_OPERATING_CENTER_WAVE1_2026_09_01:W1-130,jm1_lifecyclestage=; jm1pub_stage=,,,"W/""50731260"""
df0f6fd3-c27a-f111-ab0f-6045bdd69435,Inner Peace Through Life's Storms,DUPLICATE_RECORD,df0f6fd3-c27a-f111-ab0f-6045bdd69435,UNRESOLVED,PUBLISHING_OPERATING_CENTER_WAVE1_2026_09_01:W1-131,jm1_lifecyclestage=; jm1pub_stage=100000013,,,"W/""50731261"""
61a0a0e0-b389-f111-ab10-6045bdd69738,Inspirations from God,DUPLICATE_RECORD,61a0a0e0-b389-f111-ab10-6045bdd69738,UNRESOLVED,PUBLISHING_OPERATING_CENTER_WAVE1_2026_09_01:W1-132,jm1_lifecyclestage=; jm1pub_stage=,,,"W/""50731262"""
574797d0-c27a-f111-ab0f-7c1e525b15c2,Just What I Needed,DUPLICATE_RECORD,574797d0-c27a-f111-ab0f-7c1e525b15c2,UNRESOLVED,PUBLISHING_OPERATING_CENTER_WAVE1_2026_09_01:W1-133,jm1_lifecyclestage=; jm1pub_stage=100000013,,,"W/""50731263"""
665c72e0-b389-f111-ab10-7c1e525b15c2,Let Me Tell You about It,DUPLICATE_RECORD,665c72e0-b389-f111-ab10-7c1e525b15c2,UNRESOLVED,PUBLISHING_OPERATING_CENTER_WAVE1_2026_09_01:W1-134,jm1_lifecyclestage=; jm1pub_stage=,,,"W/""50731265"""
955c72e0-b389-f111-ab10-7c1e525b15c2,Loving the Addict,DUPLICATE_RECORD,955c72e0-b389-f111-ab10-7c1e525b15c2,UNRESOLVED,PUBLISHING_OPERATING_CENTER_WAVE1_2026_09_01:W1-135,jm1_lifecyclestage=; jm1pub_stage=,,,"W/""50731266"""
f9ee73e4-b389-f111-ab10-6045bdd69678,Melodies from Heaven,DUPLICATE_RECORD,f9ee73e4-b389-f111-ab10-6045bdd69678,UNRESOLVED,PUBLISHING_OPERATING_CENTER_WAVE1_2026_09_01:W1-136,jm1_lifecyclestage=; jm1pub_stage=,,,"W/""50731267"""
7edea4e3-b389-f111-ab10-6045bdd69435,Melodies From Heaven,DUPLICATE_RECORD,7edea4e3-b389-f111-ab10-6045bdd69435,UNRESOLVED,PUBLISHING_OPERATING_CENTER_WAVE1_2026_09_01:W1-137,jm1_lifecyclestage=; jm1pub_stage=,,,"W/""50731268"""
fdee73e4-b389-f111-ab10-6045bdd69678,More Than A Village,DUPLICATE_RECORD,fdee73e4-b389-f111-ab10-6045bdd69678,UNRESOLVED,PUBLISHING_OPERATING_CENTER_WAVE1_2026_09_01:W1-138,jm1_lifecyclestage=; jm1pub_stage=,,,"W/""50731269"""
83c2a2e6-b389-f111-ab10-6045bdd69738,Naughty Tales,DUPLICATE_RECORD,83c2a2e6-b389-f111-ab10-6045bdd69738,UNRESOLVED,PUBLISHING_OPERATING_CENTER_WAVE1_2026_09_01:W1-139,jm1_lifecyclestage=; jm1pub_stage=,,,"W/""50731270"""
a05f72d0-c27a-f111-ab0f-6045bdd69738,Naughty Tales,DUPLICATE_RECORD,a05f72d0-c27a-f111-ab0f-6045bdd69738,UNRESOLVED,PUBLISHING_OPERATING_CENTER_WAVE1_2026_09_01:W1-140,jm1_lifecyclestage=; jm1pub_stage=100000013,,,"W/""50731271"""
992156cd-c37a-f111-ab0f-00224820105b,Peaches Can Do It!,DUPLICATE_RECORD,992156cd-c37a-f111-ab0f-00224820105b,UNRESOLVED,PUBLISHING_OPERATING_CENTER_WAVE1_2026_09_01:W1-141,jm1_lifecyclestage=835500005; jm1pub_stage=100000013,,,"W/""50731272"""
f78be1e6-b389-f111-ab10-000d3a14673b,Pretty Wings,DUPLICATE_RECORD,f78be1e6-b389-f111-ab10-000d3a14673b,UNRESOLVED,PUBLISHING_OPERATING_CENTER_WAVE1_2026_09_01:W1-142,jm1_lifecyclestage=; jm1pub_stage=,,,"W/""50731273"""
52e06ae6-b389-f111-ab10-7c1e525b15c2,Pretty Wings,DUPLICATE_RECORD,52e06ae6-b389-f111-ab10-7c1e525b15c2,UNRESOLVED,PUBLISHING_OPERATING_CENTER_WAVE1_2026_09_01:W1-143,jm1_lifecyclestage=; jm1pub_stage=,,,"W/""50731274"""
c7a6c7e3-b389-f111-ab10-000d3a9eacee,Rhyming It up with Church Stuff,DUPLICATE_RECORD,c7a6c7e3-b389-f111-ab10-000d3a9eacee,UNRESOLVED,PUBLISHING_OPERATING_CENTER_WAVE1_2026_09_01:W1-144,jm1_lifecyclestage=; jm1pub_stage=,,,"W/""50731276"""
87c2a2e6-b389-f111-ab10-6045bdd69738,Rhyming It up with Church Stuff,DUPLICATE_RECORD,87c2a2e6-b389-f111-ab10-6045bdd69738,UNRESOLVED,PUBLISHING_OPERATING_CENTER_WAVE1_2026_09_01:W1-145,jm1_lifecyclestage=; jm1pub_stage=,,,"W/""50731277"""
d5f603d3-c27a-f111-ab0f-000d3a14673b,Rhyming It up with Church Stuff,DUPLICATE_RECORD,d5f603d3-c27a-f111-ab0f-000d3a14673b,UNRESOLVED,PUBLISHING_OPERATING_CENTER_WAVE1_2026_09_01:W1-146,jm1_lifecyclestage=; jm1pub_stage=100000013,,,"W/""50731278"""
a01a04cd-c27a-f111-ab0f-000d3a14673b,She,DUPLICATE_RECORD,a01a04cd-c27a-f111-ab0f-000d3a14673b,UNRESOLVED,PUBLISHING_OPERATING_CENTER_WAVE1_2026_09_01:W1-147,jm1_lifecyclestage=; jm1pub_stage=100000013,,,"W/""50731279"""
8a8fefe6-b389-f111-ab10-00224820105b,Speech Therapy Works!,DUPLICATE_RECORD,8a8fefe6-b389-f111-ab10-00224820105b,UNRESOLVED,PUBLISHING_OPERATING_CENTER_WAVE1_2026_09_01:W1-148,jm1_lifecyclestage=; jm1pub_stage=,,,"W/""50731280"""
cda6c7e3-b389-f111-ab10-000d3a9eacee,The Celestial Advantage,DUPLICATE_RECORD,cda6c7e3-b389-f111-ab10-000d3a9eacee,UNRESOLVED,PUBLISHING_OPERATING_CENTER_WAVE1_2026_09_01:W1-149,jm1_lifecyclestage=; jm1pub_stage=,,,"W/""50731281"""
fc8be1e6-b389-f111-ab10-000d3a14673b,The Conquest of Azenga,DUPLICATE_RECORD,fc8be1e6-b389-f111-ab10-000d3a14673b,UNRESOLVED,PUBLISHING_OPERATING_CENTER_WAVE1_2026_09_01:W1-150,jm1_lifecyclestage=; jm1pub_stage=,,,"W/""50731282"""
8bdea4e3-b389-f111-ab10-6045bdd69435,The Conquest of Azenga,DUPLICATE_RECORD,8bdea4e3-b389-f111-ab10-6045bdd69435,UNRESOLVED,PUBLISHING_OPERATING_CENTER_WAVE1_2026_09_01:W1-151,jm1_lifecyclestage=; jm1pub_stage=,,,"W/""50731283"""
8d8fefe6-b389-f111-ab10-00224820105b,The Doctrine of Last Things,DUPLICATE_RECORD,8d8fefe6-b389-f111-ab10-00224820105b,UNRESOLVED,PUBLISHING_OPERATING_CENTER_WAVE1_2026_09_01:W1-152,jm1_lifecyclestage=; jm1pub_stage=,,,"W/""50731285"""
1fef73e4-b389-f111-ab10-6045bdd69678,The Doctrine of Last Things,DUPLICATE_RECORD,1fef73e4-b389-f111-ab10-6045bdd69678,UNRESOLVED,PUBLISHING_OPERATING_CENTER_WAVE1_2026_09_01:W1-153,jm1_lifecyclestage=; jm1pub_stage=,,,"W/""50731286"""
f96286cf-c37a-f111-ab0f-000d3a14673b,The Doctrine of Last Things,DUPLICATE_RECORD,f96286cf-c37a-f111-ab0f-000d3a14673b,UNRESOLVED,PUBLISHING_OPERATING_CENTER_WAVE1_2026_09_01:W1-154,jm1_lifecyclestage=835500005; jm1pub_stage=100000013,,,"W/""50731287"""
b67835ca-c37a-f111-ab0f-6045bdd69678,"The Essence of Life, Love Letters to Christ",DUPLICATE_RECORD,b67835ca-c37a-f111-ab0f-6045bdd69678,UNRESOLVED,PUBLISHING_OPERATING_CENTER_WAVE1_2026_09_01:W1-155,jm1_lifecyclestage=835500005; jm1pub_stage=100000013,,,"W/""50731288"""
fd8be1e6-b389-f111-ab10-000d3a14673b,The Fight for the Promiseland,DUPLICATE_RECORD,fd8be1e6-b389-f111-ab10-000d3a14673b,UNRESOLVED,PUBLISHING_OPERATING_CENTER_WAVE1_2026_09_01:W1-156,jm1_lifecyclestage=; jm1pub_stage=,,,"W/""50731289"""
8cc2a2e6-b389-f111-ab10-6045bdd69738,The Flame,DUPLICATE_RECORD,8cc2a2e6-b389-f111-ab10-6045bdd69738,UNRESOLVED,PUBLISHING_OPERATING_CENTER_WAVE1_2026_09_01:W1-157,jm1_lifecyclestage=; jm1pub_stage=,,,"W/""50731290"""
968fefe6-b389-f111-ab10-00224820105b,The I Am in Me,DUPLICATE_RECORD,968fefe6-b389-f111-ab10-00224820105b,UNRESOLVED,PUBLISHING_OPERATING_CENTER_WAVE1_2026_09_01:W1-158,jm1_lifecyclestage=; jm1pub_stage=,,,"W/""50731291"""
e8c1cae9-b389-f111-ab10-6045bdd69435,The I Am in Me,DUPLICATE_RECORD,e8c1cae9-b389-f111-ab10-6045bdd69435,UNRESOLVED,PUBLISHING_OPERATING_CENTER_WAVE1_2026_09_01:W1-159,jm1_lifecyclestage=; jm1pub_stage=,,,"W/""50731292"""
0b6386cf-c37a-f111-ab0f-000d3a14673b,The I Am in Me,DUPLICATE_RECORD,0b6386cf-c37a-f111-ab0f-000d3a14673b,UNRESOLVED,PUBLISHING_OPERATING_CENTER_WAVE1_2026_09_01:W1-160,jm1_lifecyclestage=835500005; jm1pub_stage=100000013,,,"W/""50731294"""
e9c1cae9-b389-f111-ab10-6045bdd69435,The I Am in Me Part 2,DUPLICATE_RECORD,e9c1cae9-b389-f111-ab10-6045bdd69435,UNRESOLVED,PUBLISHING_OPERATING_CENTER_WAVE1_2026_09_01:W1-161,jm1_lifecyclestage=; jm1pub_stage=,,,"W/""50731295"""
8fc2a2e6-b389-f111-ab10-6045bdd69738,The I Am in Me Part 2,DUPLICATE_RECORD,8fc2a2e6-b389-f111-ab10-6045bdd69738,UNRESOLVED,PUBLISHING_OPERATING_CENTER_WAVE1_2026_09_01:W1-162,jm1_lifecyclestage=; jm1pub_stage=,,,"W/""50731296"""
3d37c9d0-c37a-f111-ab0f-6045bdd69678,The I Am in Me Part 2,DUPLICATE_RECORD,3d37c9d0-c37a-f111-ab0f-6045bdd69678,UNRESOLVED,PUBLISHING_OPERATING_CENTER_WAVE1_2026_09_01:W1-163,jm1_lifecyclestage=835500005; jm1pub_stage=100000013,,,"W/""50731297"""
0b2ac7e9-b389-f111-ab10-000d3a9eacee,The Journey,DUPLICATE_RECORD,0b2ac7e9-b389-f111-ab10-000d3a9eacee,UNRESOLVED,PUBLISHING_OPERATING_CENTER_WAVE1_2026_09_01:W1-164,jm1_lifecyclestage=; jm1pub_stage=,,,"W/""50731298"""
18e01ad3-c27a-f111-ab0f-6045bdd69678,The Little Girl with the Plow,DUPLICATE_RECORD,18e01ad3-c27a-f111-ab0f-6045bdd69678,UNRESOLVED,PUBLISHING_OPERATING_CENTER_WAVE1_2026_09_01:W1-165,jm1_lifecyclestage=; jm1pub_stage=100000013,,,"W/""50731299"""
978fefe6-b389-f111-ab10-00224820105b,The Little Girl with the Plow!,DUPLICATE_RECORD,978fefe6-b389-f111-ab10-00224820105b,UNRESOLVED,PUBLISHING_OPERATING_CENTER_WAVE1_2026_09_01:W1-166,jm1_lifecyclestage=; jm1pub_stage=,,,"W/""50731300"""
95e16ae6-b389-f111-ab10-7c1e525b15c2,The Little Girl with the Plow!,DUPLICATE_RECORD,95e16ae6-b389-f111-ab10-7c1e525b15c2,UNRESOLVED,PUBLISHING_OPERATING_CENTER_WAVE1_2026_09_01:W1-167,jm1_lifecyclestage=; jm1pub_stage=,,,"W/""50731301"""
a12556cd-c37a-f111-ab0f-00224820105b,The Little Girl with the Plow!,DUPLICATE_RECORD,a12556cd-c37a-f111-ab0f-00224820105b,UNRESOLVED,PUBLISHING_OPERATING_CENTER_WAVE1_2026_09_01:W1-168,jm1_lifecyclestage=835500005; jm1pub_stage=100000013,,,"W/""50731303"""
8f5f72d0-c27a-f111-ab0f-6045bdd69738,The Never Before Told Story of the Gelatin Monster,DUPLICATE_RECORD,8f5f72d0-c27a-f111-ab0f-6045bdd69738,UNRESOLVED,PUBLISHING_OPERATING_CENTER_WAVE1_2026_09_01:W1-169,jm1_lifecyclestage=; jm1pub_stage=100000013,,,"W/""50731304"""
06c2cae9-b389-f111-ab10-6045bdd69435,The Paper Champ,DUPLICATE_RECORD,06c2cae9-b389-f111-ab10-6045bdd69435,UNRESOLVED,PUBLISHING_OPERATING_CENTER_WAVE1_2026_09_01:W1-170,jm1_lifecyclestage=; jm1pub_stage=,,,"W/""50731305"""
3ee961cd-c37a-f111-ab0f-7c1e525b15c2,What Goes up Must Come down Let's Face It,DUPLICATE_RECORD,3ee961cd-c37a-f111-ab0f-7c1e525b15c2,UNRESOLVED,PUBLISHING_OPERATING_CENTER_WAVE1_2026_09_01:W1-171,jm1_lifecyclestage=835500005; jm1pub_stage=100000013,,,"W/""50731306"""
1b2ac7e9-b389-f111-ab10-000d3a9eacee,You're Still Not Crazy,DUPLICATE_RECORD,1b2ac7e9-b389-f111-ab10-000d3a9eacee,UNRESOLVED,PUBLISHING_OPERATING_CENTER_WAVE1_2026_09_01:W1-172,jm1_lifecyclestage=; jm1pub_stage=,,,"W/""50731308"""
b50f6fd3-c27a-f111-ab0f-6045bdd69435,"Your brain has too much what, mommy",DUPLICATE_RECORD,b50f6fd3-c27a-f111-ab0f-6045bdd69435,UNRESOLVED,PUBLISHING_OPERATING_CENTER_WAVE1_2026_09_01:W1-173,jm1_lifecyclestage=; jm1pub_stage=100000013,,,"W/""50731309"""
236386cf-c37a-f111-ab0f-000d3a14673b,"Your Brain Has Too Much What, Mommy??",DUPLICATE_RECORD,236386cf-c37a-f111-ab0f-000d3a14673b,UNRESOLVED,PUBLISHING_OPERATING_CENTER_WAVE1_2026_09_01:W1-174,jm1_lifecyclestage=835500005; jm1pub_stage=100000013,,,"W/""50731310"""
39515cd9-7a8a-f111-ab10-000d3a1a9efa,JM1 Duplicate Proof 20260727173641,CANONICAL_PUBLISHED_TITLE,39515cd9-7a8a-f111-ab10-000d3a1a9efa,contact:b4c10ec6-e189-f111-ab10-000d3a14673b,PUBLISHING_OPERATING_CENTER_WAVE1_2026_09_01:W1-175,jm1_lifecyclestage=; jm1pub_stage=100000006,,,"W/""50730812"""
81c81786-4889-f111-ab10-000d3a14673b,JM1 Preview Synthetic Artifact A,CANONICAL_PUBLISHED_TITLE,81c81786-4889-f111-ab10-000d3a14673b,UNRESOLVED,PUBLISHING_OPERATING_CENTER_WAVE1_2026_09_01:W1-176,jm1_lifecyclestage=; jm1pub_stage=100000006,,,"W/""50731311"""
8de10c93-4a89-f111-ab10-7c1e525b15c2,JM1 Preview Synthetic Artifact B,CANONICAL_PUBLISHED_TITLE,8de10c93-4a89-f111-ab10-7c1e525b15c2,UNRESOLVED,PUBLISHING_OPERATING_CENTER_WAVE1_2026_09_01:W1-177,jm1_lifecyclestage=; jm1pub_stage=100000006,,,"W/""50731312"""
17b02bdb-7a8a-f111-ab10-6045bdd69678,JM1 Synthetic Intake Final Proof 20260727170349,CANONICAL_PUBLISHED_TITLE,17b02bdb-7a8a-f111-ab10-6045bdd69678,contact:b6f4292d-dd89-f111-ab10-7c1e525b15c2,PUBLISHING_OPERATING_CENTER_WAVE1_2026_09_01:W1-178,jm1_lifecyclestage=; jm1pub_stage=100000006,,,"W/""50730816"""
14b02bdb-7a8a-f111-ab10-6045bdd69678,JM1 Synthetic Intake Final Proof 20260727172010,CANONICAL_PUBLISHED_TITLE,14b02bdb-7a8a-f111-ab10-6045bdd69678,contact:8bfe3c7e-df89-f111-ab10-000d3a9eacee,PUBLISHING_OPERATING_CENTER_WAVE1_2026_09_01:W1-179,jm1_lifecyclestage=; jm1pub_stage=100000006,,,"W/""50730817"""
f2af2bdb-7a8a-f111-ab10-6045bdd69678,JM1 Synthetic Intake Restored Proof 20260727173332,CANONICAL_PUBLISHED_TITLE,f2af2bdb-7a8a-f111-ab10-6045bdd69678,contact:17a34853-e189-f111-ab10-6045bdd69678,PUBLISHING_OPERATING_CENTER_WAVE1_2026_09_01:W1-180,jm1_lifecyclestage=; jm1pub_stage=100000006,,,"W/""50730818"""
7a8102e6-698b-f111-ab10-7c1e525b15c2,GATE-W1 App Service Staging DOCX Join 1785342161378,CANONICAL_PUBLISHED_TITLE,7a8102e6-698b-f111-ab10-7c1e525b15c2,contact:fb3174bb-698b-f111-ab10-7c1e525b15c2,PUBLISHING_OPERATING_CENTER_WAVE1_2026_09_01:W1-181,jm1_lifecyclestage=; jm1pub_stage=100000006,,,"W/""50730819"""
11590673-6a8b-f111-ab10-7c1e525b15c2,GATE-W1 App Service Staging Long DOCX Join 1785342346355,CANONICAL_PUBLISHED_TITLE,11590673-6a8b-f111-ab10-7c1e525b15c2,contact:aaf48125-6a8b-f111-ab10-00224820105b,PUBLISHING_OPERATING_CENTER_WAVE1_2026_09_01:W1-182,jm1_lifecyclestage=; jm1pub_stage=100000006,,,"W/""50730820"""
a31f2e58-698b-f111-ab0f-7ced8dce6fda,GATE-W1 App Service Staging Multipart Join 1785341972350,CANONICAL_PUBLISHED_TITLE,a31f2e58-698b-f111-ab0f-7ced8dce6fda,contact:0e117451-698b-f111-ab0f-7ced8dce6fda,PUBLISHING_OPERATING_CENTER_WAVE1_2026_09_01:W1-183,jm1_lifecyclestage=; jm1pub_stage=100000006,,,"W/""50730822"""
8bcc42c8-688b-f111-ab10-7c1e525b15c2,GATE-W1 App Service Staging Positive Join 1785341427544,CANONICAL_PUBLISHED_TITLE,8bcc42c8-688b-f111-ab10-7c1e525b15c2,contact:c9f0e789-688b-f111-ab0f-7ced8dce6fda,PUBLISHING_OPERATING_CENTER_WAVE1_2026_09_01:W1-184,jm1_lifecyclestage=; jm1pub_stage=100000006,,,"W/""50730823"""
7f9b991c-418b-f111-ab10-7c1e525b15c2,GATE-W1 Synthetic Certification Manuscript 20260729,CANONICAL_PUBLISHED_TITLE,7f9b991c-418b-f111-ab10-7c1e525b15c2,contact:8812feed-408b-f111-ab10-6045bdd69678,PUBLISHING_OPERATING_CENTER_WAVE1_2026_09_01:W1-185,jm1_lifecyclestage=; jm1pub_stage=100000006,,,"W/""50730824"""
48e831f0-418b-f111-ab10-000d3a1a9efa,GATE-W1 Synthetic Recommendation Manuscript 20260729,CANONICAL_PUBLISHED_TITLE,48e831f0-418b-f111-ab10-000d3a1a9efa,contact:8b2a87d4-418b-f111-ab10-000d3a1a9efa,PUBLISHING_OPERATING_CENTER_WAVE1_2026_09_01:W1-186,jm1_lifecyclestage=; jm1pub_stage=100000006,,,"W/""50730825"""
f79006b7-f595-f111-8076-00224820105b,'TIL DEATH DO US PART,CANONICAL_PUBLISHED_TITLE,f79006b7-f595-f111-8076-00224820105b,contact:d38aa56a-882a-f111-88b4-6045bdd69678; authorProfile:1f0188ca-71a5-f111-b8de-7c1e525b15c2,PUBLISHING_OPERATING_CENTER_WAVE1_2026_09_01:W1-187,jm1_lifecyclestage=; jm1pub_stage=100000006,,,"W/""50730826"""
ca68c994-fd89-f111-ab10-00224820105b,Untitled,CANONICAL_PUBLISHED_TITLE,ca68c994-fd89-f111-ab10-00224820105b,contact:46a4cc9c-778a-f111-ab10-7c1e525b15c2,PUBLISHING_OPERATING_CENTER_WAVE1_2026_09_01:W1-188,jm1_lifecyclestage=; jm1pub_stage=100000006,,,"W/""50730827"""
d8e69bd7-b389-f111-ab10-6045bdd69435,27 Days to Overcoming Depression,DUPLICATE_RECORD,d8e69bd7-b389-f111-ab10-6045bdd69435,UNRESOLVED,PUBLISHING_OPERATING_CENTER_WAVE1_2026_09_01:W1-189,jm1_lifecyclestage=; jm1pub_stage=,,,"W/""50731313"""
dee69bd7-b389-f111-ab10-6045bdd69435,365 Days Of Transparency,DUPLICATE_RECORD,dee69bd7-b389-f111-ab10-6045bdd69435,UNRESOLVED,PUBLISHING_OPERATING_CENTER_WAVE1_2026_09_01:W1-190,jm1_lifecyclestage=; jm1pub_stage=,,,"W/""50731314"""
4b9a11da-b389-f111-ab10-6045bdd69738,A Blended Family,DUPLICATE_RECORD,4b9a11da-b389-f111-ab10-6045bdd69738,UNRESOLVED,PUBLISHING_OPERATING_CENTER_WAVE1_2026_09_01:W1-191,jm1_lifecyclestage=; jm1pub_stage=,,,"W/""50731316"""
f47d1ada-b389-f111-ab10-7c1e525b15c2,A Blended Family,DUPLICATE_RECORD,f47d1ada-b389-f111-ab10-7c1e525b15c2,UNRESOLVED,PUBLISHING_OPERATING_CENTER_WAVE1_2026_09_01:W1-192,jm1_lifecyclestage=; jm1pub_stage=,,,"W/""50731317"""
9fe382d8-b389-f111-ab10-6045bdd69678,A Little Bit of Everything,DUPLICATE_RECORD,9fe382d8-b389-f111-ab10-6045bdd69678,UNRESOLVED,PUBLISHING_OPERATING_CENTER_WAVE1_2026_09_01:W1-193,jm1_lifecyclestage=; jm1pub_stage=,,,"W/""50731319"""
a3e382d8-b389-f111-ab10-6045bdd69678,A Little Bit of Everything,DUPLICATE_RECORD,a3e382d8-b389-f111-ab10-6045bdd69678,UNRESOLVED,PUBLISHING_OPERATING_CENTER_WAVE1_2026_09_01:W1-194,jm1_lifecyclestage=; jm1pub_stage=,,,"W/""50731320"""
abe382d8-b389-f111-ab10-6045bdd69678,A Principal's Tale,DUPLICATE_RECORD,abe382d8-b389-f111-ab10-6045bdd69678,UNRESOLVED,PUBLISHING_OPERATING_CENTER_WAVE1_2026_09_01:W1-195,jm1_lifecyclestage=; jm1pub_stage=,,,"W/""50731321"""
509a11da-b389-f111-ab10-6045bdd69738,According to Mark,DUPLICATE_RECORD,509a11da-b389-f111-ab10-6045bdd69738,UNRESOLVED,PUBLISHING_OPERATING_CENTER_WAVE1_2026_09_01:W1-196,jm1_lifecyclestage=; jm1pub_stage=,,,"W/""50731323"""
2754a0dd-b389-f111-ab10-6045bdd69435,According to Mark,DUPLICATE_RECORD,2754a0dd-b389-f111-ab10-6045bdd69435,UNRESOLVED,PUBLISHING_OPERATING_CENTER_WAVE1_2026_09_01:W1-197,jm1_lifecyclestage=; jm1pub_stage=,,,"W/""50731324"""
f87d1ada-b389-f111-ab10-7c1e525b15c2,According to Mark,DUPLICATE_RECORD,f87d1ada-b389-f111-ab10-7c1e525b15c2,UNRESOLVED,PUBLISHING_OPERATING_CENTER_WAVE1_2026_09_01:W1-198,jm1_lifecyclestage=; jm1pub_stage=,,,"W/""50731325"""
549a11da-b389-f111-ab10-6045bdd69738,Are You Sure That You Are Ready?,DUPLICATE_RECORD,549a11da-b389-f111-ab10-6045bdd69738,UNRESOLVED,PUBLISHING_OPERATING_CENTER_WAVE1_2026_09_01:W1-199,jm1_lifecyclestage=; jm1pub_stage=,,,"W/""50731326"""
a60402da-b389-f111-ab10-000d3a14673b,BEE Careful,DUPLICATE_RECORD,a60402da-b389-f111-ab10-000d3a14673b,UNRESOLVED,PUBLISHING_OPERATING_CENTER_WAVE1_2026_09_01:W1-200,jm1_lifecyclestage=; jm1pub_stage=,,,"W/""50731327"""
04dac7dd-b389-f111-ab10-000d3a9eacee,BEE Careful,DUPLICATE_RECORD,04dac7dd-b389-f111-ab10-000d3a9eacee,UNRESOLVED,PUBLISHING_OPERATING_CENTER_WAVE1_2026_09_01:W1-201,jm1_lifecyclestage=; jm1pub_stage=,,,"W/""50731328"""
06dac7dd-b389-f111-ab10-000d3a9eacee,BEE Careful,DUPLICATE_RECORD,06dac7dd-b389-f111-ab10-000d3a9eacee,UNRESOLVED,PUBLISHING_OPERATING_CENTER_WAVE1_2026_09_01:W1-202,jm1_lifecyclestage=; jm1pub_stage=,,,"W/""50731329"""
079c7bde-b389-f111-ab10-6045bdd69678,BEE Careful,DUPLICATE_RECORD,079c7bde-b389-f111-ab10-6045bdd69678,UNRESOLVED,PUBLISHING_OPERATING_CENTER_WAVE1_2026_09_01:W1-203,jm1_lifecyclestage=; jm1pub_stage=,,,"W/""50731330"""
559a11da-b389-f111-ab10-6045bdd69738,BEE Careful,DUPLICATE_RECORD,559a11da-b389-f111-ab10-6045bdd69738,UNRESOLVED,PUBLISHING_OPERATING_CENTER_WAVE1_2026_09_01:W1-204,jm1_lifecyclestage=; jm1pub_stage=,,,"W/""50731331"""
569a11da-b389-f111-ab10-6045bdd69738,Biblical Prescriptions For Life's Troubles,DUPLICATE_RECORD,569a11da-b389-f111-ab10-6045bdd69738,UNRESOLVED,PUBLISHING_OPERATING_CENTER_WAVE1_2026_09_01:W1-205,jm1_lifecyclestage=; jm1pub_stage=,,,"W/""50731332"""
07dac7dd-b389-f111-ab10-000d3a9eacee,Bodacious,DUPLICATE_RECORD,07dac7dd-b389-f111-ab10-000d3a9eacee,UNRESOLVED,PUBLISHING_OPERATING_CENTER_WAVE1_2026_09_01:W1-206,jm1_lifecyclestage=; jm1pub_stage=,,,"W/""50731333"""
943582da-b389-f111-ab10-00224820105b,Conquer Your Fears and Win,DUPLICATE_RECORD,943582da-b389-f111-ab10-00224820105b,UNRESOLVED,PUBLISHING_OPERATING_CENTER_WAVE1_2026_09_01:W1-207,jm1_lifecyclestage=; jm1pub_stage=,,,"W/""50731334"""
139c7bde-b389-f111-ab10-6045bdd69678,Conquer Your Fears and Win,DUPLICATE_RECORD,139c7bde-b389-f111-ab10-6045bdd69678,UNRESOLVED,PUBLISHING_OPERATING_CENTER_WAVE1_2026_09_01:W1-208,jm1_lifecyclestage=; jm1pub_stage=,,,"W/""50731335"""
af7e1ee0-b389-f111-ab10-000d3a14673b,Destined to Break the Curse,DUPLICATE_RECORD,af7e1ee0-b389-f111-ab10-000d3a14673b,UNRESOLVED,PUBLISHING_OPERATING_CENTER_WAVE1_2026_09_01:W1-209,jm1_lifecyclestage=; jm1pub_stage=,,,"W/""50731336"""
3654a0dd-b389-f111-ab10-6045bdd69435,Destined To Break The Curse Devotional,DUPLICATE_RECORD,3654a0dd-b389-f111-ab10-6045bdd69435,UNRESOLVED,PUBLISHING_OPERATING_CENTER_WAVE1_2026_09_01:W1-210,jm1_lifecyclestage=; jm1pub_stage=,,,"W/""50731337"""
b17e1ee0-b389-f111-ab10-000d3a14673b,Discipline and Direction,DUPLICATE_RECORD,b17e1ee0-b389-f111-ab10-000d3a14673b,UNRESOLVED,PUBLISHING_OPERATING_CENTER_WAVE1_2026_09_01:W1-211,jm1_lifecyclestage=; jm1pub_stage=,,,"W/""50731338"""
b27e1ee0-b389-f111-ab10-000d3a14673b,Divinely Inspired,DUPLICATE_RECORD,b27e1ee0-b389-f111-ab10-000d3a14673b,UNRESOLVED,PUBLISHING_OPERATING_CENTER_WAVE1_2026_09_01:W1-212,jm1_lifecyclestage=; jm1pub_stage=,,,"W/""50731339"""
15dac7dd-b389-f111-ab10-000d3a9eacee,Divinely Inspired,DUPLICATE_RECORD,15dac7dd-b389-f111-ab10-000d3a9eacee,UNRESOLVED,PUBLISHING_OPERATING_CENTER_WAVE1_2026_09_01:W1-213,jm1_lifecyclestage=; jm1pub_stage=,,,"W/""50731340"""
5154a0dd-b389-f111-ab10-6045bdd69435,"Focus, Trust, & Follow",DUPLICATE_RECORD,5154a0dd-b389-f111-ab10-6045bdd69435,UNRESOLVED,PUBLISHING_OPERATING_CENTER_WAVE1_2026_09_01:W1-214,jm1_lifecyclestage=; jm1pub_stage=,,,"W/""50731342"""
b67e1ee0-b389-f111-ab10-000d3a14673b,From Stylist to CEO,DUPLICATE_RECORD,b67e1ee0-b389-f111-ab10-000d3a14673b,UNRESOLVED,PUBLISHING_OPERATING_CENTER_WAVE1_2026_09_01:W1-215,jm1_lifecyclestage=; jm1pub_stage=,,,"W/""50731343"""
1d4097e0-b389-f111-ab10-00224820105b,From Stylist to CEO,DUPLICATE_RECORD,1d4097e0-b389-f111-ab10-00224820105b,UNRESOLVED,PUBLISHING_OPERATING_CENTER_WAVE1_2026_09_01:W1-216,jm1_lifecyclestage=; jm1pub_stage=,,,"W/""50731344"""
24e01ad3-c27a-f111-ab0f-6045bdd69678,From Stylist to CEO,DUPLICATE_RECORD,24e01ad3-c27a-f111-ab0f-6045bdd69678,UNRESOLVED,PUBLISHING_OPERATING_CENTER_WAVE1_2026_09_01:W1-217,jm1_lifecyclestage=; jm1pub_stage=100000013,,,"W/""50731345"""
57a0a0e0-b389-f111-ab10-6045bdd69738,God’s Business Plan,DUPLICATE_RECORD,57a0a0e0-b389-f111-ab10-6045bdd69738,UNRESOLVED,PUBLISHING_OPERATING_CENTER_WAVE1_2026_09_01:W1-218,jm1_lifecyclestage=; jm1pub_stage=,,,"W/""50731346"""
58a0a0e0-b389-f111-ab10-6045bdd69738,God’s Business Plan,DUPLICATE_RECORD,58a0a0e0-b389-f111-ab10-6045bdd69738,UNRESOLVED,PUBLISHING_OPERATING_CENTER_WAVE1_2026_09_01:W1-219,jm1_lifecyclestage=; jm1pub_stage=,,,"W/""50731347"""
6b54a0dd-b389-f111-ab10-6045bdd69435,God's Word for This World,DUPLICATE_RECORD,6b54a0dd-b389-f111-ab10-6045bdd69435,UNRESOLVED,PUBLISHING_OPERATING_CENTER_WAVE1_2026_09_01:W1-220,jm1_lifecyclestage=; jm1pub_stage=,,,"W/""50731349"""
cd5b72e0-b389-f111-ab10-7c1e525b15c2,God's Word For This World,DUPLICATE_RECORD,cd5b72e0-b389-f111-ab10-7c1e525b15c2,UNRESOLVED,PUBLISHING_OPERATING_CENTER_WAVE1_2026_09_01:W1-221,jm1_lifecyclestage=; jm1pub_stage=,,,"W/""50731350"""
294097e0-b389-f111-ab10-00224820105b,Grandmothers Educating Minds,DUPLICATE_RECORD,294097e0-b389-f111-ab10-00224820105b,UNRESOLVED,PUBLISHING_OPERATING_CENTER_WAVE1_2026_09_01:W1-222,jm1_lifecyclestage=; jm1pub_stage=,,,"W/""50731351"""
59a0a0e0-b389-f111-ab10-6045bdd69738,Grandmothers Educating Minds,DUPLICATE_RECORD,59a0a0e0-b389-f111-ab10-6045bdd69738,UNRESOLVED,PUBLISHING_OPERATING_CENTER_WAVE1_2026_09_01:W1-223,jm1_lifecyclestage=; jm1pub_stage=,,,"W/""50731352"""
9a8904ca-c27a-f111-ab0f-6045bdd69738,"Grandmothers Educating Minds, 2nd Edition",LEGACY_TITLE_RECORD,9a8904ca-c27a-f111-ab0f-6045bdd69738,UNRESOLVED,PUBLISHING_OPERATING_CENTER_WAVE1_2026_09_01:W1-224,jm1_lifecyclestage=; jm1pub_stage=100000013,,,"W/""50731353"""
bd7e1ee0-b389-f111-ab10-000d3a14673b,Hodge Podge of Life,DUPLICATE_RECORD,bd7e1ee0-b389-f111-ab10-000d3a14673b,UNRESOLVED,PUBLISHING_OPERATING_CENTER_WAVE1_2026_09_01:W1-225,jm1_lifecyclestage=; jm1pub_stage=,,,"W/""50731354"""
bf7e1ee0-b389-f111-ab10-000d3a14673b,I Am My Worst Enemy!,DUPLICATE_RECORD,bf7e1ee0-b389-f111-ab10-000d3a14673b,UNRESOLVED,PUBLISHING_OPERATING_CENTER_WAVE1_2026_09_01:W1-226,jm1_lifecyclestage=; jm1pub_stage=,,,"W/""50731355"""
c17e1ee0-b389-f111-ab10-000d3a14673b,Jalen Becomes a Big Brother,DUPLICATE_RECORD,c17e1ee0-b389-f111-ab10-000d3a14673b,UNRESOLVED,PUBLISHING_OPERATING_CENTER_WAVE1_2026_09_01:W1-227,jm1_lifecyclestage=; jm1pub_stage=,,,"W/""50731357"""
c4ee73e4-b389-f111-ab10-6045bdd69678,Jalen Becomes a Big Brother,DUPLICATE_RECORD,c4ee73e4-b389-f111-ab10-6045bdd69678,UNRESOLVED,PUBLISHING_OPERATING_CENTER_WAVE1_2026_09_01:W1-228,jm1_lifecyclestage=; jm1pub_stage=,,,"W/""50731358"""
b6a6c7e3-b389-f111-ab10-000d3a9eacee,Jewels by Lady J,DUPLICATE_RECORD,b6a6c7e3-b389-f111-ab10-000d3a9eacee,UNRESOLVED,PUBLISHING_OPERATING_CENTER_WAVE1_2026_09_01:W1-229,jm1_lifecyclestage=; jm1pub_stage=,,,"W/""50731359"""
79dea4e3-b389-f111-ab10-6045bdd69435,Jewels by Lady J,DUPLICATE_RECORD,79dea4e3-b389-f111-ab10-6045bdd69435,UNRESOLVED,PUBLISHING_OPERATING_CENTER_WAVE1_2026_09_01:W1-230,jm1_lifecyclestage=; jm1pub_stage=,,,"W/""50731360"""
c27e1ee0-b389-f111-ab10-000d3a14673b,Just What I Needed,DUPLICATE_RECORD,c27e1ee0-b389-f111-ab10-000d3a14673b,UNRESOLVED,PUBLISHING_OPERATING_CENTER_WAVE1_2026_09_01:W1-231,jm1_lifecyclestage=; jm1pub_stage=,,,"W/""50731361"""
454097e0-b389-f111-ab10-00224820105b,Just What I Needed,DUPLICATE_RECORD,454097e0-b389-f111-ab10-00224820105b,UNRESOLVED,PUBLISHING_OPERATING_CENTER_WAVE1_2026_09_01:W1-232,jm1_lifecyclestage=; jm1pub_stage=,,,"W/""50731362"""
7ddea4e3-b389-f111-ab10-6045bdd69435,Kingdom Equipment 101,DUPLICATE_RECORD,7ddea4e3-b389-f111-ab10-6045bdd69435,UNRESOLVED,PUBLISHING_OPERATING_CENTER_WAVE1_2026_09_01:W1-233,jm1_lifecyclestage=; jm1pub_stage=,,,"W/""50731364"""
ecee73e4-b389-f111-ab10-6045bdd69678,Lady Daphanny's Altar,DUPLICATE_RECORD,ecee73e4-b389-f111-ab10-6045bdd69678,UNRESOLVED,PUBLISHING_OPERATING_CENTER_WAVE1_2026_09_01:W1-234,jm1_lifecyclestage=; jm1pub_stage=,,,"W/""50731365"""
464097e0-b389-f111-ab10-00224820105b,Life After Detour,DUPLICATE_RECORD,464097e0-b389-f111-ab10-00224820105b,UNRESOLVED,PUBLISHING_OPERATING_CENTER_WAVE1_2026_09_01:W1-235,jm1_lifecyclestage=; jm1pub_stage=,,,"W/""50731367"""
62a0a0e0-b389-f111-ab10-6045bdd69738,Love Is An Action Word,DUPLICATE_RECORD,62a0a0e0-b389-f111-ab10-6045bdd69738,UNRESOLVED,PUBLISHING_OPERATING_CENTER_WAVE1_2026_09_01:W1-236,jm1_lifecyclestage=; jm1pub_stage=,,,"W/""50731368"""
845c72e0-b389-f111-ab10-7c1e525b15c2,Love Lucy,DUPLICATE_RECORD,845c72e0-b389-f111-ab10-7c1e525b15c2,UNRESOLVED,PUBLISHING_OPERATING_CENTER_WAVE1_2026_09_01:W1-237,jm1_lifecyclestage=; jm1pub_stage=,,,"W/""50731369"""
484097e0-b389-f111-ab10-00224820105b,Love of My Life,DUPLICATE_RECORD,484097e0-b389-f111-ab10-00224820105b,UNRESOLVED,PUBLISHING_OPERATING_CENTER_WAVE1_2026_09_01:W1-238,jm1_lifecyclestage=; jm1pub_stage=,,,"W/""50731371"""
474097e0-b389-f111-ab10-00224820105b,Love of My Life,DUPLICATE_RECORD,474097e0-b389-f111-ab10-00224820105b,UNRESOLVED,PUBLISHING_OPERATING_CENTER_WAVE1_2026_09_01:W1-239,jm1_lifecyclestage=; jm1pub_stage=,,,"W/""50731372"""
584797d0-c27a-f111-ab0f-7c1e525b15c2,Melodies from Heaven,DUPLICATE_RECORD,584797d0-c27a-f111-ab0f-7c1e525b15c2,UNRESOLVED,PUBLISHING_OPERATING_CENTER_WAVE1_2026_09_01:W1-240,jm1_lifecyclestage=; jm1pub_stage=100000013,,,"W/""50731373"""
bca6c7e3-b389-f111-ab10-000d3a9eacee,Memoir of a Black Christian Nationalist,DUPLICATE_RECORD,bca6c7e3-b389-f111-ab10-000d3a9eacee,UNRESOLVED,PUBLISHING_OPERATING_CENTER_WAVE1_2026_09_01:W1-241,jm1_lifecyclestage=; jm1pub_stage=,,,"W/""50731374"""
63a0a0e0-b389-f111-ab10-6045bdd69738,Memoir of a Black Christian Nationalist,DUPLICATE_RECORD,63a0a0e0-b389-f111-ab10-6045bdd69738,UNRESOLVED,PUBLISHING_OPERATING_CENTER_WAVE1_2026_09_01:W1-242,jm1_lifecyclestage=; jm1pub_stage=,,,"W/""50731375"""
7fc2a2e6-b389-f111-ab10-6045bdd69738,Memoir of a Black Christian Nationalist,DUPLICATE_RECORD,7fc2a2e6-b389-f111-ab10-6045bdd69738,UNRESOLVED,PUBLISHING_OPERATING_CENTER_WAVE1_2026_09_01:W1-243,jm1_lifecyclestage=; jm1pub_stage=,,,"W/""50731376"""
f48be1e6-b389-f111-ab10-000d3a14673b,Mirror of Refining Insight,DUPLICATE_RECORD,f48be1e6-b389-f111-ab10-000d3a14673b,UNRESOLVED,PUBLISHING_OPERATING_CENTER_WAVE1_2026_09_01:W1-244,jm1_lifecyclestage=; jm1pub_stage=,,,"W/""50731378"""
a9df6ae6-b389-f111-ab10-7c1e525b15c2,Mirror of Refining Insight,DUPLICATE_RECORD,a9df6ae6-b389-f111-ab10-7c1e525b15c2,UNRESOLVED,PUBLISHING_OPERATING_CENTER_WAVE1_2026_09_01:W1-245,jm1_lifecyclestage=; jm1pub_stage=,,,"W/""50731379"""
82c2a2e6-b389-f111-ab10-6045bdd69738,Music Ministry Unplugged,DUPLICATE_RECORD,82c2a2e6-b389-f111-ab10-6045bdd69738,UNRESOLVED,PUBLISHING_OPERATING_CENTER_WAVE1_2026_09_01:W1-246,jm1_lifecyclestage=; jm1pub_stage=,,,"W/""50731380"""
d6df6ae6-b389-f111-ab10-7c1e525b15c2,My ABC's,DUPLICATE_RECORD,d6df6ae6-b389-f111-ab10-7c1e525b15c2,UNRESOLVED,PUBLISHING_OPERATING_CENTER_WAVE1_2026_09_01:W1-247,jm1_lifecyclestage=; jm1pub_stage=,,,"W/""50731381"""
bfa6c7e3-b389-f111-ab10-000d3a9eacee,Never Give Up On Love,DUPLICATE_RECORD,bfa6c7e3-b389-f111-ab10-000d3a9eacee,UNRESOLVED,PUBLISHING_OPERATING_CENTER_WAVE1_2026_09_01:W1-248,jm1_lifecyclestage=; jm1pub_stage=,,,"W/""50731382"""
f58be1e6-b389-f111-ab10-000d3a14673b,Number 23 and Me,DUPLICATE_RECORD,f58be1e6-b389-f111-ab10-000d3a14673b,UNRESOLVED,PUBLISHING_OPERATING_CENTER_WAVE1_2026_09_01:W1-249,jm1_lifecyclestage=; jm1pub_stage=,,,"W/""50731383"""
0cef73e4-b389-f111-ab10-6045bdd69678,One Soul,DUPLICATE_RECORD,0cef73e4-b389-f111-ab10-6045bdd69678,UNRESOLVED,PUBLISHING_OPERATING_CENTER_WAVE1_2026_09_01:W1-250,jm1_lifecyclestage=; jm1pub_stage=,,,"W/""50731384"""
878fefe6-b389-f111-ab10-00224820105b,Ordinary People Searching for Greatness,DUPLICATE_RECORD,878fefe6-b389-f111-ab10-00224820105b,UNRESOLVED,PUBLISHING_OPERATING_CENTER_WAVE1_2026_09_01:W1-251,jm1_lifecyclestage=; jm1pub_stage=,,,"W/""50731385"""
83dea4e3-b389-f111-ab10-6045bdd69435,Ordinary People Searching for Greatness,DUPLICATE_RECORD,83dea4e3-b389-f111-ab10-6045bdd69435,UNRESOLVED,PUBLISHING_OPERATING_CENTER_WAVE1_2026_09_01:W1-252,jm1_lifecyclestage=; jm1pub_stage=,,,"W/""50731386"""
10ef73e4-b389-f111-ab10-6045bdd69678,Peaches Can Do It!,DUPLICATE_RECORD,10ef73e4-b389-f111-ab10-6045bdd69678,UNRESOLVED,PUBLISHING_OPERATING_CENTER_WAVE1_2026_09_01:W1-253,jm1_lifecyclestage=; jm1pub_stage=,,,"W/""50731388"""
f68be1e6-b389-f111-ab10-000d3a14673b,Pieces of Me All Over the Place,DUPLICATE_RECORD,f68be1e6-b389-f111-ab10-000d3a14673b,UNRESOLVED,PUBLISHING_OPERATING_CENTER_WAVE1_2026_09_01:W1-254,jm1_lifecyclestage=; jm1pub_stage=,,,"W/""50731389"""
f1084bcd-c27a-f111-ab0f-00224820105b,Pretty Wings,DUPLICATE_RECORD,f1084bcd-c27a-f111-ab0f-00224820105b,UNRESOLVED,PUBLISHING_OPERATING_CENTER_WAVE1_2026_09_01:W1-255,jm1_lifecyclestage=; jm1pub_stage=100000013,,,"W/""50731390"""
88c2a2e6-b389-f111-ab10-6045bdd69738,Seasons of Life,DUPLICATE_RECORD,88c2a2e6-b389-f111-ab10-6045bdd69738,UNRESOLVED,PUBLISHING_OPERATING_CENTER_WAVE1_2026_09_01:W1-256,jm1_lifecyclestage=; jm1pub_stage=,,,"W/""50731391"""
f88be1e6-b389-f111-ab10-000d3a14673b,She,DUPLICATE_RECORD,f88be1e6-b389-f111-ab10-000d3a14673b,UNRESOLVED,PUBLISHING_OPERATING_CENTER_WAVE1_2026_09_01:W1-257,jm1_lifecyclestage=; jm1pub_stage=,,,"W/""50731392"""
caa6c7e3-b389-f111-ab10-000d3a9eacee,SHE,DUPLICATE_RECORD,caa6c7e3-b389-f111-ab10-000d3a9eacee,UNRESOLVED,PUBLISHING_OPERATING_CENTER_WAVE1_2026_09_01:W1-258,jm1_lifecyclestage=; jm1pub_stage=,,,"W/""50731393"""
89dea4e3-b389-f111-ab10-6045bdd69435,Support Beyond the Cycle,DUPLICATE_RECORD,89dea4e3-b389-f111-ab10-6045bdd69435,UNRESOLVED,PUBLISHING_OPERATING_CENTER_WAVE1_2026_09_01:W1-259,jm1_lifecyclestage=; jm1pub_stage=,,,"W/""50731394"""
8b8fefe6-b389-f111-ab10-00224820105b,Taylor Made,DUPLICATE_RECORD,8b8fefe6-b389-f111-ab10-00224820105b,UNRESOLVED,PUBLISHING_OPERATING_CENTER_WAVE1_2026_09_01:W1-260,jm1_lifecyclestage=; jm1pub_stage=,,,"W/""50731395"""
8c8fefe6-b389-f111-ab10-00224820105b,Taylor Made,DUPLICATE_RECORD,8c8fefe6-b389-f111-ab10-00224820105b,UNRESOLVED,PUBLISHING_OPERATING_CENTER_WAVE1_2026_09_01:W1-261,jm1_lifecyclestage=; jm1pub_stage=,,,"W/""50731397"""
89c2a2e6-b389-f111-ab10-6045bdd69738,Taylor Made,DUPLICATE_RECORD,89c2a2e6-b389-f111-ab10-6045bdd69738,UNRESOLVED,PUBLISHING_OPERATING_CENTER_WAVE1_2026_09_01:W1-262,jm1_lifecyclestage=; jm1pub_stage=,,,"W/""50731398"""
c1f603d3-c27a-f111-ab0f-000d3a14673b,The ESSENCE of Life,LEGACY_TITLE_RECORD,c1f603d3-c27a-f111-ab0f-000d3a14673b,UNRESOLVED,PUBLISHING_OPERATING_CENTER_WAVE1_2026_09_01:W1-263,jm1_lifecyclestage=; jm1pub_stage=100000013,,,"W/""50731399"""
8edea4e3-b389-f111-ab10-6045bdd69435,"The Essence of Life, Love Letters to Christ",DUPLICATE_RECORD,8edea4e3-b389-f111-ab10-6045bdd69435,UNRESOLVED,PUBLISHING_OPERATING_CENTER_WAVE1_2026_09_01:W1-264,jm1_lifecyclestage=; jm1pub_stage=,,,"W/""50731400"""
23ef73e4-b389-f111-ab10-6045bdd69678,"The Essence of Life, Love Letters to Christ",DUPLICATE_RECORD,23ef73e4-b389-f111-ab10-6045bdd69678,UNRESOLVED,PUBLISHING_OPERATING_CENTER_WAVE1_2026_09_01:W1-265,jm1_lifecyclestage=; jm1pub_stage=,,,"W/""50731401"""
fe8be1e6-b389-f111-ab10-000d3a14673b,The Girl with the Ebony Locs and the Three Bears,DUPLICATE_RECORD,fe8be1e6-b389-f111-ab10-000d3a14673b,UNRESOLVED,PUBLISHING_OPERATING_CENTER_WAVE1_2026_09_01:W1-266,jm1_lifecyclestage=; jm1pub_stage=,,,"W/""50731402"""
038ce1e6-b389-f111-ab10-000d3a14673b,The Great Hair Restart,DUPLICATE_RECORD,038ce1e6-b389-f111-ab10-000d3a14673b,UNRESOLVED,PUBLISHING_OPERATING_CENTER_WAVE1_2026_09_01:W1-267,jm1_lifecyclestage=; jm1pub_stage=,,,"W/""50731403"""
dfc1cae9-b389-f111-ab10-6045bdd69435,The Great Hair Restart,DUPLICATE_RECORD,dfc1cae9-b389-f111-ab10-6045bdd69435,UNRESOLVED,PUBLISHING_OPERATING_CENTER_WAVE1_2026_09_01:W1-268,jm1_lifecyclestage=; jm1pub_stage=,,,"W/""50731405"""
e0c1cae9-b389-f111-ab10-6045bdd69435,The Great Hair Restart,DUPLICATE_RECORD,e0c1cae9-b389-f111-ab10-6045bdd69435,UNRESOLVED,PUBLISHING_OPERATING_CENTER_WAVE1_2026_09_01:W1-269,jm1_lifecyclestage=; jm1pub_stage=,,,"W/""50731406"""
8dc2a2e6-b389-f111-ab10-6045bdd69738,The Great Hair Restart,DUPLICATE_RECORD,8dc2a2e6-b389-f111-ab10-6045bdd69738,UNRESOLVED,PUBLISHING_OPERATING_CENTER_WAVE1_2026_09_01:W1-270,jm1_lifecyclestage=; jm1pub_stage=,,,"W/""50731407"""
28e16ae6-b389-f111-ab10-7c1e525b15c2,The Great Hair Restart,DUPLICATE_RECORD,28e16ae6-b389-f111-ab10-7c1e525b15c2,UNRESOLVED,PUBLISHING_OPERATING_CENTER_WAVE1_2026_09_01:W1-271,jm1_lifecyclestage=; jm1pub_stage=,,,"W/""50731408"""
098ce1e6-b389-f111-ab10-000d3a14673b,The Healed Me,DUPLICATE_RECORD,098ce1e6-b389-f111-ab10-000d3a14673b,UNRESOLVED,PUBLISHING_OPERATING_CENTER_WAVE1_2026_09_01:W1-272,jm1_lifecyclestage=; jm1pub_stage=,,,"W/""50731409"""
072ac7e9-b389-f111-ab10-000d3a9eacee,The Healed Me,DUPLICATE_RECORD,072ac7e9-b389-f111-ab10-000d3a9eacee,UNRESOLVED,PUBLISHING_OPERATING_CENTER_WAVE1_2026_09_01:W1-273,jm1_lifecyclestage=; jm1pub_stage=,,,"W/""50731410"""
176290ea-b389-f111-ab10-6045bdd69678,The Hood,DUPLICATE_RECORD,176290ea-b389-f111-ab10-6045bdd69678,UNRESOLVED,PUBLISHING_OPERATING_CENTER_WAVE1_2026_09_01:W1-274,jm1_lifecyclestage=; jm1pub_stage=,,,"W/""50731411"""
92c2a2e6-b389-f111-ab10-6045bdd69738,The Master's Piece,DUPLICATE_RECORD,92c2a2e6-b389-f111-ab10-6045bdd69738,UNRESOLVED,PUBLISHING_OPERATING_CENTER_WAVE1_2026_09_01:W1-275,jm1_lifecyclestage=; jm1pub_stage=,,,"W/""50731412"""
733cd77a-cc7a-f111-ab0f-6045bdd69678,The Master's Piece,DUPLICATE_RECORD,733cd77a-cc7a-f111-ab0f-6045bdd69678,UNRESOLVED,PUBLISHING_OPERATING_CENTER_WAVE1_2026_09_01:W1-276,jm1_lifecyclestage=; jm1pub_stage=100000013,,,"W/""50731413"""
bfe16ae6-b389-f111-ab10-7c1e525b15c2,The Messenger,DUPLICATE_RECORD,bfe16ae6-b389-f111-ab10-7c1e525b15c2,UNRESOLVED,PUBLISHING_OPERATING_CENTER_WAVE1_2026_09_01:W1-277,jm1_lifecyclestage=; jm1pub_stage=,,,"W/""50731414"""
0f8ce1e6-b389-f111-ab10-000d3a14673b,The Never Before Told Story of the Gelatin Monster,DUPLICATE_RECORD,0f8ce1e6-b389-f111-ab10-000d3a14673b,UNRESOLVED,PUBLISHING_OPERATING_CENTER_WAVE1_2026_09_01:W1-278,jm1_lifecyclestage=; jm1pub_stage=,,,"W/""50731416"""
276290ea-b389-f111-ab10-6045bdd69678,The Never Before Told Story of the Gelatin Monster,DUPLICATE_RECORD,276290ea-b389-f111-ab10-6045bdd69678,UNRESOLVED,PUBLISHING_OPERATING_CENTER_WAVE1_2026_09_01:W1-279,jm1_lifecyclestage=; jm1pub_stage=,,,"W/""50731417"""
9f8fefe6-b389-f111-ab10-00224820105b,The Princess and the Black-eyed Pea,DUPLICATE_RECORD,9f8fefe6-b389-f111-ab10-00224820105b,UNRESOLVED,PUBLISHING_OPERATING_CENTER_WAVE1_2026_09_01:W1-280,jm1_lifecyclestage=; jm1pub_stage=,,,"W/""50731418"""
16c2cae9-b389-f111-ab10-6045bdd69435,The Princess and the Black-eyed Pea,DUPLICATE_RECORD,16c2cae9-b389-f111-ab10-6045bdd69435,UNRESOLVED,PUBLISHING_OPERATING_CENTER_WAVE1_2026_09_01:W1-281,jm1_lifecyclestage=; jm1pub_stage=,,,"W/""50731419"""
118ce1e6-b389-f111-ab10-000d3a14673b,The Release of the Spirit,DUPLICATE_RECORD,118ce1e6-b389-f111-ab10-000d3a14673b,UNRESOLVED,PUBLISHING_OPERATING_CENTER_WAVE1_2026_09_01:W1-282,jm1_lifecyclestage=; jm1pub_stage=,,,"W/""50731420"""
426290ea-b389-f111-ab10-6045bdd69678,"The Sun, the Shadow, and the Silence",DUPLICATE_RECORD,426290ea-b389-f111-ab10-6045bdd69678,UNRESOLVED,PUBLISHING_OPERATING_CENTER_WAVE1_2026_09_01:W1-283,jm1_lifecyclestage=; jm1pub_stage=,,,"W/""50731421"""
22c2cae9-b389-f111-ab10-6045bdd69435,Uncomfortable Conversations with God,DUPLICATE_RECORD,22c2cae9-b389-f111-ab10-6045bdd69435,UNRESOLVED,PUBLISHING_OPERATING_CENTER_WAVE1_2026_09_01:W1-284,jm1_lifecyclestage=; jm1pub_stage=,,,"W/""50731422"""
172ac7e9-b389-f111-ab10-000d3a9eacee,Understanding the Misunderstood,DUPLICATE_RECORD,172ac7e9-b389-f111-ab10-000d3a9eacee,UNRESOLVED,PUBLISHING_OPERATING_CENTER_WAVE1_2026_09_01:W1-285,jm1_lifecyclestage=; jm1pub_stage=,,,"W/""50731424"""
128ce1e6-b389-f111-ab10-000d3a14673b,War Mother,DUPLICATE_RECORD,128ce1e6-b389-f111-ab10-000d3a14673b,UNRESOLVED,PUBLISHING_OPERATING_CENTER_WAVE1_2026_09_01:W1-286,jm1_lifecyclestage=; jm1pub_stage=,,,"W/""50731425"""
fec27b7a-cc7a-f111-ab0f-6045bdd69435,Warrior's Breed,DUPLICATE_RECORD,fec27b7a-cc7a-f111-ab0f-6045bdd69435,UNRESOLVED,PUBLISHING_OPERATING_CENTER_WAVE1_2026_09_01:W1-287,jm1_lifecyclestage=; jm1pub_stage=100000013,,,"W/""50731426"""
676290ea-b389-f111-ab10-6045bdd69678,Warriors and Angels,DUPLICATE_RECORD,676290ea-b389-f111-ab10-6045bdd69678,UNRESOLVED,PUBLISHING_OPERATING_CENTER_WAVE1_2026_09_01:W1-288,jm1_lifecyclestage=; jm1pub_stage=,,,"W/""50731427"""
192ac7e9-b389-f111-ab10-000d3a9eacee,What Goes up Must Come down Let's Face It,DUPLICATE_RECORD,192ac7e9-b389-f111-ab10-000d3a9eacee,UNRESOLVED,PUBLISHING_OPERATING_CENTER_WAVE1_2026_09_01:W1-289,jm1_lifecyclestage=; jm1pub_stage=,,,"W/""50731428"""
810464ec-b389-f111-ab10-7c1e525b15c2,What Goes Up Must Come Down Let's Face It,DUPLICATE_RECORD,810464ec-b389-f111-ab10-7c1e525b15c2,UNRESOLVED,PUBLISHING_OPERATING_CENTER_WAVE1_2026_09_01:W1-290,jm1_lifecyclestage=; jm1pub_stage=,,,"W/""50731429"""
6c6290ea-b389-f111-ab10-6045bdd69678,When a Thug Meets Jesus,DUPLICATE_RECORD,6c6290ea-b389-f111-ab10-6045bdd69678,UNRESOLVED,PUBLISHING_OPERATING_CENTER_WAVE1_2026_09_01:W1-291,jm1_lifecyclestage=; jm1pub_stage=,,,"W/""50731430"""
900464ec-b389-f111-ab10-7c1e525b15c2,When Zuri Came to Earth,DUPLICATE_RECORD,900464ec-b389-f111-ab10-7c1e525b15c2,UNRESOLVED,PUBLISHING_OPERATING_CENTER_WAVE1_2026_09_01:W1-292,jm1_lifecyclestage=; jm1pub_stage=,,,"W/""50731431"""
65137ed6-c27a-f111-ab0f-6045bdd69738,When Zuri Came to Earth,DUPLICATE_RECORD,65137ed6-c27a-f111-ab0f-6045bdd69738,UNRESOLVED,PUBLISHING_OPERATING_CENTER_WAVE1_2026_09_01:W1-293,jm1_lifecyclestage=; jm1pub_stage=100000013,,,"W/""50731432"""
9e8ffdd6-c27a-f111-ab0f-7c1e525b15c2,Why Faith Works for Some and Not for Others,DUPLICATE_RECORD,9e8ffdd6-c27a-f111-ab0f-7c1e525b15c2,UNRESOLVED,PUBLISHING_OPERATING_CENTER_WAVE1_2026_09_01:W1-294,jm1_lifecyclestage=; jm1pub_stage=100000013,,,"W/""50731434"""
e1b26aed-b389-f111-ab10-6045bdd69738,Why Faith Works For Some And Not For Others,DUPLICATE_RECORD,e1b26aed-b389-f111-ab10-6045bdd69738,UNRESOLVED,PUBLISHING_OPERATING_CENTER_WAVE1_2026_09_01:W1-295,jm1_lifecyclestage=; jm1pub_stage=,,,"W/""50731435"""
c8d3f1ec-b389-f111-ab10-00224820105b,Words of a Troubled Soul,DUPLICATE_RECORD,c8d3f1ec-b389-f111-ab10-00224820105b,UNRESOLVED,PUBLISHING_OPERATING_CENTER_WAVE1_2026_09_01:W1-296,jm1_lifecyclestage=; jm1pub_stage=,,,"W/""50731436"""
bc4188ed-b389-f111-ab10-000d3a14673b,Words of A Troubled Soul,DUPLICATE_RECORD,bc4188ed-b389-f111-ab10-000d3a14673b,UNRESOLVED,PUBLISHING_OPERATING_CENTER_WAVE1_2026_09_01:W1-297,jm1_lifecyclestage=; jm1pub_stage=,,,"W/""50731437"""
1c2ac7e9-b389-f111-ab10-000d3a9eacee,"Your brain has too much what, mommy??",DUPLICATE_RECORD,1c2ac7e9-b389-f111-ab10-000d3a9eacee,UNRESOLVED,PUBLISHING_OPERATING_CENTER_WAVE1_2026_09_01:W1-298,jm1_lifecyclestage=; jm1pub_stage=,,,"W/""50731439"""
cdd3f1ec-b389-f111-ab10-00224820105b,"Your Brain Has Too Much What, Mommy??",DUPLICATE_RECORD,cdd3f1ec-b389-f111-ab10-00224820105b,UNRESOLVED,PUBLISHING_OPERATING_CENTER_WAVE1_2026_09_01:W1-299,jm1_lifecyclestage=; jm1pub_stage=,,,"W/""50731440"""
2bc2cae9-b389-f111-ab10-6045bdd69435,Your Peace Is a Priority,DUPLICATE_RECORD,2bc2cae9-b389-f111-ab10-6045bdd69435,UNRESOLVED,PUBLISHING_OPERATING_CENTER_WAVE1_2026_09_01:W1-300,jm1_lifecyclestage=; jm1pub_stage=,,,"W/""50731442"""
fd577d2b-01a0-f111-b8dc-000d3a14673b,Indomitable,CANONICAL_CURRENT_TITLE,fd577d2b-01a0-f111-b8dc-000d3a14673b,UNRESOLVED,PUBLISHING_OPERATING_CENTER_WAVE1_2026_09_01:W1-301,jm1_lifecyclestage=835500001; jm1pub_stage=100000006,,,"W/""50731443"""
f1908dc9-5775-f111-ab0f-6045bdd69435,Establishing Glory: The Library,CANONICAL_PUBLISHED_TITLE,f1908dc9-5775-f111-ab0f-6045bdd69435,contact:d38aa56a-882a-f111-88b4-6045bdd69678; authorProfile:1f0188ca-71a5-f111-b8de-7c1e525b15c2,PUBLISHING_OPERATING_CENTER_WAVE1_2026_09_01:W1-302,jm1_lifecyclestage=; jm1pub_stage=100000006,,,"W/""50730957"""
b57e1ee0-b389-f111-ab10-000d3a14673b,For What It's Worth,DUPLICATE_RECORD,b57e1ee0-b389-f111-ab10-000d3a14673b,UNRESOLVED,PUBLISHING_OPERATING_CENTER_WAVE1_2026_09_01:W1-303,jm1_lifecyclestage=; jm1pub_stage=,,,"W/""50731445"""
1159fcc8-c37a-f111-ab0f-000d3a14673b,Memoir of a Black Christian Nationalist: Seeds of Liberation (Unabridged),LEGACY_TITLE_RECORD,1159fcc8-c37a-f111-ab0f-000d3a14673b,UNRESOLVED,PUBLISHING_OPERATING_CENTER_WAVE1_2026_09_01:W1-304,jm1_lifecyclestage=835500005; jm1pub_stage=100000013,,,"W/""50731447"""
d6f603d3-c27a-f111-ab0f-000d3a14673b,The Flame,DUPLICATE_RECORD,d6f603d3-c27a-f111-ab0f-000d3a14673b,UNRESOLVED,PUBLISHING_OPERATING_CENTER_WAVE1_2026_09_01:W1-305,jm1_lifecyclestage=; jm1pub_stage=100000013,,,"W/""50731448"""
0e8ce1e6-b389-f111-ab10-000d3a14673b,The Messenger 2,DUPLICATE_RECORD,0e8ce1e6-b389-f111-ab10-000d3a14673b,UNRESOLVED,PUBLISHING_OPERATING_CENTER_WAVE1_2026_09_01:W1-306,jm1_lifecyclestage=; jm1pub_stage=,,,"W/""50731449"""
91c5e1ef-2980-f111-ab0f-7c1e525b15c2,Before You Were Born,CANONICAL_PUBLISHED_TITLE,91c5e1ef-2980-f111-ab0f-7c1e525b15c2,contact:dfb397e7-3b7c-f111-ab0f-6045bdd69435,PUBLISHING_OPERATING_CENTER_WAVE1_2026_09_01:W1-307,jm1_lifecyclestage=; jm1pub_stage=100000006,,,"W/""50730966"""
daf8180f-85a3-f111-b8de-000d3a14673b,WHOLENESS - BECOMING,CANONICAL_PUBLISHED_TITLE,daf8180f-85a3-f111-b8de-000d3a14673b,contact:106a78d0-fb9a-f111-b8dc-6045bdd69738,PUBLISHING_OPERATING_CENTER_WAVE1_2026_09_01:W1-308,jm1_lifecyclestage=; jm1pub_stage=100000006,,,"W/""50730967"""
fad1c5d7-b389-f111-ab10-000d3a9eacee,100 Wisdom Lessons for Life and Living,DUPLICATE_RECORD,fad1c5d7-b389-f111-ab10-000d3a9eacee,UNRESOLVED,PUBLISHING_OPERATING_CENTER_WAVE1_2026_09_01:W1-309,jm1_lifecyclestage=; jm1pub_stage=,,,"W/""50731451"""
d0f603d3-c27a-f111-ab0f-000d3a14673b,27 Days to Overcoming Depression,DUPLICATE_RECORD,d0f603d3-c27a-f111-ab0f-000d3a14673b,UNRESOLVED,PUBLISHING_OPERATING_CENTER_WAVE1_2026_09_01:W1-310,jm1_lifecyclestage=; jm1pub_stage=100000013,,,"W/""50731453"""
69b21fc6-c27a-f111-ab0f-000d3a14673b,365 Days of Transparency,DUPLICATE_RECORD,69b21fc6-c27a-f111-ab0f-000d3a14673b,UNRESOLVED,PUBLISHING_OPERATING_CENTER_WAVE1_2026_09_01:W1-311,jm1_lifecyclestage=; jm1pub_stage=100000013,,,"W/""50731454"""
3e09d7cb-c27a-f111-ab0f-6045bdd69678,7 Step Jumpstart to Becoming Your Best Self,DUPLICATE_RECORD,3e09d7cb-c27a-f111-ab0f-6045bdd69678,UNRESOLVED,PUBLISHING_OPERATING_CENTER_WAVE1_2026_09_01:W1-312,jm1_lifecyclestage=; jm1pub_stage=100000013,,,"W/""50731455"""
6f8904ca-c27a-f111-ab0f-6045bdd69738,A Blended Family,DUPLICATE_RECORD,6f8904ca-c27a-f111-ab0f-6045bdd69738,UNRESOLVED,PUBLISHING_OPERATING_CENTER_WAVE1_2026_09_01:W1-313,jm1_lifecyclestage=; jm1pub_stage=100000013,,,"W/""50731457"""
c74b00d4-c27a-f111-ab0f-00224820105b,A Portrait of Paradise,DUPLICATE_RECORD,c74b00d4-c27a-f111-ab0f-00224820105b,UNRESOLVED,PUBLISHING_OPERATING_CENTER_WAVE1_2026_09_01:W1-314,jm1_lifecyclestage=835500005; jm1pub_stage=100000013,,,"W/""50731458"""
841a04cd-c27a-f111-ab0f-000d3a14673b,A Principal's Tale,DUPLICATE_RECORD,841a04cd-c27a-f111-ab0f-000d3a14673b,UNRESOLVED,PUBLISHING_OPERATING_CENTER_WAVE1_2026_09_01:W1-315,jm1_lifecyclestage=; jm1pub_stage=100000013,,,"W/""50731459"""
614797d0-c27a-f111-ab0f-7c1e525b15c2,Abortion!,DUPLICATE_RECORD,614797d0-c27a-f111-ab0f-7c1e525b15c2,UNRESOLVED,PUBLISHING_OPERATING_CENTER_WAVE1_2026_09_01:W1-316,jm1_lifecyclestage=; jm1pub_stage=100000013,,,"W/""50731460"""
7a064bcd-c27a-f111-ab0f-00224820105b,Aligned!,DUPLICATE_RECORD,7a064bcd-c27a-f111-ab0f-00224820105b,UNRESOLVED,PUBLISHING_OPERATING_CENTER_WAVE1_2026_09_01:W1-317,jm1_lifecyclestage=; jm1pub_stage=100000013,,,"W/""50731461"""
7b064bcd-c27a-f111-ab0f-00224820105b,Almost Happy,DUPLICATE_RECORD,7b064bcd-c27a-f111-ab0f-00224820105b,UNRESOLVED,PUBLISHING_OPERATING_CENTER_WAVE1_2026_09_01:W1-318,jm1_lifecyclestage=; jm1pub_stage=100000013,,,"W/""50731462"""
4009d7cb-c27a-f111-ab0f-6045bdd69678,Are You Sure That You Are Ready?,DUPLICATE_RECORD,4009d7cb-c27a-f111-ab0f-6045bdd69678,UNRESOLVED,PUBLISHING_OPERATING_CENTER_WAVE1_2026_09_01:W1-319,jm1_lifecyclestage=; jm1pub_stage=100000013,,,"W/""50731463"""
9b4b00d4-c27a-f111-ab0f-00224820105b,Because the Lord Is My Shepherd,DUPLICATE_RECORD,9b4b00d4-c27a-f111-ab0f-00224820105b,UNRESOLVED,PUBLISHING_OPERATING_CENTER_WAVE1_2026_09_01:W1-320,jm1_lifecyclestage=; jm1pub_stage=100000013,,,"W/""50731464"""
998797ca-c27a-f111-ab0f-7c1e525b15c2,BEE Careful,DUPLICATE_RECORD,998797ca-c27a-f111-ab0f-7c1e525b15c2,UNRESOLVED,PUBLISHING_OPERATING_CENTER_WAVE1_2026_09_01:W1-321,jm1_lifecyclestage=; jm1pub_stage=100000013,,,"W/""50731465"""
928904ca-c27a-f111-ab0f-6045bdd69738,Biblical Prescriptions for Life's Troubles,DUPLICATE_RECORD,928904ca-c27a-f111-ab0f-6045bdd69738,UNRESOLVED,PUBLISHING_OPERATING_CENTER_WAVE1_2026_09_01:W1-322,jm1_lifecyclestage=; jm1pub_stage=100000013,,,"W/""50731466"""
901a04cd-c27a-f111-ab0f-000d3a14673b,Bodacious,DUPLICATE_RECORD,901a04cd-c27a-f111-ab0f-000d3a14673b,UNRESOLVED,PUBLISHING_OPERATING_CENTER_WAVE1_2026_09_01:W1-323,jm1_lifecyclestage=; jm1pub_stage=100000013,,,"W/""50731467"""
911a04cd-c27a-f111-ab0f-000d3a14673b,Connected!,DUPLICATE_RECORD,911a04cd-c27a-f111-ab0f-000d3a14673b,UNRESOLVED,PUBLISHING_OPERATING_CENTER_WAVE1_2026_09_01:W1-324,jm1_lifecyclestage=; jm1pub_stage=100000013,,,"W/""50731468"""
9a8797ca-c27a-f111-ab0f-7c1e525b15c2,Conquer Your Fears and Win,DUPLICATE_RECORD,9a8797ca-c27a-f111-ab0f-7c1e525b15c2,UNRESOLVED,PUBLISHING_OPERATING_CENTER_WAVE1_2026_09_01:W1-325,jm1_lifecyclestage=; jm1pub_stage=100000013,,,"W/""50731469"""
33106fd3-c27a-f111-ab0f-6045bdd69435,Damaged,DUPLICATE_RECORD,33106fd3-c27a-f111-ab0f-6045bdd69435,UNRESOLVED,PUBLISHING_OPERATING_CENTER_WAVE1_2026_09_01:W1-326,jm1_lifecyclestage=; jm1pub_stage=100000013,,,"W/""50731470"""
c70f6fd3-c27a-f111-ab0f-6045bdd69435,Delicious Ideas!,DUPLICATE_RECORD,c70f6fd3-c27a-f111-ab0f-6045bdd69435,UNRESOLVED,PUBLISHING_OPERATING_CENTER_WAVE1_2026_09_01:W1-327,jm1_lifecyclestage=; jm1pub_stage=100000013,,,"W/""50731471"""
9c4b00d4-c27a-f111-ab0f-00224820105b,Destined to Break the Curse,DUPLICATE_RECORD,9c4b00d4-c27a-f111-ab0f-00224820105b,UNRESOLVED,PUBLISHING_OPERATING_CENTER_WAVE1_2026_09_01:W1-328,jm1_lifecyclestage=; jm1pub_stage=100000013,,,"W/""50731472"""
9b8797ca-c27a-f111-ab0f-7c1e525b15c2,Destined to Break the Curse Devotional,DUPLICATE_RECORD,9b8797ca-c27a-f111-ab0f-7c1e525b15c2,UNRESOLVED,PUBLISHING_OPERATING_CENTER_WAVE1_2026_09_01:W1-329,jm1_lifecyclestage=; jm1pub_stage=100000013,,,"W/""50731473"""
80064bcd-c27a-f111-ab0f-00224820105b,Discipline and Direction,DUPLICATE_RECORD,80064bcd-c27a-f111-ab0f-00224820105b,UNRESOLVED,PUBLISHING_OPERATING_CENTER_WAVE1_2026_09_01:W1-330,jm1_lifecyclestage=; jm1pub_stage=100000013,,,"W/""50731474"""
cc4b00d4-c27a-f111-ab0f-00224820105b,Divinely Inspired,DUPLICATE_RECORD,cc4b00d4-c27a-f111-ab0f-00224820105b,UNRESOLVED,PUBLISHING_OPERATING_CENTER_WAVE1_2026_09_01:W1-331,jm1_lifecyclestage=; jm1pub_stage=100000013,,,"W/""50731476"""
9d8797ca-c27a-f111-ab0f-7c1e525b15c2,Establishing Glory: The Praise and Worship Handbook (2nd Edition),LEGACY_TITLE_RECORD,9d8797ca-c27a-f111-ab0f-7c1e525b15c2,UNRESOLVED,PUBLISHING_OPERATING_CENTER_WAVE1_2026_09_01:W1-332,jm1_lifecyclestage=; jm1pub_stage=100000013,,,"W/""50731477"""
921a04cd-c27a-f111-ab0f-000d3a14673b,"Focus, Trust, & Follow",DUPLICATE_RECORD,921a04cd-c27a-f111-ab0f-000d3a14673b,UNRESOLVED,PUBLISHING_OPERATING_CENTER_WAVE1_2026_09_01:W1-333,jm1_lifecyclestage=; jm1pub_stage=100000013,,,"W/""50731478"""
958904ca-c27a-f111-ab0f-6045bdd69738,For What It's Worth,DUPLICATE_RECORD,958904ca-c27a-f111-ab0f-6045bdd69738,UNRESOLVED,PUBLISHING_OPERATING_CENTER_WAVE1_2026_09_01:W1-334,jm1_lifecyclestage=; jm1pub_stage=100000013,,,"W/""50731479"""
6109d7cb-c27a-f111-ab0f-6045bdd69678,Getting Back 2 Happy,DUPLICATE_RECORD,6109d7cb-c27a-f111-ab0f-6045bdd69678,UNRESOLVED,PUBLISHING_OPERATING_CENTER_WAVE1_2026_09_01:W1-335,jm1_lifecyclestage=; jm1pub_stage=100000013,,,"W/""50731480"""
b34b00d4-c27a-f111-ab0f-00224820105b,"Girl, Did You Know... ?",DUPLICATE_RECORD,b34b00d4-c27a-f111-ab0f-00224820105b,UNRESOLVED,PUBLISHING_OPERATING_CENTER_WAVE1_2026_09_01:W1-336,jm1_lifecyclestage=; jm1pub_stage=100000012,,,"W/""50731482"""
25e01ad3-c27a-f111-ab0f-6045bdd69678,"Girl, You're Not Crazy. You're Dealing with a Narcissist",DUPLICATE_RECORD,25e01ad3-c27a-f111-ab0f-6045bdd69678,contact:4a56c9ff-4389-f111-ab10-6045bdd69678,PUBLISHING_OPERATING_CENTER_WAVE1_2026_09_01:W1-337,jm1_lifecyclestage=; jm1pub_stage=100000013,,,"W/""50730998"""
82064bcd-c27a-f111-ab0f-00224820105b,God's Business Plan,DUPLICATE_RECORD,82064bcd-c27a-f111-ab0f-00224820105b,UNRESOLVED,PUBLISHING_OPERATING_CENTER_WAVE1_2026_09_01:W1-338,jm1_lifecyclestage=; jm1pub_stage=100000013,,,"W/""50731483"""
1c3274cd-c27a-f111-ab0f-6045bdd69435,God's Nudge,DUPLICATE_RECORD,1c3274cd-c27a-f111-ab0f-6045bdd69435,UNRESOLVED,PUBLISHING_OPERATING_CENTER_WAVE1_2026_09_01:W1-339,jm1_lifecyclestage=835500005; jm1pub_stage=100000013,,,"W/""50731484"""
624797d0-c27a-f111-ab0f-7c1e525b15c2,Have You Considered My Servant?,DUPLICATE_RECORD,624797d0-c27a-f111-ab0f-7c1e525b15c2,UNRESOLVED,PUBLISHING_OPERATING_CENTER_WAVE1_2026_09_01:W1-340,jm1_lifecyclestage=; jm1pub_stage=100000013,,,"W/""50731486"""
7b5f72d0-c27a-f111-ab0f-6045bdd69738,"Help God, I Am - the Collection",DUPLICATE_RECORD,7b5f72d0-c27a-f111-ab0f-6045bdd69738,UNRESOLVED,PUBLISHING_OPERATING_CENTER_WAVE1_2026_09_01:W1-341,jm1_lifecyclestage=; jm1pub_stage=100000013,,,"W/""50731487"""
293274cd-c27a-f111-ab0f-6045bdd69435,"Help God, I Am Afraid",DUPLICATE_RECORD,293274cd-c27a-f111-ab0f-6045bdd69435,UNRESOLVED,PUBLISHING_OPERATING_CENTER_WAVE1_2026_09_01:W1-342,jm1_lifecyclestage=; jm1pub_stage=100000013,,,"W/""50731488"""
6309d7cb-c27a-f111-ab0f-6045bdd69678,"Help God, I Am Angry",DUPLICATE_RECORD,6309d7cb-c27a-f111-ab0f-6045bdd69678,UNRESOLVED,PUBLISHING_OPERATING_CENTER_WAVE1_2026_09_01:W1-343,jm1_lifecyclestage=; jm1pub_stage=100000013,,,"W/""50731489"""
99064bcd-c27a-f111-ab0f-00224820105b,"Help God, I Am Confused",DUPLICATE_RECORD,99064bcd-c27a-f111-ab0f-00224820105b,UNRESOLVED,PUBLISHING_OPERATING_CENTER_WAVE1_2026_09_01:W1-344,jm1_lifecyclestage=; jm1pub_stage=100000013,,,"W/""50731490"""
343274cd-c27a-f111-ab0f-6045bdd69435,"Help God, I Am Hurt",DUPLICATE_RECORD,343274cd-c27a-f111-ab0f-6045bdd69435,UNRESOLVED,PUBLISHING_OPERATING_CENTER_WAVE1_2026_09_01:W1-345,jm1_lifecyclestage=; jm1pub_stage=100000013,,,"W/""50731491"""
6409d7cb-c27a-f111-ab0f-6045bdd69678,"Help God, I Am Lonely",DUPLICATE_RECORD,6409d7cb-c27a-f111-ab0f-6045bdd69678,UNRESOLVED,PUBLISHING_OPERATING_CENTER_WAVE1_2026_09_01:W1-346,jm1_lifecyclestage=; jm1pub_stage=100000013,,,"W/""50731492"""
9e8797ca-c27a-f111-ab0f-7c1e525b15c2,"Help God, I Am Lost",DUPLICATE_RECORD,9e8797ca-c27a-f111-ab0f-7c1e525b15c2,UNRESOLVED,PUBLISHING_OPERATING_CENTER_WAVE1_2026_09_01:W1-347,jm1_lifecyclestage=; jm1pub_stage=100000013,,,"W/""50731493"""
6509d7cb-c27a-f111-ab0f-6045bdd69678,"Help God, I Am Sad",DUPLICATE_RECORD,6509d7cb-c27a-f111-ab0f-6045bdd69678,UNRESOLVED,PUBLISHING_OPERATING_CENTER_WAVE1_2026_09_01:W1-348,jm1_lifecyclestage=; jm1pub_stage=100000013,,,"W/""50731495"""
554797d0-c27a-f111-ab0f-7c1e525b15c2,Hodge Podge of Life,DUPLICATE_RECORD,554797d0-c27a-f111-ab0f-7c1e525b15c2,UNRESOLVED,PUBLISHING_OPERATING_CENTER_WAVE1_2026_09_01:W1-349,jm1_lifecyclestage=; jm1pub_stage=100000013,,,"W/""50731496"""
563274cd-c27a-f111-ab0f-6045bdd69435,I Am My Worst Enemy!,DUPLICATE_RECORD,563274cd-c27a-f111-ab0f-6045bdd69435,UNRESOLVED,PUBLISHING_OPERATING_CENTER_WAVE1_2026_09_01:W1-350,jm1_lifecyclestage=; jm1pub_stage=100000013,,,"W/""50731497"""
971a04cd-c27a-f111-ab0f-000d3a14673b,Inspirations from God,DUPLICATE_RECORD,971a04cd-c27a-f111-ab0f-000d3a14673b,UNRESOLVED,PUBLISHING_OPERATING_CENTER_WAVE1_2026_09_01:W1-351,jm1_lifecyclestage=; jm1pub_stage=100000013,,,"W/""50731498"""
26e01ad3-c27a-f111-ab0f-6045bdd69678,Jalen Becomes a Big Brother,DUPLICATE_RECORD,26e01ad3-c27a-f111-ab0f-6045bdd69678,UNRESOLVED,PUBLISHING_OPERATING_CENTER_WAVE1_2026_09_01:W1-352,jm1_lifecyclestage=; jm1pub_stage=100000013,,,"W/""50731499"""
a5084bcd-c27a-f111-ab0f-00224820105b,Jewels by Lady J,DUPLICATE_RECORD,a5084bcd-c27a-f111-ab0f-00224820105b,UNRESOLVED,PUBLISHING_OPERATING_CENTER_WAVE1_2026_09_01:W1-353,jm1_lifecyclestage=; jm1pub_stage=100000013,,,"W/""50731500"""
aa084bcd-c27a-f111-ab0f-00224820105b,Kingdom Equipment 101,DUPLICATE_RECORD,aa084bcd-c27a-f111-ab0f-00224820105b,UNRESOLVED,PUBLISHING_OPERATING_CENTER_WAVE1_2026_09_01:W1-354,jm1_lifecyclestage=; jm1pub_stage=100000013,,,"W/""50731501"""
ab084bcd-c27a-f111-ab0f-00224820105b,Lady Daphanny's Altar,DUPLICATE_RECORD,ab084bcd-c27a-f111-ab0f-00224820105b,UNRESOLVED,PUBLISHING_OPERATING_CENTER_WAVE1_2026_09_01:W1-355,jm1_lifecyclestage=; jm1pub_stage=100000013,,,"W/""50731503"""
6909d7cb-c27a-f111-ab0f-6045bdd69678,Let Me Tell You About It,DUPLICATE_RECORD,6909d7cb-c27a-f111-ab0f-6045bdd69678,UNRESOLVED,PUBLISHING_OPERATING_CENTER_WAVE1_2026_09_01:W1-356,jm1_lifecyclestage=; jm1pub_stage=100000013,,,"W/""50731504"""
b3084bcd-c27a-f111-ab0f-00224820105b,Life after Detour,DUPLICATE_RECORD,b3084bcd-c27a-f111-ab0f-00224820105b,UNRESOLVED,PUBLISHING_OPERATING_CENTER_WAVE1_2026_09_01:W1-357,jm1_lifecyclestage=; jm1pub_stage=100000013,,,"W/""50731506"""
835f72d0-c27a-f111-ab0f-6045bdd69738,Love Is an Action Word,DUPLICATE_RECORD,835f72d0-c27a-f111-ab0f-6045bdd69738,UNRESOLVED,PUBLISHING_OPERATING_CENTER_WAVE1_2026_09_01:W1-358,jm1_lifecyclestage=; jm1pub_stage=100000013,,,"W/""50731507"""
991a04cd-c27a-f111-ab0f-000d3a14673b,Love Lucy,DUPLICATE_RECORD,991a04cd-c27a-f111-ab0f-000d3a14673b,UNRESOLVED,PUBLISHING_OPERATING_CENTER_WAVE1_2026_09_01:W1-359,jm1_lifecyclestage=; jm1pub_stage=100000013,,,"W/""50731508"""
9a1a04cd-c27a-f111-ab0f-000d3a14673b,Love of My Life,DUPLICATE_RECORD,9a1a04cd-c27a-f111-ab0f-000d3a14673b,UNRESOLVED,PUBLISHING_OPERATING_CENTER_WAVE1_2026_09_01:W1-360,jm1_lifecyclestage=; jm1pub_stage=100000013,,,"W/""50731509"""
ec0f6fd3-c27a-f111-ab0f-6045bdd69435,Loving the Addict,DUPLICATE_RECORD,ec0f6fd3-c27a-f111-ab0f-6045bdd69435,UNRESOLVED,PUBLISHING_OPERATING_CENTER_WAVE1_2026_09_01:W1-361,jm1_lifecyclestage=; jm1pub_stage=100000013,,,"W/""50731510"""
903274cd-c27a-f111-ab0f-6045bdd69435,Memoir of a Black Christian Nationalist,DUPLICATE_RECORD,903274cd-c27a-f111-ab0f-6045bdd69435,UNRESOLVED,PUBLISHING_OPERATING_CENTER_WAVE1_2026_09_01:W1-362,jm1_lifecyclestage=; jm1pub_stage=100000013,,,"W/""50731511"""
594797d0-c27a-f111-ab0f-7c1e525b15c2,Mirror of Refining Insight,DUPLICATE_RECORD,594797d0-c27a-f111-ab0f-7c1e525b15c2,UNRESOLVED,PUBLISHING_OPERATING_CENTER_WAVE1_2026_09_01:W1-363,jm1_lifecyclestage=; jm1pub_stage=100000013,,,"W/""50731512"""
d4f603d3-c27a-f111-ab0f-000d3a14673b,More Than a Village,DUPLICATE_RECORD,d4f603d3-c27a-f111-ab0f-000d3a14673b,UNRESOLVED,PUBLISHING_OPERATING_CENTER_WAVE1_2026_09_01:W1-364,jm1_lifecyclestage=835500005; jm1pub_stage=100000013,,,"W/""50731513"""
67137ed6-c27a-f111-ab0f-6045bdd69738,Music Ministry Unplugged,DUPLICATE_RECORD,67137ed6-c27a-f111-ab0f-6045bdd69738,UNRESOLVED,PUBLISHING_OPERATING_CENTER_WAVE1_2026_09_01:W1-365,jm1_lifecyclestage=; jm1pub_stage=100000013,,,"W/""50731514"""
982156cd-c37a-f111-ab0f-00224820105b,Music Ministry Unplugged: Real Lessons for Those who Lead and Serve in Music Ministry,LEGACY_TITLE_RECORD,982156cd-c37a-f111-ab0f-00224820105b,UNRESOLVED,PUBLISHING_OPERATING_CENTER_WAVE1_2026_09_01:W1-366,jm1_lifecyclestage=835500005; jm1pub_stage=100000013,,,"W/""50731516"""
d5084bcd-c27a-f111-ab0f-00224820105b,My ABC's,DUPLICATE_RECORD,d5084bcd-c27a-f111-ab0f-00224820105b,UNRESOLVED,PUBLISHING_OPERATING_CENTER_WAVE1_2026_09_01:W1-367,jm1_lifecyclestage=; jm1pub_stage=100000013,,,"W/""50731518"""
9e3274cd-c27a-f111-ab0f-6045bdd69435,Never Give up on Love,DUPLICATE_RECORD,9e3274cd-c27a-f111-ab0f-6045bdd69435,UNRESOLVED,PUBLISHING_OPERATING_CENTER_WAVE1_2026_09_01:W1-368,jm1_lifecyclestage=; jm1pub_stage=100000013,,,"W/""50731519"""
865f72d0-c27a-f111-ab0f-6045bdd69738,Number 23 and Me,DUPLICATE_RECORD,865f72d0-c27a-f111-ab0f-6045bdd69738,UNRESOLVED,PUBLISHING_OPERATING_CENTER_WAVE1_2026_09_01:W1-369,jm1_lifecyclestage=; jm1pub_stage=100000013,,,"W/""50731521"""
5b4797d0-c27a-f111-ab0f-7c1e525b15c2,One Soul,DUPLICATE_RECORD,5b4797d0-c27a-f111-ab0f-7c1e525b15c2,UNRESOLVED,PUBLISHING_OPERATING_CENTER_WAVE1_2026_09_01:W1-370,jm1_lifecyclestage=; jm1pub_stage=100000013,,,"W/""50731522"""
5c4797d0-c27a-f111-ab0f-7c1e525b15c2,Ordinary People Searching for Greatness,DUPLICATE_RECORD,5c4797d0-c27a-f111-ab0f-7c1e525b15c2,UNRESOLVED,PUBLISHING_OPERATING_CENTER_WAVE1_2026_09_01:W1-371,jm1_lifecyclestage=; jm1pub_stage=100000013,,,"W/""50731523"""
4be01ad3-c27a-f111-ab0f-6045bdd69678,Peaches Can Do It!,DUPLICATE_RECORD,4be01ad3-c27a-f111-ab0f-6045bdd69678,UNRESOLVED,PUBLISHING_OPERATING_CENTER_WAVE1_2026_09_01:W1-372,jm1_lifecyclestage=; jm1pub_stage=100000013,,,"W/""50731524"""
f0084bcd-c27a-f111-ab0f-00224820105b,Pieces of Me All over the Place,DUPLICATE_RECORD,f0084bcd-c27a-f111-ab0f-00224820105b,UNRESOLVED,PUBLISHING_OPERATING_CENTER_WAVE1_2026_09_01:W1-373,jm1_lifecyclestage=; jm1pub_stage=100000013,,,"W/""50731525"""
b73274cd-c27a-f111-ab0f-6045bdd69435,Seasons of Life,DUPLICATE_RECORD,b73274cd-c27a-f111-ab0f-6045bdd69435,UNRESOLVED,PUBLISHING_OPERATING_CENTER_WAVE1_2026_09_01:W1-374,jm1_lifecyclestage=; jm1pub_stage=100000013,,,"W/""50731526"""
bff603d3-c27a-f111-ab0f-000d3a14673b,Speech Therapy Works!,DUPLICATE_RECORD,bff603d3-c27a-f111-ab0f-000d3a14673b,UNRESOLVED,PUBLISHING_OPERATING_CENTER_WAVE1_2026_09_01:W1-375,jm1_lifecyclestage=; jm1pub_stage=100000013,,,"W/""50731527"""
15e01ad3-c27a-f111-ab0f-6045bdd69678,Support Beyond the Cycle,DUPLICATE_RECORD,15e01ad3-c27a-f111-ab0f-6045bdd69678,UNRESOLVED,PUBLISHING_OPERATING_CENTER_WAVE1_2026_09_01:W1-376,jm1_lifecyclestage=; jm1pub_stage=100000013,,,"W/""50731528"""
60137ed6-c27a-f111-ab0f-6045bdd69738,Taylor Made,DUPLICATE_RECORD,60137ed6-c27a-f111-ab0f-6045bdd69738,UNRESOLVED,PUBLISHING_OPERATING_CENTER_WAVE1_2026_09_01:W1-377,jm1_lifecyclestage=; jm1pub_stage=100000013,,,"W/""50731529"""
cea6c7e3-b389-f111-ab10-000d3a9eacee,The Celestial Advantage,DUPLICATE_RECORD,cea6c7e3-b389-f111-ab10-000d3a9eacee,UNRESOLVED,PUBLISHING_OPERATING_CENTER_WAVE1_2026_09_01:W1-378,jm1_lifecyclestage=; jm1pub_stage=,,,"W/""50731530"""
16e01ad3-c27a-f111-ab0f-6045bdd69678,The Celestial Advantage,DUPLICATE_RECORD,16e01ad3-c27a-f111-ab0f-6045bdd69678,UNRESOLVED,PUBLISHING_OPERATING_CENTER_WAVE1_2026_09_01:W1-379,jm1_lifecyclestage=; jm1pub_stage=100000013,,,"W/""50731531"""
c44b00d4-c27a-f111-ab0f-00224820105b,The Conquest of Azenga,DUPLICATE_RECORD,c44b00d4-c27a-f111-ab0f-00224820105b,UNRESOLVED,PUBLISHING_OPERATING_CENTER_WAVE1_2026_09_01:W1-380,jm1_lifecyclestage=; jm1pub_stage=100000013,,,"W/""50731532"""
c84b00d4-c27a-f111-ab0f-00224820105b,The Fight for the Promiseland,DUPLICATE_RECORD,c84b00d4-c27a-f111-ab0f-00224820105b,UNRESOLVED,PUBLISHING_OPERATING_CENTER_WAVE1_2026_09_01:W1-381,jm1_lifecyclestage=; jm1pub_stage=100000013,,,"W/""50731533"""
952556cd-c37a-f111-ab0f-00224820105b,The Fight for the Promiseland: Battle Strategies for Victorious People,LEGACY_TITLE_RECORD,952556cd-c37a-f111-ab0f-00224820105b,UNRESOLVED,PUBLISHING_OPERATING_CENTER_WAVE1_2026_09_01:W1-382,jm1_lifecyclestage=835500005; jm1pub_stage=100000013,,,"W/""50731534"""
17e01ad3-c27a-f111-ab0f-6045bdd69678,The Girl with the Ebony Locs and the Three Bears,DUPLICATE_RECORD,17e01ad3-c27a-f111-ab0f-6045bdd69678,UNRESOLVED,PUBLISHING_OPERATING_CENTER_WAVE1_2026_09_01:W1-383,jm1_lifecyclestage=; jm1pub_stage=100000013,,,"W/""50731535"""
5d4797d0-c27a-f111-ab0f-7c1e525b15c2,The Great Hair Restart,DUPLICATE_RECORD,5d4797d0-c27a-f111-ab0f-7c1e525b15c2,UNRESOLVED,PUBLISHING_OPERATING_CENTER_WAVE1_2026_09_01:W1-384,jm1_lifecyclestage=; jm1pub_stage=100000013,,,"W/""50731536"""
885f72d0-c27a-f111-ab0f-6045bdd69738,The Healed Me,DUPLICATE_RECORD,885f72d0-c27a-f111-ab0f-6045bdd69738,UNRESOLVED,PUBLISHING_OPERATING_CENTER_WAVE1_2026_09_01:W1-385,jm1_lifecyclestage=; jm1pub_stage=100000013,,,"W/""50731537"""
c2f603d3-c27a-f111-ab0f-000d3a14673b,The Hood,DUPLICATE_RECORD,c2f603d3-c27a-f111-ab0f-000d3a14673b,UNRESOLVED,PUBLISHING_OPERATING_CENTER_WAVE1_2026_09_01:W1-386,jm1_lifecyclestage=; jm1pub_stage=100000013,,,"W/""50731538"""
944b00d4-c27a-f111-ab0f-00224820105b,The Journey,DUPLICATE_RECORD,944b00d4-c27a-f111-ab0f-00224820105b,UNRESOLVED,PUBLISHING_OPERATING_CENTER_WAVE1_2026_09_01:W1-387,jm1_lifecyclestage=; jm1pub_stage=100000013,,,"W/""50731539"""
c3f603d3-c27a-f111-ab0f-000d3a14673b,The Master's Piece,DUPLICATE_RECORD,c3f603d3-c27a-f111-ab0f-000d3a14673b,UNRESOLVED,PUBLISHING_OPERATING_CENTER_WAVE1_2026_09_01:W1-388,jm1_lifecyclestage=835500005; jm1pub_stage=100000013,,,"W/""50731540"""
930f6fd3-c27a-f111-ab0f-6045bdd69435,The Messenger,DUPLICATE_RECORD,930f6fd3-c27a-f111-ab0f-6045bdd69435,UNRESOLVED,PUBLISHING_OPERATING_CENTER_WAVE1_2026_09_01:W1-389,jm1_lifecyclestage=; jm1pub_stage=100000013,,,"W/""50731541"""
69137ed6-c27a-f111-ab0f-6045bdd69738,The Messenger 2,DUPLICATE_RECORD,69137ed6-c27a-f111-ab0f-6045bdd69738,UNRESOLVED,PUBLISHING_OPERATING_CENTER_WAVE1_2026_09_01:W1-390,jm1_lifecyclestage=; jm1pub_stage=100000013,,,"W/""50731542"""
07106fd3-c27a-f111-ab0f-6045bdd69435,The Paper Champ,DUPLICATE_RECORD,07106fd3-c27a-f111-ab0f-6045bdd69435,UNRESOLVED,PUBLISHING_OPERATING_CENTER_WAVE1_2026_09_01:W1-391,jm1_lifecyclestage=; jm1pub_stage=100000013,,,"W/""50731543"""
19e01ad3-c27a-f111-ab0f-6045bdd69678,The Princess and the Black-Eyed Pea,DUPLICATE_RECORD,19e01ad3-c27a-f111-ab0f-6045bdd69678,UNRESOLVED,PUBLISHING_OPERATING_CENTER_WAVE1_2026_09_01:W1-392,jm1_lifecyclestage=; jm1pub_stage=100000013,,,"W/""50731544"""
d7f603d3-c27a-f111-ab0f-000d3a14673b,The Release of the Spirit,DUPLICATE_RECORD,d7f603d3-c27a-f111-ab0f-000d3a14673b,UNRESOLVED,PUBLISHING_OPERATING_CENTER_WAVE1_2026_09_01:W1-393,jm1_lifecyclestage=; jm1pub_stage=100000013,,,"W/""50731545"""
112ac7e9-b389-f111-ab10-000d3a9eacee,The Shift,DUPLICATE_RECORD,112ac7e9-b389-f111-ab10-000d3a9eacee,UNRESOLVED,PUBLISHING_OPERATING_CENTER_WAVE1_2026_09_01:W1-394,jm1_lifecyclestage=; jm1pub_stage=,,,"W/""50731546"""
94c2a2e6-b389-f111-ab10-6045bdd69738,The Shift,DUPLICATE_RECORD,94c2a2e6-b389-f111-ab10-6045bdd69738,UNRESOLVED,PUBLISHING_OPERATING_CENTER_WAVE1_2026_09_01:W1-395,jm1_lifecyclestage=; jm1pub_stage=,,,"W/""50731547"""
62137ed6-c27a-f111-ab0f-6045bdd69738,"The Sun, the Shadow, and the Silence",DUPLICATE_RECORD,62137ed6-c27a-f111-ab0f-6045bdd69738,UNRESOLVED,PUBLISHING_OPERATING_CENTER_WAVE1_2026_09_01:W1-396,jm1_lifecyclestage=; jm1pub_stage=100000013,,,"W/""50731549"""
c9f603d3-c27a-f111-ab0f-000d3a14673b,Uncomfortable Conversations with God,DUPLICATE_RECORD,c9f603d3-c27a-f111-ab0f-000d3a14673b,UNRESOLVED,PUBLISHING_OPERATING_CENTER_WAVE1_2026_09_01:W1-397,jm1_lifecyclestage=; jm1pub_stage=100000013,,,"W/""50731550"""
994b00d4-c27a-f111-ab0f-00224820105b,Understanding the Misunderstood,DUPLICATE_RECORD,994b00d4-c27a-f111-ab0f-00224820105b,UNRESOLVED,PUBLISHING_OPERATING_CENTER_WAVE1_2026_09_01:W1-398,jm1_lifecyclestage=; jm1pub_stage=100000013,,,"W/""50731551"""
9d8ffdd6-c27a-f111-ab0f-7c1e525b15c2,War Mother,DUPLICATE_RECORD,9d8ffdd6-c27a-f111-ab0f-7c1e525b15c2,UNRESOLVED,PUBLISHING_OPERATING_CENTER_WAVE1_2026_09_01:W1-399,jm1_lifecyclestage=; jm1pub_stage=100000013,,,"W/""50731552"""
935f72d0-c27a-f111-ab0f-6045bdd69738,Warrior's Breed,DUPLICATE_RECORD,935f72d0-c27a-f111-ab0f-6045bdd69738,UNRESOLVED,PUBLISHING_OPERATING_CENTER_WAVE1_2026_09_01:W1-400,jm1_lifecyclestage=835500005; jm1pub_stage=100000013,,,"W/""50731553"""
d9f603d3-c27a-f111-ab0f-000d3a14673b,Warriors and Angels,DUPLICATE_RECORD,d9f603d3-c27a-f111-ab0f-000d3a14673b,UNRESOLVED,PUBLISHING_OPERATING_CENTER_WAVE1_2026_09_01:W1-401,jm1_lifecyclestage=835500005; jm1pub_stage=100000013,,,"W/""50731554"""
9a4b00d4-c27a-f111-ab0f-00224820105b,When a Thug Meets Jesus,DUPLICATE_RECORD,9a4b00d4-c27a-f111-ab0f-00224820105b,UNRESOLVED,PUBLISHING_OPERATING_CENTER_WAVE1_2026_09_01:W1-402,jm1_lifecyclestage=; jm1pub_stage=100000013,,,"W/""50731556"""
604797d0-c27a-f111-ab0f-7c1e525b15c2,Words of a Troubled Soul,DUPLICATE_RECORD,604797d0-c27a-f111-ab0f-7c1e525b15c2,UNRESOLVED,PUBLISHING_OPERATING_CENTER_WAVE1_2026_09_01:W1-403,jm1_lifecyclestage=; jm1pub_stage=100000013,,,"W/""50731557"""
a74b00d4-c27a-f111-ab0f-00224820105b,You're Still Not Crazy,DUPLICATE_RECORD,a74b00d4-c27a-f111-ab0f-00224820105b,UNRESOLVED,PUBLISHING_OPERATING_CENTER_WAVE1_2026_09_01:W1-404,jm1_lifecyclestage=; jm1pub_stage=100000013,,,"W/""50731559"""
66137ed6-c27a-f111-ab0f-6045bdd69738,Your Peace Is a Priority,DUPLICATE_RECORD,66137ed6-c27a-f111-ab0f-6045bdd69738,UNRESOLVED,PUBLISHING_OPERATING_CENTER_WAVE1_2026_09_01:W1-405,jm1_lifecyclestage=; jm1pub_stage=100000013,,,"W/""50731560"""
2d21ab5b-4d80-f111-ab0f-7c1e525b15c2,The General’s Will and Last Testament,CANONICAL_PUBLISHED_TITLE,2d21ab5b-4d80-f111-ab0f-7c1e525b15c2,contact:c8c8747e-6675-f111-ab0f-6045bdd69678,PUBLISHING_OPERATING_CENTER_WAVE1_2026_09_01:W1-406,jm1_lifecyclestage=; jm1pub_stage=100000006,,,"W/""50731081"""
e797232b-da7a-f111-ab0f-00224820105b,The Intentional Leader,CANONICAL_PUBLISHED_TITLE,e797232b-da7a-f111-ab0f-00224820105b,contact:d38aa56a-882a-f111-88b4-6045bdd69678; authorProfile:1f0188ca-71a5-f111-b8de-7c1e525b15c2,PUBLISHING_OPERATING_CENTER_WAVE1_2026_09_01:W1-407,jm1_lifecyclestage=; jm1pub_stage=100000006,,,"W/""50731082"""
a69b9dfa-bb7b-f111-ab0f-7c1e525b15c2,The Long Watch,CANONICAL_PUBLISHED_TITLE,a69b9dfa-bb7b-f111-ab0f-7c1e525b15c2,contact:a7801f4d-1d76-f111-ab0f-6045bdd69435,PUBLISHING_OPERATING_CENTER_WAVE1_2026_09_01:W1-408,jm1_lifecyclestage=; jm1pub_stage=100000006,,,"W/""50731083"""
