TITLE_ID,TITLE_NAME,PAYLOAD_FIELDS,CANONICAL_STATUS,CANONICAL_TITLE_REFERENCE,CANONICAL_AUTHOR_CONTACT_REFERENCE,FORBIDDEN_FIELDS
5aee90b0-9730-f111-88b4-6045bdd69738,(Untitled),jm1_canonicalstatus;jm1_canonicaltitlereference;jm1_canonicalauthorcontactreference;jm1_sourceauthority,PLACEHOLDER,5aee90b0-9730-f111-88b4-6045bdd69738,UNRESOLVED,0
9eb5559c-9630-f111-88b4-7c1e525b15c2,(Untitled),jm1_canonicalstatus;jm1_canonicaltitlereference;jm1_canonicalauthorcontactreference;jm1_sourceauthority,PLACEHOLDER,9eb5559c-9630-f111-88b4-7c1e525b15c2,UNRESOLVED,0
dcf603d3-c27a-f111-ab0f-000d3a14673b,101 Wisdom Lessons for Life and Living,jm1_canonicalstatus;jm1_canonicaltitlereference;jm1_canonicalauthorcontactreference;jm1_sourceauthority,LEGACY_TITLE_RECORD,dcf603d3-c27a-f111-ab0f-000d3a14673b,UNRESOLVED,0
6e27c7bc-c37a-f111-ab0f-000d3a14673b,27 Days to Overcoming Depression: Debunking All the Lies,jm1_canonicalstatus;jm1_canonicaltitlereference;jm1_canonicalauthorcontactreference;jm1_sourceauthority,LEGACY_TITLE_RECORD,6e27c7bc-c37a-f111-ab0f-000d3a14673b,UNRESOLVED,0
6f27c7bc-c37a-f111-ab0f-000d3a14673b,A Principal's Tale: A Self-Determined Leader,jm1_canonicalstatus;jm1_canonicaltitlereference;jm1_canonicalauthorcontactreference;jm1_sourceauthority,LEGACY_TITLE_RECORD,6f27c7bc-c37a-f111-ab0f-000d3a14673b,UNRESOLVED,0
3f09d7cb-c27a-f111-ab0f-6045bdd69678,A Trubie's Guide Pt. 1,jm1_canonicalstatus;jm1_canonicaltitlereference;jm1_canonicalauthorcontactreference;jm1_sourceauthority,LEGACY_TITLE_RECORD,3f09d7cb-c27a-f111-ab0f-6045bdd69678,UNRESOLVED,0
848904ca-c27a-f111-ab0f-6045bdd69738,A Trubie's Guide Pt. 2,jm1_canonicalstatus;jm1_canonicaltitlereference;jm1_canonicalauthorcontactreference;jm1_sourceauthority,LEGACY_TITLE_RECORD,848904ca-c27a-f111-ab0f-6045bdd69738,UNRESOLVED,0
7742c1c2-c37a-f111-ab0f-000d3a14673b,Abortion!: George and Giovanna,jm1_canonicalstatus;jm1_canonicaltitlereference;jm1_canonicalauthorcontactreference;jm1_sourceauthority,LEGACY_TITLE_RECORD,7742c1c2-c37a-f111-ab0f-000d3a14673b,UNRESOLVED,0
2d946ac0-c37a-f111-ab0f-00224820105b,Aligned!: Unlocking the DNA of Authentic Faith,jm1_canonicalstatus;jm1_canonicaltitlereference;jm1_canonicalauthorcontactreference;jm1_sourceauthority,LEGACY_TITLE_RECORD,2d946ac0-c37a-f111-ab0f-00224820105b,UNRESOLVED,0
dcbc7ebd-c37a-f111-ab0f-6045bdd69678,Are You Sure That You Are Ready?: A Guide for Vendors,jm1_canonicalstatus;jm1_canonicaltitlereference;jm1_canonicalauthorcontactreference;jm1_sourceauthority,LEGACY_TITLE_RECORD,dcbc7ebd-c37a-f111-ab0f-6045bdd69678,UNRESOLVED,0
7942c1c2-c37a-f111-ab0f-000d3a14673b,Because the Lord is My Shepherd: Psalm 23 and Me,jm1_canonicalstatus;jm1_canonicaltitlereference;jm1_canonicalauthorcontactreference;jm1_sourceauthority,LEGACY_TITLE_RECORD,7942c1c2-c37a-f111-ab0f-000d3a14673b,UNRESOLVED,0
8642c1c2-c37a-f111-ab0f-000d3a14673b,Bodacious: Controversial and Provocative,jm1_canonicalstatus;jm1_canonicaltitlereference;jm1_canonicalauthorcontactreference;jm1_sourceauthority,LEGACY_TITLE_RECORD,8642c1c2-c37a-f111-ab0f-000d3a14673b,UNRESOLVED,0
7867a4c3-c37a-f111-ab0f-6045bdd69678,Come Out Of Hiding: Activating Deliverance,jm1_canonicalstatus;jm1_canonicaltitlereference;jm1_canonicalauthorcontactreference;jm1_sourceauthority,LEGACY_TITLE_RECORD,7867a4c3-c37a-f111-ab0f-6045bdd69678,UNRESOLVED,0
8742c1c2-c37a-f111-ab0f-000d3a14673b,Connected!: Unlocking the DNA of Authentic Prayer - 2nd Edition,jm1_canonicalstatus;jm1_canonicaltitlereference;jm1_canonicalauthorcontactreference;jm1_sourceauthority,LEGACY_TITLE_RECORD,8742c1c2-c37a-f111-ab0f-000d3a14673b,UNRESOLVED,0
7a67a4c3-c37a-f111-ab0f-6045bdd69678,Delicious Ideas!: The Legacy Cookbook,jm1_canonicalstatus;jm1_canonicaltitlereference;jm1_canonicalauthorcontactreference;jm1_sourceauthority,LEGACY_TITLE_RECORD,7a67a4c3-c37a-f111-ab0f-6045bdd69678,UNRESOLVED,0
7c67a4c3-c37a-f111-ab0f-6045bdd69678,Discipline and Direction: God's Leadership Style,jm1_canonicalstatus;jm1_canonicaltitlereference;jm1_canonicalauthorcontactreference;jm1_sourceauthority,LEGACY_TITLE_RECORD,7c67a4c3-c37a-f111-ab0f-6045bdd69678,UNRESOLVED,0
7d67a4c3-c37a-f111-ab0f-6045bdd69678,Divinely Inspired: Trauma Triumphed,jm1_canonicalstatus;jm1_canonicaltitlereference;jm1_canonicalauthorcontactreference;jm1_sourceauthority,LEGACY_TITLE_RECORD,7d67a4c3-c37a-f111-ab0f-6045bdd69678,UNRESOLVED,0
fb3174cd-c27a-f111-ab0f-6045bdd69435,Establishing Glory 2: The Relationship Handbook (2nd Edition),jm1_canonicalstatus;jm1_canonicaltitlereference;jm1_canonicalauthorcontactreference;jm1_sourceauthority,LEGACY_TITLE_RECORD,fb3174cd-c27a-f111-ab0f-6045bdd69435,UNRESOLVED,0
9c8797ca-c27a-f111-ab0f-7c1e525b15c2,Establishing Glory 3: The Marriage Handbook,jm1_canonicalstatus;jm1_canonicaltitlereference;jm1_canonicalauthorcontactreference;jm1_sourceauthority,LEGACY_TITLE_RECORD,9c8797ca-c27a-f111-ab0f-7c1e525b15c2,UNRESOLVED,0
6e7835ca-c37a-f111-ab0f-6045bdd69678,Inspirations from God: God is Gooood!,jm1_canonicalstatus;jm1_canonicaltitlereference;jm1_canonicalauthorcontactreference;jm1_sourceauthority,LEGACY_TITLE_RECORD,6e7835ca-c37a-f111-ab0f-6045bdd69678,UNRESOLVED,0
311405c7-c37a-f111-ab0f-7c1e525b15c2,Jewels by Lady J: A Book of Daily Devotion and Reflection One Day at a Time,jm1_canonicalstatus;jm1_canonicaltitlereference;jm1_canonicalauthorcontactreference;jm1_sourceauthority,LEGACY_TITLE_RECORD,311405c7-c37a-f111-ab0f-7c1e525b15c2,UNRESOLVED,0
6f7835ca-c37a-f111-ab0f-6045bdd69678,Just What I Needed: Daily Devotional,jm1_canonicalstatus;jm1_canonicaltitlereference;jm1_canonicalauthorcontactreference;jm1_sourceauthority,LEGACY_TITLE_RECORD,6f7835ca-c37a-f111-ab0f-6045bdd69678,UNRESOLVED,0
08bf1ac7-c37a-f111-ab0f-00224820105b,Loving the Addict: While Taking Care of Yourself First,jm1_canonicalstatus;jm1_canonicaltitlereference;jm1_canonicalauthorcontactreference;jm1_sourceauthority,LEGACY_TITLE_RECORD,08bf1ac7-c37a-f111-ab0f-00224820105b,UNRESOLVED,0
b4c11ac7-c37a-f111-ab0f-00224820105b,Memoir of a Black Christian Nationalist: Seeds of Liberation,jm1_canonicalstatus;jm1_canonicaltitlereference;jm1_canonicalauthorcontactreference;jm1_sourceauthority,LEGACY_TITLE_RECORD,b4c11ac7-c37a-f111-ab0f-00224820105b,UNRESOLVED,0
3b1405c7-c37a-f111-ab0f-7c1e525b15c2,Mirror of Refining Insight: An Introspective Look At Pursuing Your Purpose,jm1_canonicalstatus;jm1_canonicaltitlereference;jm1_canonicalauthorcontactreference;jm1_sourceauthority,LEGACY_TITLE_RECORD,3b1405c7-c37a-f111-ab0f-7c1e525b15c2,UNRESOLVED,0
1759fcc8-c37a-f111-ab0f-000d3a14673b,More Than A Village: Raising Black Men in America,jm1_canonicalstatus;jm1_canonicaltitlereference;jm1_canonicalauthorcontactreference;jm1_sourceauthority,LEGACY_TITLE_RECORD,1759fcc8-c37a-f111-ab0f-000d3a14673b,UNRESOLVED,0
887835ca-c37a-f111-ab0f-6045bdd69678,My ABCs,jm1_canonicalstatus;jm1_canonicaltitlereference;jm1_canonicalauthorcontactreference;jm1_sourceauthority,LEGACY_TITLE_RECORD,887835ca-c37a-f111-ab0f-6045bdd69678,UNRESOLVED,0
a97835ca-c37a-f111-ab0f-6045bdd69678,SHE: An Expose' of Her Insufficiencies,jm1_canonicalstatus;jm1_canonicaltitlereference;jm1_canonicalauthorcontactreference;jm1_sourceauthority,LEGACY_TITLE_RECORD,a97835ca-c37a-f111-ab0f-6045bdd69678,UNRESOLVED,0
a32156cd-c37a-f111-ab0f-00224820105b,Speech Therapy Works!: Juliana's Story,jm1_canonicalstatus;jm1_canonicaltitlereference;jm1_canonicalauthorcontactreference;jm1_sourceauthority,LEGACY_TITLE_RECORD,a32156cd-c37a-f111-ab0f-00224820105b,UNRESOLVED,0
b27835ca-c37a-f111-ab0f-6045bdd69678,"Taylor Made: My Life, My Story",jm1_canonicalstatus;jm1_canonicaltitlereference;jm1_canonicalauthorcontactreference;jm1_sourceauthority,LEGACY_TITLE_RECORD,b27835ca-c37a-f111-ab0f-6045bdd69678,UNRESOLVED,0
d13274cd-c27a-f111-ab0f-6045bdd69435,The Doctrine of the Last Things,jm1_canonicalstatus;jm1_canonicaltitlereference;jm1_canonicalauthorcontactreference;jm1_sourceauthority,LEGACY_TITLE_RECORD,d13274cd-c27a-f111-ab0f-6045bdd69435,UNRESOLVED,0
ab2156cd-c37a-f111-ab0f-00224820105b,"The Essence of Life, Love Letters to Christ: Poems of Life and Love from the Pages of the Heart",jm1_canonicalstatus;jm1_canonicaltitlereference;jm1_canonicalauthorcontactreference;jm1_sourceauthority,LEGACY_TITLE_RECORD,ab2156cd-c37a-f111-ab0f-00224820105b,UNRESOLVED,0
0a6386cf-c37a-f111-ab0f-000d3a14673b,The Great Hair Restart: The Journal,jm1_canonicalstatus;jm1_canonicaltitlereference;jm1_canonicalauthorcontactreference;jm1_sourceauthority,LEGACY_TITLE_RECORD,0a6386cf-c37a-f111-ab0f-000d3a14673b,UNRESOLVED,0
9a2556cd-c37a-f111-ab0f-00224820105b,The Great Hair Restart: The Ultimate Guide to Resetting Your Natural Hair Journey with Confidence,jm1_canonicalstatus;jm1_canonicaltitlereference;jm1_canonicalauthorcontactreference;jm1_sourceauthority,LEGACY_TITLE_RECORD,9a2556cd-c37a-f111-ab0f-00224820105b,UNRESOLVED,0
5e4797d0-c27a-f111-ab0f-7c1e525b15c2,"The I Am In Me Part 2, Second Edition",jm1_canonicalstatus;jm1_canonicaltitlereference;jm1_canonicalauthorcontactreference;jm1_sourceauthority,LEGACY_TITLE_RECORD,5e4797d0-c27a-f111-ab0f-7c1e525b15c2,UNRESOLVED,0
5f4797d0-c27a-f111-ab0f-7c1e525b15c2,"The I Am in Me, Second Edition",jm1_canonicalstatus;jm1_canonicaltitlereference;jm1_canonicalauthorcontactreference;jm1_sourceauthority,LEGACY_TITLE_RECORD,5f4797d0-c27a-f111-ab0f-7c1e525b15c2,UNRESOLVED,0
0d6386cf-c37a-f111-ab0f-000d3a14673b,The Journey: The Inspiration and Message Behind the Music,jm1_canonicalstatus;jm1_canonicaltitlereference;jm1_canonicalauthorcontactreference;jm1_sourceauthority,LEGACY_TITLE_RECORD,0d6386cf-c37a-f111-ab0f-000d3a14673b,UNRESOLVED,0
b2838072-e23d-f111-88b5-7c1e525b15c2,todays's new title,jm1_canonicalstatus;jm1_canonicaltitlereference;jm1_canonicalauthorcontactreference;jm1_sourceauthority,LEGACY_TITLE_RECORD,b2838072-e23d-f111-88b5-7c1e525b15c2,UNRESOLVED,0
4a37c9d0-c37a-f111-ab0f-6045bdd69678,Warriors and Angels: Liberating Inner Power in the Journey of Life,jm1_canonicalstatus;jm1_canonicaltitlereference;jm1_canonicalauthorcontactreference;jm1_sourceauthority,LEGACY_TITLE_RECORD,4a37c9d0-c37a-f111-ab0f-6045bdd69678,UNRESOLVED,0
226386cf-c37a-f111-ab0f-000d3a14673b,You're Still Not Crazy: You May Be An Empath Dealing With A Narcissist,jm1_canonicalstatus;jm1_canonicaltitlereference;jm1_canonicalauthorcontactreference;jm1_sourceauthority,LEGACY_TITLE_RECORD,226386cf-c37a-f111-ab0f-000d3a14673b,UNRESOLVED,0
5837c9d0-c37a-f111-ab0f-6045bdd69678,Your Peace is a Priority: A Devotional Journal,jm1_canonicalstatus;jm1_canonicaltitlereference;jm1_canonicalauthorcontactreference;jm1_sourceauthority,LEGACY_TITLE_RECORD,5837c9d0-c37a-f111-ab0f-6045bdd69678,UNRESOLVED,0
74719cd6-cd95-f111-8076-6045bdd69678,Indomitable Indomitable Escaping Witchcraft and Finding My Identity in Christ,jm1_canonicalstatus;jm1_canonicaltitlereference;jm1_canonicalauthorcontactreference;jm1_sourceauthority,REQUIRES_RECONCILIATION,74719cd6-cd95-f111-8076-6045bdd69678,contact:5bb796dc-cd95-f111-8076-7c1e525b15c2,0
cb7e283c-db89-f111-ab10-6045bdd69738,JM1 Synthetic Intake Fetch Proof 20260727165010,jm1_canonicalstatus;jm1_canonicaltitlereference;jm1_canonicalauthorcontactreference;jm1_sourceauthority,REQUIRES_RECONCILIATION,cb7e283c-db89-f111-ab10-6045bdd69738,contact:3b549a43-db89-f111-ab10-7c1e525b15c2,0
71f19874-d989-f111-ab10-00224820105b,JM1 Synthetic Intake SEV1 Proof 20260727163730,jm1_canonicalstatus;jm1_canonicaltitlereference;jm1_canonicalauthorcontactreference;jm1_sourceauthority,REQUIRES_RECONCILIATION,71f19874-d989-f111-ab10-00224820105b,contact:e52c4e78-d989-f111-ab10-6045bdd69435,0
577858c2-da89-f111-ab10-000d3a14673b,JM1 Synthetic Intake SEV1 Proof 20260727164554,jm1_canonicalstatus;jm1_canonicaltitlereference;jm1_canonicalauthorcontactreference;jm1_sourceauthority,REQUIRES_RECONCILIATION,577858c2-da89-f111-ab10-000d3a14673b,contact:52b926ca-da89-f111-ab10-000d3a9eacee,0
02923fbd-019d-f111-b8dc-6045bdd69435,New Book Test,jm1_canonicalstatus;jm1_canonicaltitlereference;jm1_canonicalauthorcontactreference;jm1_sourceauthority,REQUIRES_RECONCILIATION,02923fbd-019d-f111-b8dc-6045bdd69435,contact:266ccac2-019d-f111-b8dc-6045bdd69678,0
f42a9474-1f76-f111-ab0f-6045bdd69738,The Long Watch - Intake Success Validation,jm1_canonicalstatus;jm1_canonicaltitlereference;jm1_canonicalauthorcontactreference;jm1_sourceauthority,REQUIRES_RECONCILIATION,f42a9474-1f76-f111-ab0f-6045bdd69738,contact:e3852b83-1f76-f111-ab0f-7c1e525b15c2,0
833582da-b389-f111-ab10-00224820105b,100 Wisdom Lessons for Life and Living,jm1_canonicalstatus;jm1_canonicaltitlereference;jm1_canonicalauthorcontactreference;jm1_sourceauthority,DUPLICATE_RECORD,833582da-b389-f111-ab10-00224820105b,UNRESOLVED,0
863582da-b389-f111-ab10-00224820105b,100 Wisdom Lessons for Life and Living,jm1_canonicalstatus;jm1_canonicaltitlereference;jm1_canonicalauthorcontactreference;jm1_sourceauthority,DUPLICATE_RECORD,863582da-b389-f111-ab10-00224820105b,UNRESOLVED,0
bfe69bd7-b389-f111-ab10-6045bdd69435,100 Wisdom Lessons for Life and Living,jm1_canonicalstatus;jm1_canonicaltitlereference;jm1_canonicalauthorcontactreference;jm1_sourceauthority,DUPLICATE_RECORD,bfe69bd7-b389-f111-ab10-6045bdd69435,UNRESOLVED,0
34926ac0-c37a-f111-ab0f-00224820105b,100 Wisdom Lessons for Life and Living,jm1_canonicalstatus;jm1_canonicaltitlereference;jm1_canonicalauthorcontactreference;jm1_sourceauthority,DUPLICATE_RECORD,34926ac0-c37a-f111-ab0f-00224820105b,UNRESOLVED,0
8e0402da-b389-f111-ab10-000d3a14673b,7 Step Jumpstart to Becoming Your Best Self,jm1_canonicalstatus;jm1_canonicaltitlereference;jm1_canonicalauthorcontactreference;jm1_sourceauthority,DUPLICATE_RECORD,8e0402da-b389-f111-ab10-000d3a14673b,UNRESOLVED,0
4a9a11da-b389-f111-ab10-6045bdd69738,7 Step Jumpstart to Becoming Your Best Self,jm1_canonicalstatus;jm1_canonicaltitlereference;jm1_canonicalauthorcontactreference;jm1_sourceauthority,DUPLICATE_RECORD,4a9a11da-b389-f111-ab10-6045bdd69738,UNRESOLVED,0
778904ca-c27a-f111-ab0f-6045bdd69738,A Little Bit of Everything,jm1_canonicalstatus;jm1_canonicaltitlereference;jm1_canonicalauthorcontactreference;jm1_sourceauthority,DUPLICATE_RECORD,778904ca-c27a-f111-ab0f-6045bdd69738,UNRESOLVED,0
a8e382d8-b389-f111-ab10-6045bdd69678,A Portrait of Paradise,jm1_canonicalstatus;jm1_canonicaltitlereference;jm1_canonicalauthorcontactreference;jm1_sourceauthority,DUPLICATE_RECORD,a8e382d8-b389-f111-ab10-6045bdd69678,UNRESOLVED,0
f57d1ada-b389-f111-ab10-7c1e525b15c2,A Portrait of Paradise,jm1_canonicalstatus;jm1_canonicaltitlereference;jm1_canonicalauthorcontactreference;jm1_sourceauthority,DUPLICATE_RECORD,f57d1ada-b389-f111-ab10-7c1e525b15c2,UNRESOLVED,0
11d2c5d7-b389-f111-ab10-000d3a9eacee,"A Truebies Guide, Part 1",jm1_canonicalstatus;jm1_canonicaltitlereference;jm1_canonicalauthorcontactreference;jm1_sourceauthority,DUPLICATE_RECORD,11d2c5d7-b389-f111-ab10-000d3a9eacee,UNRESOLVED,0
aee382d8-b389-f111-ab10-6045bdd69678,"A Truebies Guide, Part 1",jm1_canonicalstatus;jm1_canonicaltitlereference;jm1_canonicalauthorcontactreference;jm1_sourceauthority,DUPLICATE_RECORD,aee382d8-b389-f111-ab10-6045bdd69678,UNRESOLVED,0
37ce3ac0-c37a-f111-ab0f-7c1e525b15c2,"A Truebies Guide, Part 1",jm1_canonicalstatus;jm1_canonicaltitlereference;jm1_canonicalauthorcontactreference;jm1_sourceauthority,DUPLICATE_RECORD,37ce3ac0-c37a-f111-ab0f-7c1e525b15c2,UNRESOLVED,0
2554a0dd-b389-f111-ab10-6045bdd69435,"A Truebies Guide, Part 2",jm1_canonicalstatus;jm1_canonicaltitlereference;jm1_canonicalauthorcontactreference;jm1_sourceauthority,DUPLICATE_RECORD,2554a0dd-b389-f111-ab10-6045bdd69435,UNRESOLVED,0
afe382d8-b389-f111-ab10-6045bdd69678,"A Truebies Guide, Part 2",jm1_canonicalstatus;jm1_canonicaltitlereference;jm1_canonicalauthorcontactreference;jm1_sourceauthority,DUPLICATE_RECORD,afe382d8-b389-f111-ab10-6045bdd69678,UNRESOLVED,0
2c946ac0-c37a-f111-ab0f-00224820105b,"A Truebies Guide, Part 2",jm1_canonicalstatus;jm1_canonicaltitlereference;jm1_canonicalauthorcontactreference;jm1_sourceauthority,DUPLICATE_RECORD,2c946ac0-c37a-f111-ab0f-00224820105b,UNRESOLVED,0
f67d1ada-b389-f111-ab10-7c1e525b15c2,Abortion!,jm1_canonicalstatus;jm1_canonicaltitlereference;jm1_canonicalauthorcontactreference;jm1_sourceauthority,DUPLICATE_RECORD,f67d1ada-b389-f111-ab10-7c1e525b15c2,UNRESOLVED,0
79064bcd-c27a-f111-ab0f-00224820105b,According to Mark,jm1_canonicalstatus;jm1_canonicaltitlereference;jm1_canonicalauthorcontactreference;jm1_sourceauthority,DUPLICATE_RECORD,79064bcd-c27a-f111-ab0f-00224820105b,UNRESOLVED,0
8c3582da-b389-f111-ab10-00224820105b,Aligned!,jm1_canonicalstatus;jm1_canonicaltitlereference;jm1_canonicalauthorcontactreference;jm1_sourceauthority,DUPLICATE_RECORD,8c3582da-b389-f111-ab10-00224820105b,UNRESOLVED,0
a00402da-b389-f111-ab10-000d3a14673b,Almost Happy,jm1_canonicalstatus;jm1_canonicaltitlereference;jm1_canonicalauthorcontactreference;jm1_sourceauthority,DUPLICATE_RECORD,a00402da-b389-f111-ab10-000d3a14673b,UNRESOLVED,0
539a11da-b389-f111-ab10-6045bdd69738,Almost Happy,jm1_canonicalstatus;jm1_canonicaltitlereference;jm1_canonicalauthorcontactreference;jm1_sourceauthority,DUPLICATE_RECORD,539a11da-b389-f111-ab10-6045bdd69738,UNRESOLVED,0
017e1ada-b389-f111-ab10-7c1e525b15c2,Because the Lord is My Shepherd,jm1_canonicalstatus;jm1_canonicaltitlereference;jm1_canonicalauthorcontactreference;jm1_sourceauthority,DUPLICATE_RECORD,017e1ada-b389-f111-ab10-7c1e525b15c2,UNRESOLVED,0
933582da-b389-f111-ab10-00224820105b,Come Out of Hiding,jm1_canonicalstatus;jm1_canonicaltitlereference;jm1_canonicalauthorcontactreference;jm1_sourceauthority,DUPLICATE_RECORD,933582da-b389-f111-ab10-00224820105b,UNRESOLVED,0
057e1ada-b389-f111-ab10-7c1e525b15c2,Come Out of Hiding,jm1_canonicalstatus;jm1_canonicaltitlereference;jm1_canonicalauthorcontactreference;jm1_sourceauthority,DUPLICATE_RECORD,057e1ada-b389-f111-ab10-7c1e525b15c2,UNRESOLVED,0
938904ca-c27a-f111-ab0f-6045bdd69738,Come Out of Hiding,jm1_canonicalstatus;jm1_canonicaltitlereference;jm1_canonicalauthorcontactreference;jm1_sourceauthority,DUPLICATE_RECORD,938904ca-c27a-f111-ab0f-6045bdd69738,UNRESOLVED,0
08dac7dd-b389-f111-ab10-000d3a9eacee,Connected!,jm1_canonicalstatus;jm1_canonicaltitlereference;jm1_canonicalauthorcontactreference;jm1_sourceauthority,DUPLICATE_RECORD,08dac7dd-b389-f111-ab10-000d3a9eacee,UNRESOLVED,0
7967a4c3-c37a-f111-ab0f-6045bdd69678,Connected!,jm1_canonicalstatus;jm1_canonicaltitlereference;jm1_canonicalauthorcontactreference;jm1_sourceauthority,DUPLICATE_RECORD,7967a4c3-c37a-f111-ab0f-6045bdd69678,UNRESOLVED,0
0cdac7dd-b389-f111-ab10-000d3a9eacee,Damaged,jm1_canonicalstatus;jm1_canonicaltitlereference;jm1_canonicalauthorcontactreference;jm1_sourceauthority,DUPLICATE_RECORD,0cdac7dd-b389-f111-ab10-000d3a9eacee,UNRESOLVED,0
ba0402da-b389-f111-ab10-000d3a14673b,Delicious Ideas!,jm1_canonicalstatus;jm1_canonicaltitlereference;jm1_canonicalauthorcontactreference;jm1_sourceauthority,DUPLICATE_RECORD,ba0402da-b389-f111-ab10-000d3a14673b,UNRESOLVED,0
0a7e1ada-b389-f111-ab10-7c1e525b15c2,Delicious Ideas!,jm1_canonicalstatus;jm1_canonicaltitlereference;jm1_canonicalauthorcontactreference;jm1_sourceauthority,DUPLICATE_RECORD,0a7e1ada-b389-f111-ab10-7c1e525b15c2,UNRESOLVED,0
3154a0dd-b389-f111-ab10-6045bdd69435,Department of the Air Force Mission Driven Leadership,jm1_canonicalstatus;jm1_canonicaltitlereference;jm1_canonicalauthorcontactreference;jm1_sourceauthority,DUPLICATE_RECORD,3154a0dd-b389-f111-ab10-6045bdd69435,UNRESOLVED,0
2c966ac0-c37a-f111-ab0f-00224820105b,Department of the Air Force Mission Driven Leadership,jm1_canonicalstatus;jm1_canonicaltitlereference;jm1_canonicalauthorcontactreference;jm1_sourceauthority,DUPLICATE_RECORD,2c966ac0-c37a-f111-ab0f-00224820105b,UNRESOLVED,0
3354a0dd-b389-f111-ab10-6045bdd69435,Department of the Air Force: Mission Driven Leadership,jm1_canonicalstatus;jm1_canonicaltitlereference;jm1_canonicalauthorcontactreference;jm1_sourceauthority,DUPLICATE_RECORD,3354a0dd-b389-f111-ab10-6045bdd69435,UNRESOLVED,0
64106fd3-c27a-f111-ab0f-6045bdd69435,Department of the Air Force: Mission Driven Leadership,jm1_canonicalstatus;jm1_canonicaltitlereference;jm1_canonicalauthorcontactreference;jm1_sourceauthority,DUPLICATE_RECORD,64106fd3-c27a-f111-ab0f-6045bdd69435,UNRESOLVED,0
7b67a4c3-c37a-f111-ab0f-6045bdd69678,Destined to Break the Curse Devotional,jm1_canonicalstatus;jm1_canonicaltitlereference;jm1_canonicalauthorcontactreference;jm1_sourceauthority,DUPLICATE_RECORD,7b67a4c3-c37a-f111-ab0f-6045bdd69678,UNRESOLVED,0
16dac7dd-b389-f111-ab10-000d3a9eacee,Establishing Glory,jm1_canonicalstatus;jm1_canonicaltitlereference;jm1_canonicalauthorcontactreference;jm1_sourceauthority,DUPLICATE_RECORD,16dac7dd-b389-f111-ab10-000d3a9eacee,UNRESOLVED,0
4454a0dd-b389-f111-ab10-6045bdd69435,Establishing Glory,jm1_canonicalstatus;jm1_canonicaltitlereference;jm1_canonicalauthorcontactreference;jm1_sourceauthority,DUPLICATE_RECORD,4454a0dd-b389-f111-ab10-6045bdd69435,UNRESOLVED,0
4554a0dd-b389-f111-ab10-6045bdd69435,Establishing Glory,jm1_canonicalstatus;jm1_canonicaltitlereference;jm1_canonicalauthorcontactreference;jm1_sourceauthority,DUPLICATE_RECORD,4554a0dd-b389-f111-ab10-6045bdd69435,UNRESOLVED,0
b37e1ee0-b389-f111-ab10-000d3a14673b,Establishing Glory,jm1_canonicalstatus;jm1_canonicaltitlereference;jm1_canonicalauthorcontactreference;jm1_sourceauthority,DUPLICATE_RECORD,b37e1ee0-b389-f111-ab10-000d3a14673b,UNRESOLVED,0
154097e0-b389-f111-ab10-00224820105b,Establishing Glory,jm1_canonicalstatus;jm1_canonicaltitlereference;jm1_canonicalauthorcontactreference;jm1_sourceauthority,DUPLICATE_RECORD,154097e0-b389-f111-ab10-00224820105b,UNRESOLVED,0
249c7bde-b389-f111-ab10-6045bdd69678,Establishing Glory,jm1_canonicalstatus;jm1_canonicaltitlereference;jm1_canonicalauthorcontactreference;jm1_sourceauthority,DUPLICATE_RECORD,249c7bde-b389-f111-ab10-6045bdd69678,UNRESOLVED,0
54a0a0e0-b389-f111-ab10-6045bdd69738,Establishing Glory,jm1_canonicalstatus;jm1_canonicaltitlereference;jm1_canonicalauthorcontactreference;jm1_sourceauthority,DUPLICATE_RECORD,54a0a0e0-b389-f111-ab10-6045bdd69738,UNRESOLVED,0
55a0a0e0-b389-f111-ab10-6045bdd69738,Establishing Glory,jm1_canonicalstatus;jm1_canonicaltitlereference;jm1_canonicalauthorcontactreference;jm1_sourceauthority,DUPLICATE_RECORD,55a0a0e0-b389-f111-ab10-6045bdd69738,UNRESOLVED,0
9d5b72e0-b389-f111-ab10-7c1e525b15c2,Establishing Glory,jm1_canonicalstatus;jm1_canonicaltitlereference;jm1_canonicalauthorcontactreference;jm1_sourceauthority,DUPLICATE_RECORD,9d5b72e0-b389-f111-ab10-7c1e525b15c2,UNRESOLVED,0
9242c1c2-c37a-f111-ab0f-000d3a14673b,Establishing Glory,jm1_canonicalstatus;jm1_canonicaltitlereference;jm1_canonicalauthorcontactreference;jm1_sourceauthority,DUPLICATE_RECORD,9242c1c2-c37a-f111-ab0f-000d3a14673b,UNRESOLVED,0
174097e0-b389-f111-ab10-00224820105b,Establishing Glory 2,jm1_canonicalstatus;jm1_canonicaltitlereference;jm1_canonicalauthorcontactreference;jm1_sourceauthority,DUPLICATE_RECORD,174097e0-b389-f111-ab10-00224820105b,UNRESOLVED,0
4654a0dd-b389-f111-ab10-6045bdd69435,Establishing Glory 2,jm1_canonicalstatus;jm1_canonicaltitlereference;jm1_canonicalauthorcontactreference;jm1_sourceauthority,DUPLICATE_RECORD,4654a0dd-b389-f111-ab10-6045bdd69435,UNRESOLVED,0
299c7bde-b389-f111-ab10-6045bdd69678,Establishing Glory 2,jm1_canonicalstatus;jm1_canonicaltitlereference;jm1_canonicalauthorcontactreference;jm1_sourceauthority,DUPLICATE_RECORD,299c7bde-b389-f111-ab10-6045bdd69678,UNRESOLVED,0
9342c1c2-c37a-f111-ab0f-000d3a14673b,Establishing Glory 2,jm1_canonicalstatus;jm1_canonicaltitlereference;jm1_canonicalauthorcontactreference;jm1_sourceauthority,DUPLICATE_RECORD,9342c1c2-c37a-f111-ab0f-000d3a14673b,UNRESOLVED,0
2e9c7bde-b389-f111-ab10-6045bdd69678,Establishing Glory 3,jm1_canonicalstatus;jm1_canonicaltitlereference;jm1_canonicalauthorcontactreference;jm1_sourceauthority,DUPLICATE_RECORD,2e9c7bde-b389-f111-ab10-6045bdd69678,UNRESOLVED,0
a35b72e0-b389-f111-ab10-7c1e525b15c2,Establishing Glory 3,jm1_canonicalstatus;jm1_canonicaltitlereference;jm1_canonicalauthorcontactreference;jm1_sourceauthority,DUPLICATE_RECORD,a35b72e0-b389-f111-ab10-7c1e525b15c2,UNRESOLVED,0
a45b72e0-b389-f111-ab10-7c1e525b15c2,Establishing Glory 3,jm1_canonicalstatus;jm1_canonicaltitlereference;jm1_canonicalauthorcontactreference;jm1_sourceauthority,DUPLICATE_RECORD,a45b72e0-b389-f111-ab10-7c1e525b15c2,UNRESOLVED,0
7e67a4c3-c37a-f111-ab0f-6045bdd69678,Establishing Glory 3,jm1_canonicalstatus;jm1_canonicaltitlereference;jm1_canonicalauthorcontactreference;jm1_sourceauthority,DUPLICATE_RECORD,7e67a4c3-c37a-f111-ab0f-6045bdd69678,UNRESOLVED,0
b47e1ee0-b389-f111-ab10-000d3a14673b,Establishing Glory: The Praise and Worship Handbook,jm1_canonicalstatus;jm1_canonicaltitlereference;jm1_canonicalauthorcontactreference;jm1_sourceauthority,DUPLICATE_RECORD,b47e1ee0-b389-f111-ab10-000d3a14673b,UNRESOLVED,0
56a0a0e0-b389-f111-ab10-6045bdd69738,Establishing Glory: The Praise and Worship Handbook,jm1_canonicalstatus;jm1_canonicaltitlereference;jm1_canonicalauthorcontactreference;jm1_sourceauthority,DUPLICATE_RECORD,56a0a0e0-b389-f111-ab10-6045bdd69738,UNRESOLVED,0
b1b61ac7-c37a-f111-ab0f-00224820105b,Establishing Glory: The Praise and Worship Handbook,jm1_canonicalstatus;jm1_canonicaltitlereference;jm1_canonicalauthorcontactreference;jm1_sourceauthority,DUPLICATE_RECORD,b1b61ac7-c37a-f111-ab0f-00224820105b,UNRESOLVED,0
194097e0-b389-f111-ab10-00224820105b,Establishing Glory: The Relationship Handbook,jm1_canonicalstatus;jm1_canonicaltitlereference;jm1_canonicalauthorcontactreference;jm1_sourceauthority,DUPLICATE_RECORD,194097e0-b389-f111-ab10-00224820105b,UNRESOLVED,0
dbb71ac7-c37a-f111-ab0f-00224820105b,Establishing Glory: The Relationship Handbook,jm1_canonicalstatus;jm1_canonicaltitlereference;jm1_canonicalauthorcontactreference;jm1_sourceauthority,DUPLICATE_RECORD,dbb71ac7-c37a-f111-ab0f-00224820105b,UNRESOLVED,0
161405c7-c37a-f111-ab0f-7c1e525b15c2,"Focus, Trust, & Follow",jm1_canonicalstatus;jm1_canonicaltitlereference;jm1_canonicalauthorcontactreference;jm1_sourceauthority,DUPLICATE_RECORD,161405c7-c37a-f111-ab0f-7c1e525b15c2,UNRESOLVED,0
a65b72e0-b389-f111-ab10-7c1e525b15c2,Getting Back 2 Happy,jm1_canonicalstatus;jm1_canonicaltitlereference;jm1_canonicalauthorcontactreference;jm1_sourceauthority,DUPLICATE_RECORD,a65b72e0-b389-f111-ab10-7c1e525b15c2,UNRESOLVED,0
5a54a0dd-b389-f111-ab10-6045bdd69435,Getting Back 2 Happy: The Chronicles of Tabby (Unabridged),jm1_canonicalstatus;jm1_canonicaltitlereference;jm1_canonicalauthorcontactreference;jm1_sourceauthority,DUPLICATE_RECORD,5a54a0dd-b389-f111-ab10-6045bdd69435,UNRESOLVED,0
9542c1c2-c37a-f111-ab0f-000d3a14673b,Getting Back 2 Happy: The Chronicles of Tabby (Unabridged),jm1_canonicalstatus;jm1_canonicaltitlereference;jm1_canonicalauthorcontactreference;jm1_sourceauthority,DUPLICATE_RECORD,9542c1c2-c37a-f111-ab0f-000d3a14673b,UNRESOLVED,0
1e4097e0-b389-f111-ab10-00224820105b,"Girl, Did You Know...?",jm1_canonicalstatus;jm1_canonicaltitlereference;jm1_canonicalauthorcontactreference;jm1_sourceauthority,DUPLICATE_RECORD,1e4097e0-b389-f111-ab10-00224820105b,UNRESOLVED,0
d0b91ac7-c37a-f111-ab0f-00224820105b,"Girl, Did You Know…?",jm1_canonicalstatus;jm1_canonicaltitlereference;jm1_canonicalauthorcontactreference;jm1_sourceauthority,DUPLICATE_RECORD,d0b91ac7-c37a-f111-ab0f-00224820105b,UNRESOLVED,0
6454a0dd-b389-f111-ab10-6045bdd69435,"Girl, You're Not Crazy. You're Dealing With a Narcissist",jm1_canonicalstatus;jm1_canonicaltitlereference;jm1_canonicalauthorcontactreference;jm1_sourceauthority,DUPLICATE_RECORD,6454a0dd-b389-f111-ab10-6045bdd69435,contact:4a56c9ff-4389-f111-ab10-6045bdd69678,0
7f67a4c3-c37a-f111-ab0f-6045bdd69678,God’s Business Plan,jm1_canonicalstatus;jm1_canonicaltitlereference;jm1_canonicalauthorcontactreference;jm1_sourceauthority,DUPLICATE_RECORD,7f67a4c3-c37a-f111-ab0f-6045bdd69678,UNRESOLVED,0
7e000573-cc7a-f111-ab0f-7c1e525b15c2,God's Nudge,jm1_canonicalstatus;jm1_canonicaltitlereference;jm1_canonicalauthorcontactreference;jm1_sourceauthority,DUPLICATE_RECORD,7e000573-cc7a-f111-ab0f-7c1e525b15c2,UNRESOLVED,0
6209d7cb-c27a-f111-ab0f-6045bdd69678,God's Word For This World,jm1_canonicalstatus;jm1_canonicaltitlereference;jm1_canonicalauthorcontactreference;jm1_sourceauthority,DUPLICATE_RECORD,6209d7cb-c27a-f111-ab0f-6045bdd69678,UNRESOLVED,0
c2ed8074-cc7a-f111-ab0f-6045bdd69435,God’s Word For This World,jm1_canonicalstatus;jm1_canonicaltitlereference;jm1_canonicalauthorcontactreference;jm1_sourceauthority,DUPLICATE_RECORD,c2ed8074-cc7a-f111-ab0f-6045bdd69435,UNRESOLVED,0
9d42c1c2-c37a-f111-ab0f-000d3a14673b,Grandmothers Educating Minds,jm1_canonicalstatus;jm1_canonicaltitlereference;jm1_canonicalauthorcontactreference;jm1_sourceauthority,DUPLICATE_RECORD,9d42c1c2-c37a-f111-ab0f-000d3a14673b,UNRESOLVED,0
db5b72e0-b389-f111-ab10-7c1e525b15c2,Have You Considered My Servant?,jm1_canonicalstatus;jm1_canonicaltitlereference;jm1_canonicalauthorcontactreference;jm1_sourceauthority,DUPLICATE_RECORD,db5b72e0-b389-f111-ab10-7c1e525b15c2,UNRESOLVED,0
d6b91ac7-c37a-f111-ab0f-00224820105b,"Help God, I Am - the Collection",jm1_canonicalstatus;jm1_canonicaltitlereference;jm1_canonicalauthorcontactreference;jm1_sourceauthority,DUPLICATE_RECORD,d6b91ac7-c37a-f111-ab0f-00224820105b,UNRESOLVED,0
e55b72e0-b389-f111-ab10-7c1e525b15c2,"Help God, I Am - The Collection",jm1_canonicalstatus;jm1_canonicaltitlereference;jm1_canonicalauthorcontactreference;jm1_sourceauthority,DUPLICATE_RECORD,e55b72e0-b389-f111-ab10-7c1e525b15c2,UNRESOLVED,0
2a4097e0-b389-f111-ab10-00224820105b,"Help God, I Am Afraid",jm1_canonicalstatus;jm1_canonicaltitlereference;jm1_canonicalauthorcontactreference;jm1_sourceauthority,DUPLICATE_RECORD,2a4097e0-b389-f111-ab10-00224820105b,UNRESOLVED,0
f05b72e0-b389-f111-ab10-7c1e525b15c2,"Help God, I Am Angry",jm1_canonicalstatus;jm1_canonicaltitlereference;jm1_canonicalauthorcontactreference;jm1_sourceauthority,DUPLICATE_RECORD,f05b72e0-b389-f111-ab10-7c1e525b15c2,UNRESOLVED,0
5ca0a0e0-b389-f111-ab10-6045bdd69738,"Help God, I Am Confused",jm1_canonicalstatus;jm1_canonicaltitlereference;jm1_canonicalauthorcontactreference;jm1_sourceauthority,DUPLICATE_RECORD,5ca0a0e0-b389-f111-ab10-6045bdd69738,UNRESOLVED,0
b97e1ee0-b389-f111-ab10-000d3a14673b,"Help God, I Am Hurt",jm1_canonicalstatus;jm1_canonicaltitlereference;jm1_canonicalauthorcontactreference;jm1_sourceauthority,DUPLICATE_RECORD,b97e1ee0-b389-f111-ab10-000d3a14673b,UNRESOLVED,0
b3a6c7e3-b389-f111-ab10-000d3a9eacee,"Help God, I Am Lonely",jm1_canonicalstatus;jm1_canonicaltitlereference;jm1_canonicalauthorcontactreference;jm1_sourceauthority,DUPLICATE_RECORD,b3a6c7e3-b389-f111-ab10-000d3a9eacee,UNRESOLVED,0
b5a6c7e3-b389-f111-ab10-000d3a9eacee,"Help God, I Am Lost",jm1_canonicalstatus;jm1_canonicaltitlereference;jm1_canonicalauthorcontactreference;jm1_sourceauthority,DUPLICATE_RECORD,b5a6c7e3-b389-f111-ab10-000d3a9eacee,UNRESOLVED,0
bc7e1ee0-b389-f111-ab10-000d3a14673b,"Help God, I Am Sad",jm1_canonicalstatus;jm1_canonicaltitlereference;jm1_canonicalauthorcontactreference;jm1_sourceauthority,DUPLICATE_RECORD,bc7e1ee0-b389-f111-ab10-000d3a14673b,UNRESOLVED,0
73dea4e3-b389-f111-ab10-6045bdd69435,"Hop, Hop, Hop",jm1_canonicalstatus;jm1_canonicaltitlereference;jm1_canonicalauthorcontactreference;jm1_sourceauthority,DUPLICATE_RECORD,73dea4e3-b389-f111-ab10-6045bdd69435,UNRESOLVED,0
1c5c72e0-b389-f111-ab10-7c1e525b15c2,"Hop, Hop, Hop",jm1_canonicalstatus;jm1_canonicaltitlereference;jm1_canonicalauthorcontactreference;jm1_sourceauthority,DUPLICATE_RECORD,1c5c72e0-b389-f111-ab10-7c1e525b15c2,UNRESOLVED,0
564797d0-c27a-f111-ab0f-7c1e525b15c2,"Hop, Hop, Hop",jm1_canonicalstatus;jm1_canonicaltitlereference;jm1_canonicalauthorcontactreference;jm1_sourceauthority,DUPLICATE_RECORD,564797d0-c27a-f111-ab0f-7c1e525b15c2,UNRESOLVED,0
c0ee73e4-b389-f111-ab10-6045bdd69678,Inner Peace Through Life's Storms,jm1_canonicalstatus;jm1_canonicaltitlereference;jm1_canonicalauthorcontactreference;jm1_sourceauthority,DUPLICATE_RECORD,c0ee73e4-b389-f111-ab10-6045bdd69678,UNRESOLVED,0
df0f6fd3-c27a-f111-ab0f-6045bdd69435,Inner Peace Through Life's Storms,jm1_canonicalstatus;jm1_canonicaltitlereference;jm1_canonicalauthorcontactreference;jm1_sourceauthority,DUPLICATE_RECORD,df0f6fd3-c27a-f111-ab0f-6045bdd69435,UNRESOLVED,0
61a0a0e0-b389-f111-ab10-6045bdd69738,Inspirations from God,jm1_canonicalstatus;jm1_canonicaltitlereference;jm1_canonicalauthorcontactreference;jm1_sourceauthority,DUPLICATE_RECORD,61a0a0e0-b389-f111-ab10-6045bdd69738,UNRESOLVED,0
574797d0-c27a-f111-ab0f-7c1e525b15c2,Just What I Needed,jm1_canonicalstatus;jm1_canonicaltitlereference;jm1_canonicalauthorcontactreference;jm1_sourceauthority,DUPLICATE_RECORD,574797d0-c27a-f111-ab0f-7c1e525b15c2,UNRESOLVED,0
665c72e0-b389-f111-ab10-7c1e525b15c2,Let Me Tell You about It,jm1_canonicalstatus;jm1_canonicaltitlereference;jm1_canonicalauthorcontactreference;jm1_sourceauthority,DUPLICATE_RECORD,665c72e0-b389-f111-ab10-7c1e525b15c2,UNRESOLVED,0
955c72e0-b389-f111-ab10-7c1e525b15c2,Loving the Addict,jm1_canonicalstatus;jm1_canonicaltitlereference;jm1_canonicalauthorcontactreference;jm1_sourceauthority,DUPLICATE_RECORD,955c72e0-b389-f111-ab10-7c1e525b15c2,UNRESOLVED,0
f9ee73e4-b389-f111-ab10-6045bdd69678,Melodies from Heaven,jm1_canonicalstatus;jm1_canonicaltitlereference;jm1_canonicalauthorcontactreference;jm1_sourceauthority,DUPLICATE_RECORD,f9ee73e4-b389-f111-ab10-6045bdd69678,UNRESOLVED,0
7edea4e3-b389-f111-ab10-6045bdd69435,Melodies From Heaven,jm1_canonicalstatus;jm1_canonicaltitlereference;jm1_canonicalauthorcontactreference;jm1_sourceauthority,DUPLICATE_RECORD,7edea4e3-b389-f111-ab10-6045bdd69435,UNRESOLVED,0
fdee73e4-b389-f111-ab10-6045bdd69678,More Than A Village,jm1_canonicalstatus;jm1_canonicaltitlereference;jm1_canonicalauthorcontactreference;jm1_sourceauthority,DUPLICATE_RECORD,fdee73e4-b389-f111-ab10-6045bdd69678,UNRESOLVED,0
83c2a2e6-b389-f111-ab10-6045bdd69738,Naughty Tales,jm1_canonicalstatus;jm1_canonicaltitlereference;jm1_canonicalauthorcontactreference;jm1_sourceauthority,DUPLICATE_RECORD,83c2a2e6-b389-f111-ab10-6045bdd69738,UNRESOLVED,0
a05f72d0-c27a-f111-ab0f-6045bdd69738,Naughty Tales,jm1_canonicalstatus;jm1_canonicaltitlereference;jm1_canonicalauthorcontactreference;jm1_sourceauthority,DUPLICATE_RECORD,a05f72d0-c27a-f111-ab0f-6045bdd69738,UNRESOLVED,0
992156cd-c37a-f111-ab0f-00224820105b,Peaches Can Do It!,jm1_canonicalstatus;jm1_canonicaltitlereference;jm1_canonicalauthorcontactreference;jm1_sourceauthority,DUPLICATE_RECORD,992156cd-c37a-f111-ab0f-00224820105b,UNRESOLVED,0
f78be1e6-b389-f111-ab10-000d3a14673b,Pretty Wings,jm1_canonicalstatus;jm1_canonicaltitlereference;jm1_canonicalauthorcontactreference;jm1_sourceauthority,DUPLICATE_RECORD,f78be1e6-b389-f111-ab10-000d3a14673b,UNRESOLVED,0
52e06ae6-b389-f111-ab10-7c1e525b15c2,Pretty Wings,jm1_canonicalstatus;jm1_canonicaltitlereference;jm1_canonicalauthorcontactreference;jm1_sourceauthority,DUPLICATE_RECORD,52e06ae6-b389-f111-ab10-7c1e525b15c2,UNRESOLVED,0
c7a6c7e3-b389-f111-ab10-000d3a9eacee,Rhyming It up with Church Stuff,jm1_canonicalstatus;jm1_canonicaltitlereference;jm1_canonicalauthorcontactreference;jm1_sourceauthority,DUPLICATE_RECORD,c7a6c7e3-b389-f111-ab10-000d3a9eacee,UNRESOLVED,0
87c2a2e6-b389-f111-ab10-6045bdd69738,Rhyming It up with Church Stuff,jm1_canonicalstatus;jm1_canonicaltitlereference;jm1_canonicalauthorcontactreference;jm1_sourceauthority,DUPLICATE_RECORD,87c2a2e6-b389-f111-ab10-6045bdd69738,UNRESOLVED,0
d5f603d3-c27a-f111-ab0f-000d3a14673b,Rhyming It up with Church Stuff,jm1_canonicalstatus;jm1_canonicaltitlereference;jm1_canonicalauthorcontactreference;jm1_sourceauthority,DUPLICATE_RECORD,d5f603d3-c27a-f111-ab0f-000d3a14673b,UNRESOLVED,0
a01a04cd-c27a-f111-ab0f-000d3a14673b,She,jm1_canonicalstatus;jm1_canonicaltitlereference;jm1_canonicalauthorcontactreference;jm1_sourceauthority,DUPLICATE_RECORD,a01a04cd-c27a-f111-ab0f-000d3a14673b,UNRESOLVED,0
8a8fefe6-b389-f111-ab10-00224820105b,Speech Therapy Works!,jm1_canonicalstatus;jm1_canonicaltitlereference;jm1_canonicalauthorcontactreference;jm1_sourceauthority,DUPLICATE_RECORD,8a8fefe6-b389-f111-ab10-00224820105b,UNRESOLVED,0
cda6c7e3-b389-f111-ab10-000d3a9eacee,The Celestial Advantage,jm1_canonicalstatus;jm1_canonicaltitlereference;jm1_canonicalauthorcontactreference;jm1_sourceauthority,DUPLICATE_RECORD,cda6c7e3-b389-f111-ab10-000d3a9eacee,UNRESOLVED,0
fc8be1e6-b389-f111-ab10-000d3a14673b,The Conquest of Azenga,jm1_canonicalstatus;jm1_canonicaltitlereference;jm1_canonicalauthorcontactreference;jm1_sourceauthority,DUPLICATE_RECORD,fc8be1e6-b389-f111-ab10-000d3a14673b,UNRESOLVED,0
8bdea4e3-b389-f111-ab10-6045bdd69435,The Conquest of Azenga,jm1_canonicalstatus;jm1_canonicaltitlereference;jm1_canonicalauthorcontactreference;jm1_sourceauthority,DUPLICATE_RECORD,8bdea4e3-b389-f111-ab10-6045bdd69435,UNRESOLVED,0
8d8fefe6-b389-f111-ab10-00224820105b,The Doctrine of Last Things,jm1_canonicalstatus;jm1_canonicaltitlereference;jm1_canonicalauthorcontactreference;jm1_sourceauthority,DUPLICATE_RECORD,8d8fefe6-b389-f111-ab10-00224820105b,UNRESOLVED,0
1fef73e4-b389-f111-ab10-6045bdd69678,The Doctrine of Last Things,jm1_canonicalstatus;jm1_canonicaltitlereference;jm1_canonicalauthorcontactreference;jm1_sourceauthority,DUPLICATE_RECORD,1fef73e4-b389-f111-ab10-6045bdd69678,UNRESOLVED,0
f96286cf-c37a-f111-ab0f-000d3a14673b,The Doctrine of Last Things,jm1_canonicalstatus;jm1_canonicaltitlereference;jm1_canonicalauthorcontactreference;jm1_sourceauthority,DUPLICATE_RECORD,f96286cf-c37a-f111-ab0f-000d3a14673b,UNRESOLVED,0
b67835ca-c37a-f111-ab0f-6045bdd69678,"The Essence of Life, Love Letters to Christ",jm1_canonicalstatus;jm1_canonicaltitlereference;jm1_canonicalauthorcontactreference;jm1_sourceauthority,DUPLICATE_RECORD,b67835ca-c37a-f111-ab0f-6045bdd69678,UNRESOLVED,0
fd8be1e6-b389-f111-ab10-000d3a14673b,The Fight for the Promiseland,jm1_canonicalstatus;jm1_canonicaltitlereference;jm1_canonicalauthorcontactreference;jm1_sourceauthority,DUPLICATE_RECORD,fd8be1e6-b389-f111-ab10-000d3a14673b,UNRESOLVED,0
8cc2a2e6-b389-f111-ab10-6045bdd69738,The Flame,jm1_canonicalstatus;jm1_canonicaltitlereference;jm1_canonicalauthorcontactreference;jm1_sourceauthority,DUPLICATE_RECORD,8cc2a2e6-b389-f111-ab10-6045bdd69738,UNRESOLVED,0
968fefe6-b389-f111-ab10-00224820105b,The I Am in Me,jm1_canonicalstatus;jm1_canonicaltitlereference;jm1_canonicalauthorcontactreference;jm1_sourceauthority,DUPLICATE_RECORD,968fefe6-b389-f111-ab10-00224820105b,UNRESOLVED,0
e8c1cae9-b389-f111-ab10-6045bdd69435,The I Am in Me,jm1_canonicalstatus;jm1_canonicaltitlereference;jm1_canonicalauthorcontactreference;jm1_sourceauthority,DUPLICATE_RECORD,e8c1cae9-b389-f111-ab10-6045bdd69435,UNRESOLVED,0
0b6386cf-c37a-f111-ab0f-000d3a14673b,The I Am in Me,jm1_canonicalstatus;jm1_canonicaltitlereference;jm1_canonicalauthorcontactreference;jm1_sourceauthority,DUPLICATE_RECORD,0b6386cf-c37a-f111-ab0f-000d3a14673b,UNRESOLVED,0
e9c1cae9-b389-f111-ab10-6045bdd69435,The I Am in Me Part 2,jm1_canonicalstatus;jm1_canonicaltitlereference;jm1_canonicalauthorcontactreference;jm1_sourceauthority,DUPLICATE_RECORD,e9c1cae9-b389-f111-ab10-6045bdd69435,UNRESOLVED,0
8fc2a2e6-b389-f111-ab10-6045bdd69738,The I Am in Me Part 2,jm1_canonicalstatus;jm1_canonicaltitlereference;jm1_canonicalauthorcontactreference;jm1_sourceauthority,DUPLICATE_RECORD,8fc2a2e6-b389-f111-ab10-6045bdd69738,UNRESOLVED,0
3d37c9d0-c37a-f111-ab0f-6045bdd69678,The I Am in Me Part 2,jm1_canonicalstatus;jm1_canonicaltitlereference;jm1_canonicalauthorcontactreference;jm1_sourceauthority,DUPLICATE_RECORD,3d37c9d0-c37a-f111-ab0f-6045bdd69678,UNRESOLVED,0
0b2ac7e9-b389-f111-ab10-000d3a9eacee,The Journey,jm1_canonicalstatus;jm1_canonicaltitlereference;jm1_canonicalauthorcontactreference;jm1_sourceauthority,DUPLICATE_RECORD,0b2ac7e9-b389-f111-ab10-000d3a9eacee,UNRESOLVED,0
18e01ad3-c27a-f111-ab0f-6045bdd69678,The Little Girl with the Plow,jm1_canonicalstatus;jm1_canonicaltitlereference;jm1_canonicalauthorcontactreference;jm1_sourceauthority,DUPLICATE_RECORD,18e01ad3-c27a-f111-ab0f-6045bdd69678,UNRESOLVED,0
978fefe6-b389-f111-ab10-00224820105b,The Little Girl with the Plow!,jm1_canonicalstatus;jm1_canonicaltitlereference;jm1_canonicalauthorcontactreference;jm1_sourceauthority,DUPLICATE_RECORD,978fefe6-b389-f111-ab10-00224820105b,UNRESOLVED,0
95e16ae6-b389-f111-ab10-7c1e525b15c2,The Little Girl with the Plow!,jm1_canonicalstatus;jm1_canonicaltitlereference;jm1_canonicalauthorcontactreference;jm1_sourceauthority,DUPLICATE_RECORD,95e16ae6-b389-f111-ab10-7c1e525b15c2,UNRESOLVED,0
a12556cd-c37a-f111-ab0f-00224820105b,The Little Girl with the Plow!,jm1_canonicalstatus;jm1_canonicaltitlereference;jm1_canonicalauthorcontactreference;jm1_sourceauthority,DUPLICATE_RECORD,a12556cd-c37a-f111-ab0f-00224820105b,UNRESOLVED,0
8f5f72d0-c27a-f111-ab0f-6045bdd69738,The Never Before Told Story of the Gelatin Monster,jm1_canonicalstatus;jm1_canonicaltitlereference;jm1_canonicalauthorcontactreference;jm1_sourceauthority,DUPLICATE_RECORD,8f5f72d0-c27a-f111-ab0f-6045bdd69738,UNRESOLVED,0
06c2cae9-b389-f111-ab10-6045bdd69435,The Paper Champ,jm1_canonicalstatus;jm1_canonicaltitlereference;jm1_canonicalauthorcontactreference;jm1_sourceauthority,DUPLICATE_RECORD,06c2cae9-b389-f111-ab10-6045bdd69435,UNRESOLVED,0
3ee961cd-c37a-f111-ab0f-7c1e525b15c2,What Goes up Must Come down Let's Face It,jm1_canonicalstatus;jm1_canonicaltitlereference;jm1_canonicalauthorcontactreference;jm1_sourceauthority,DUPLICATE_RECORD,3ee961cd-c37a-f111-ab0f-7c1e525b15c2,UNRESOLVED,0
1b2ac7e9-b389-f111-ab10-000d3a9eacee,You're Still Not Crazy,jm1_canonicalstatus;jm1_canonicaltitlereference;jm1_canonicalauthorcontactreference;jm1_sourceauthority,DUPLICATE_RECORD,1b2ac7e9-b389-f111-ab10-000d3a9eacee,UNRESOLVED,0
b50f6fd3-c27a-f111-ab0f-6045bdd69435,"Your brain has too much what, mommy",jm1_canonicalstatus;jm1_canonicaltitlereference;jm1_canonicalauthorcontactreference;jm1_sourceauthority,DUPLICATE_RECORD,b50f6fd3-c27a-f111-ab0f-6045bdd69435,UNRESOLVED,0
236386cf-c37a-f111-ab0f-000d3a14673b,"Your Brain Has Too Much What, Mommy??",jm1_canonicalstatus;jm1_canonicaltitlereference;jm1_canonicalauthorcontactreference;jm1_sourceauthority,DUPLICATE_RECORD,236386cf-c37a-f111-ab0f-000d3a14673b,UNRESOLVED,0
39515cd9-7a8a-f111-ab10-000d3a1a9efa,JM1 Duplicate Proof 20260727173641,jm1_canonicalstatus;jm1_canonicaltitlereference;jm1_canonicalauthorcontactreference;jm1_sourceauthority,CANONICAL_PUBLISHED_TITLE,39515cd9-7a8a-f111-ab10-000d3a1a9efa,contact:b4c10ec6-e189-f111-ab10-000d3a14673b,0
81c81786-4889-f111-ab10-000d3a14673b,JM1 Preview Synthetic Artifact A,jm1_canonicalstatus;jm1_canonicaltitlereference;jm1_canonicalauthorcontactreference;jm1_sourceauthority,CANONICAL_PUBLISHED_TITLE,81c81786-4889-f111-ab10-000d3a14673b,UNRESOLVED,0
8de10c93-4a89-f111-ab10-7c1e525b15c2,JM1 Preview Synthetic Artifact B,jm1_canonicalstatus;jm1_canonicaltitlereference;jm1_canonicalauthorcontactreference;jm1_sourceauthority,CANONICAL_PUBLISHED_TITLE,8de10c93-4a89-f111-ab10-7c1e525b15c2,UNRESOLVED,0
17b02bdb-7a8a-f111-ab10-6045bdd69678,JM1 Synthetic Intake Final Proof 20260727170349,jm1_canonicalstatus;jm1_canonicaltitlereference;jm1_canonicalauthorcontactreference;jm1_sourceauthority,CANONICAL_PUBLISHED_TITLE,17b02bdb-7a8a-f111-ab10-6045bdd69678,contact:b6f4292d-dd89-f111-ab10-7c1e525b15c2,0
14b02bdb-7a8a-f111-ab10-6045bdd69678,JM1 Synthetic Intake Final Proof 20260727172010,jm1_canonicalstatus;jm1_canonicaltitlereference;jm1_canonicalauthorcontactreference;jm1_sourceauthority,CANONICAL_PUBLISHED_TITLE,14b02bdb-7a8a-f111-ab10-6045bdd69678,contact:8bfe3c7e-df89-f111-ab10-000d3a9eacee,0
f2af2bdb-7a8a-f111-ab10-6045bdd69678,JM1 Synthetic Intake Restored Proof 20260727173332,jm1_canonicalstatus;jm1_canonicaltitlereference;jm1_canonicalauthorcontactreference;jm1_sourceauthority,CANONICAL_PUBLISHED_TITLE,f2af2bdb-7a8a-f111-ab10-6045bdd69678,contact:17a34853-e189-f111-ab10-6045bdd69678,0
7a8102e6-698b-f111-ab10-7c1e525b15c2,GATE-W1 App Service Staging DOCX Join 1785342161378,jm1_canonicalstatus;jm1_canonicaltitlereference;jm1_canonicalauthorcontactreference;jm1_sourceauthority,CANONICAL_PUBLISHED_TITLE,7a8102e6-698b-f111-ab10-7c1e525b15c2,contact:fb3174bb-698b-f111-ab10-7c1e525b15c2,0
11590673-6a8b-f111-ab10-7c1e525b15c2,GATE-W1 App Service Staging Long DOCX Join 1785342346355,jm1_canonicalstatus;jm1_canonicaltitlereference;jm1_canonicalauthorcontactreference;jm1_sourceauthority,CANONICAL_PUBLISHED_TITLE,11590673-6a8b-f111-ab10-7c1e525b15c2,contact:aaf48125-6a8b-f111-ab10-00224820105b,0
a31f2e58-698b-f111-ab0f-7ced8dce6fda,GATE-W1 App Service Staging Multipart Join 1785341972350,jm1_canonicalstatus;jm1_canonicaltitlereference;jm1_canonicalauthorcontactreference;jm1_sourceauthority,CANONICAL_PUBLISHED_TITLE,a31f2e58-698b-f111-ab0f-7ced8dce6fda,contact:0e117451-698b-f111-ab0f-7ced8dce6fda,0
8bcc42c8-688b-f111-ab10-7c1e525b15c2,GATE-W1 App Service Staging Positive Join 1785341427544,jm1_canonicalstatus;jm1_canonicaltitlereference;jm1_canonicalauthorcontactreference;jm1_sourceauthority,CANONICAL_PUBLISHED_TITLE,8bcc42c8-688b-f111-ab10-7c1e525b15c2,contact:c9f0e789-688b-f111-ab0f-7ced8dce6fda,0
7f9b991c-418b-f111-ab10-7c1e525b15c2,GATE-W1 Synthetic Certification Manuscript 20260729,jm1_canonicalstatus;jm1_canonicaltitlereference;jm1_canonicalauthorcontactreference;jm1_sourceauthority,CANONICAL_PUBLISHED_TITLE,7f9b991c-418b-f111-ab10-7c1e525b15c2,contact:8812feed-408b-f111-ab10-6045bdd69678,0
48e831f0-418b-f111-ab10-000d3a1a9efa,GATE-W1 Synthetic Recommendation Manuscript 20260729,jm1_canonicalstatus;jm1_canonicaltitlereference;jm1_canonicalauthorcontactreference;jm1_sourceauthority,CANONICAL_PUBLISHED_TITLE,48e831f0-418b-f111-ab10-000d3a1a9efa,contact:8b2a87d4-418b-f111-ab10-000d3a1a9efa,0
f79006b7-f595-f111-8076-00224820105b,'TIL DEATH DO US PART,jm1_canonicalstatus;jm1_canonicaltitlereference;jm1_canonicalauthorcontactreference;jm1_sourceauthority,CANONICAL_PUBLISHED_TITLE,f79006b7-f595-f111-8076-00224820105b,contact:d38aa56a-882a-f111-88b4-6045bdd69678; authorProfile:1f0188ca-71a5-f111-b8de-7c1e525b15c2,0
ca68c994-fd89-f111-ab10-00224820105b,Untitled,jm1_canonicalstatus;jm1_canonicaltitlereference;jm1_canonicalauthorcontactreference;jm1_sourceauthority,CANONICAL_PUBLISHED_TITLE,ca68c994-fd89-f111-ab10-00224820105b,contact:46a4cc9c-778a-f111-ab10-7c1e525b15c2,0
d8e69bd7-b389-f111-ab10-6045bdd69435,27 Days to Overcoming Depression,jm1_canonicalstatus;jm1_canonicaltitlereference;jm1_canonicalauthorcontactreference;jm1_sourceauthority,DUPLICATE_RECORD,d8e69bd7-b389-f111-ab10-6045bdd69435,UNRESOLVED,0
dee69bd7-b389-f111-ab10-6045bdd69435,365 Days Of Transparency,jm1_canonicalstatus;jm1_canonicaltitlereference;jm1_canonicalauthorcontactreference;jm1_sourceauthority,DUPLICATE_RECORD,dee69bd7-b389-f111-ab10-6045bdd69435,UNRESOLVED,0
4b9a11da-b389-f111-ab10-6045bdd69738,A Blended Family,jm1_canonicalstatus;jm1_canonicaltitlereference;jm1_canonicalauthorcontactreference;jm1_sourceauthority,DUPLICATE_RECORD,4b9a11da-b389-f111-ab10-6045bdd69738,UNRESOLVED,0
f47d1ada-b389-f111-ab10-7c1e525b15c2,A Blended Family,jm1_canonicalstatus;jm1_canonicaltitlereference;jm1_canonicalauthorcontactreference;jm1_sourceauthority,DUPLICATE_RECORD,f47d1ada-b389-f111-ab10-7c1e525b15c2,UNRESOLVED,0
9fe382d8-b389-f111-ab10-6045bdd69678,A Little Bit of Everything,jm1_canonicalstatus;jm1_canonicaltitlereference;jm1_canonicalauthorcontactreference;jm1_sourceauthority,DUPLICATE_RECORD,9fe382d8-b389-f111-ab10-6045bdd69678,UNRESOLVED,0
a3e382d8-b389-f111-ab10-6045bdd69678,A Little Bit of Everything,jm1_canonicalstatus;jm1_canonicaltitlereference;jm1_canonicalauthorcontactreference;jm1_sourceauthority,DUPLICATE_RECORD,a3e382d8-b389-f111-ab10-6045bdd69678,UNRESOLVED,0
abe382d8-b389-f111-ab10-6045bdd69678,A Principal's Tale,jm1_canonicalstatus;jm1_canonicaltitlereference;jm1_canonicalauthorcontactreference;jm1_sourceauthority,DUPLICATE_RECORD,abe382d8-b389-f111-ab10-6045bdd69678,UNRESOLVED,0
509a11da-b389-f111-ab10-6045bdd69738,According to Mark,jm1_canonicalstatus;jm1_canonicaltitlereference;jm1_canonicalauthorcontactreference;jm1_sourceauthority,DUPLICATE_RECORD,509a11da-b389-f111-ab10-6045bdd69738,UNRESOLVED,0
2754a0dd-b389-f111-ab10-6045bdd69435,According to Mark,jm1_canonicalstatus;jm1_canonicaltitlereference;jm1_canonicalauthorcontactreference;jm1_sourceauthority,DUPLICATE_RECORD,2754a0dd-b389-f111-ab10-6045bdd69435,UNRESOLVED,0
f87d1ada-b389-f111-ab10-7c1e525b15c2,According to Mark,jm1_canonicalstatus;jm1_canonicaltitlereference;jm1_canonicalauthorcontactreference;jm1_sourceauthority,DUPLICATE_RECORD,f87d1ada-b389-f111-ab10-7c1e525b15c2,UNRESOLVED,0
549a11da-b389-f111-ab10-6045bdd69738,Are You Sure That You Are Ready?,jm1_canonicalstatus;jm1_canonicaltitlereference;jm1_canonicalauthorcontactreference;jm1_sourceauthority,DUPLICATE_RECORD,549a11da-b389-f111-ab10-6045bdd69738,UNRESOLVED,0
a60402da-b389-f111-ab10-000d3a14673b,BEE Careful,jm1_canonicalstatus;jm1_canonicaltitlereference;jm1_canonicalauthorcontactreference;jm1_sourceauthority,DUPLICATE_RECORD,a60402da-b389-f111-ab10-000d3a14673b,UNRESOLVED,0
04dac7dd-b389-f111-ab10-000d3a9eacee,BEE Careful,jm1_canonicalstatus;jm1_canonicaltitlereference;jm1_canonicalauthorcontactreference;jm1_sourceauthority,DUPLICATE_RECORD,04dac7dd-b389-f111-ab10-000d3a9eacee,UNRESOLVED,0
06dac7dd-b389-f111-ab10-000d3a9eacee,BEE Careful,jm1_canonicalstatus;jm1_canonicaltitlereference;jm1_canonicalauthorcontactreference;jm1_sourceauthority,DUPLICATE_RECORD,06dac7dd-b389-f111-ab10-000d3a9eacee,UNRESOLVED,0
079c7bde-b389-f111-ab10-6045bdd69678,BEE Careful,jm1_canonicalstatus;jm1_canonicaltitlereference;jm1_canonicalauthorcontactreference;jm1_sourceauthority,DUPLICATE_RECORD,079c7bde-b389-f111-ab10-6045bdd69678,UNRESOLVED,0
559a11da-b389-f111-ab10-6045bdd69738,BEE Careful,jm1_canonicalstatus;jm1_canonicaltitlereference;jm1_canonicalauthorcontactreference;jm1_sourceauthority,DUPLICATE_RECORD,559a11da-b389-f111-ab10-6045bdd69738,UNRESOLVED,0
569a11da-b389-f111-ab10-6045bdd69738,Biblical Prescriptions For Life's Troubles,jm1_canonicalstatus;jm1_canonicaltitlereference;jm1_canonicalauthorcontactreference;jm1_sourceauthority,DUPLICATE_RECORD,569a11da-b389-f111-ab10-6045bdd69738,UNRESOLVED,0
07dac7dd-b389-f111-ab10-000d3a9eacee,Bodacious,jm1_canonicalstatus;jm1_canonicaltitlereference;jm1_canonicalauthorcontactreference;jm1_sourceauthority,DUPLICATE_RECORD,07dac7dd-b389-f111-ab10-000d3a9eacee,UNRESOLVED,0
943582da-b389-f111-ab10-00224820105b,Conquer Your Fears and Win,jm1_canonicalstatus;jm1_canonicaltitlereference;jm1_canonicalauthorcontactreference;jm1_sourceauthority,DUPLICATE_RECORD,943582da-b389-f111-ab10-00224820105b,UNRESOLVED,0
139c7bde-b389-f111-ab10-6045bdd69678,Conquer Your Fears and Win,jm1_canonicalstatus;jm1_canonicaltitlereference;jm1_canonicalauthorcontactreference;jm1_sourceauthority,DUPLICATE_RECORD,139c7bde-b389-f111-ab10-6045bdd69678,UNRESOLVED,0
af7e1ee0-b389-f111-ab10-000d3a14673b,Destined to Break the Curse,jm1_canonicalstatus;jm1_canonicaltitlereference;jm1_canonicalauthorcontactreference;jm1_sourceauthority,DUPLICATE_RECORD,af7e1ee0-b389-f111-ab10-000d3a14673b,UNRESOLVED,0
3654a0dd-b389-f111-ab10-6045bdd69435,Destined To Break The Curse Devotional,jm1_canonicalstatus;jm1_canonicaltitlereference;jm1_canonicalauthorcontactreference;jm1_sourceauthority,DUPLICATE_RECORD,3654a0dd-b389-f111-ab10-6045bdd69435,UNRESOLVED,0
b17e1ee0-b389-f111-ab10-000d3a14673b,Discipline and Direction,jm1_canonicalstatus;jm1_canonicaltitlereference;jm1_canonicalauthorcontactreference;jm1_sourceauthority,DUPLICATE_RECORD,b17e1ee0-b389-f111-ab10-000d3a14673b,UNRESOLVED,0
b27e1ee0-b389-f111-ab10-000d3a14673b,Divinely Inspired,jm1_canonicalstatus;jm1_canonicaltitlereference;jm1_canonicalauthorcontactreference;jm1_sourceauthority,DUPLICATE_RECORD,b27e1ee0-b389-f111-ab10-000d3a14673b,UNRESOLVED,0
15dac7dd-b389-f111-ab10-000d3a9eacee,Divinely Inspired,jm1_canonicalstatus;jm1_canonicaltitlereference;jm1_canonicalauthorcontactreference;jm1_sourceauthority,DUPLICATE_RECORD,15dac7dd-b389-f111-ab10-000d3a9eacee,UNRESOLVED,0
5154a0dd-b389-f111-ab10-6045bdd69435,"Focus, Trust, & Follow",jm1_canonicalstatus;jm1_canonicaltitlereference;jm1_canonicalauthorcontactreference;jm1_sourceauthority,DUPLICATE_RECORD,5154a0dd-b389-f111-ab10-6045bdd69435,UNRESOLVED,0
b67e1ee0-b389-f111-ab10-000d3a14673b,From Stylist to CEO,jm1_canonicalstatus;jm1_canonicaltitlereference;jm1_canonicalauthorcontactreference;jm1_sourceauthority,DUPLICATE_RECORD,b67e1ee0-b389-f111-ab10-000d3a14673b,UNRESOLVED,0
1d4097e0-b389-f111-ab10-00224820105b,From Stylist to CEO,jm1_canonicalstatus;jm1_canonicaltitlereference;jm1_canonicalauthorcontactreference;jm1_sourceauthority,DUPLICATE_RECORD,1d4097e0-b389-f111-ab10-00224820105b,UNRESOLVED,0
24e01ad3-c27a-f111-ab0f-6045bdd69678,From Stylist to CEO,jm1_canonicalstatus;jm1_canonicaltitlereference;jm1_canonicalauthorcontactreference;jm1_sourceauthority,DUPLICATE_RECORD,24e01ad3-c27a-f111-ab0f-6045bdd69678,UNRESOLVED,0
57a0a0e0-b389-f111-ab10-6045bdd69738,God’s Business Plan,jm1_canonicalstatus;jm1_canonicaltitlereference;jm1_canonicalauthorcontactreference;jm1_sourceauthority,DUPLICATE_RECORD,57a0a0e0-b389-f111-ab10-6045bdd69738,UNRESOLVED,0
58a0a0e0-b389-f111-ab10-6045bdd69738,God’s Business Plan,jm1_canonicalstatus;jm1_canonicaltitlereference;jm1_canonicalauthorcontactreference;jm1_sourceauthority,DUPLICATE_RECORD,58a0a0e0-b389-f111-ab10-6045bdd69738,UNRESOLVED,0
6b54a0dd-b389-f111-ab10-6045bdd69435,God's Word for This World,jm1_canonicalstatus;jm1_canonicaltitlereference;jm1_canonicalauthorcontactreference;jm1_sourceauthority,DUPLICATE_RECORD,6b54a0dd-b389-f111-ab10-6045bdd69435,UNRESOLVED,0
cd5b72e0-b389-f111-ab10-7c1e525b15c2,God's Word For This World,jm1_canonicalstatus;jm1_canonicaltitlereference;jm1_canonicalauthorcontactreference;jm1_sourceauthority,DUPLICATE_RECORD,cd5b72e0-b389-f111-ab10-7c1e525b15c2,UNRESOLVED,0
294097e0-b389-f111-ab10-00224820105b,Grandmothers Educating Minds,jm1_canonicalstatus;jm1_canonicaltitlereference;jm1_canonicalauthorcontactreference;jm1_sourceauthority,DUPLICATE_RECORD,294097e0-b389-f111-ab10-00224820105b,UNRESOLVED,0
59a0a0e0-b389-f111-ab10-6045bdd69738,Grandmothers Educating Minds,jm1_canonicalstatus;jm1_canonicaltitlereference;jm1_canonicalauthorcontactreference;jm1_sourceauthority,DUPLICATE_RECORD,59a0a0e0-b389-f111-ab10-6045bdd69738,UNRESOLVED,0
9a8904ca-c27a-f111-ab0f-6045bdd69738,"Grandmothers Educating Minds, 2nd Edition",jm1_canonicalstatus;jm1_canonicaltitlereference;jm1_canonicalauthorcontactreference;jm1_sourceauthority,LEGACY_TITLE_RECORD,9a8904ca-c27a-f111-ab0f-6045bdd69738,UNRESOLVED,0
bd7e1ee0-b389-f111-ab10-000d3a14673b,Hodge Podge of Life,jm1_canonicalstatus;jm1_canonicaltitlereference;jm1_canonicalauthorcontactreference;jm1_sourceauthority,DUPLICATE_RECORD,bd7e1ee0-b389-f111-ab10-000d3a14673b,UNRESOLVED,0
bf7e1ee0-b389-f111-ab10-000d3a14673b,I Am My Worst Enemy!,jm1_canonicalstatus;jm1_canonicaltitlereference;jm1_canonicalauthorcontactreference;jm1_sourceauthority,DUPLICATE_RECORD,bf7e1ee0-b389-f111-ab10-000d3a14673b,UNRESOLVED,0
c17e1ee0-b389-f111-ab10-000d3a14673b,Jalen Becomes a Big Brother,jm1_canonicalstatus;jm1_canonicaltitlereference;jm1_canonicalauthorcontactreference;jm1_sourceauthority,DUPLICATE_RECORD,c17e1ee0-b389-f111-ab10-000d3a14673b,UNRESOLVED,0
c4ee73e4-b389-f111-ab10-6045bdd69678,Jalen Becomes a Big Brother,jm1_canonicalstatus;jm1_canonicaltitlereference;jm1_canonicalauthorcontactreference;jm1_sourceauthority,DUPLICATE_RECORD,c4ee73e4-b389-f111-ab10-6045bdd69678,UNRESOLVED,0
b6a6c7e3-b389-f111-ab10-000d3a9eacee,Jewels by Lady J,jm1_canonicalstatus;jm1_canonicaltitlereference;jm1_canonicalauthorcontactreference;jm1_sourceauthority,DUPLICATE_RECORD,b6a6c7e3-b389-f111-ab10-000d3a9eacee,UNRESOLVED,0
79dea4e3-b389-f111-ab10-6045bdd69435,Jewels by Lady J,jm1_canonicalstatus;jm1_canonicaltitlereference;jm1_canonicalauthorcontactreference;jm1_sourceauthority,DUPLICATE_RECORD,79dea4e3-b389-f111-ab10-6045bdd69435,UNRESOLVED,0
c27e1ee0-b389-f111-ab10-000d3a14673b,Just What I Needed,jm1_canonicalstatus;jm1_canonicaltitlereference;jm1_canonicalauthorcontactreference;jm1_sourceauthority,DUPLICATE_RECORD,c27e1ee0-b389-f111-ab10-000d3a14673b,UNRESOLVED,0
454097e0-b389-f111-ab10-00224820105b,Just What I Needed,jm1_canonicalstatus;jm1_canonicaltitlereference;jm1_canonicalauthorcontactreference;jm1_sourceauthority,DUPLICATE_RECORD,454097e0-b389-f111-ab10-00224820105b,UNRESOLVED,0
7ddea4e3-b389-f111-ab10-6045bdd69435,Kingdom Equipment 101,jm1_canonicalstatus;jm1_canonicaltitlereference;jm1_canonicalauthorcontactreference;jm1_sourceauthority,DUPLICATE_RECORD,7ddea4e3-b389-f111-ab10-6045bdd69435,UNRESOLVED,0
ecee73e4-b389-f111-ab10-6045bdd69678,Lady Daphanny's Altar,jm1_canonicalstatus;jm1_canonicaltitlereference;jm1_canonicalauthorcontactreference;jm1_sourceauthority,DUPLICATE_RECORD,ecee73e4-b389-f111-ab10-6045bdd69678,UNRESOLVED,0
464097e0-b389-f111-ab10-00224820105b,Life After Detour,jm1_canonicalstatus;jm1_canonicaltitlereference;jm1_canonicalauthorcontactreference;jm1_sourceauthority,DUPLICATE_RECORD,464097e0-b389-f111-ab10-00224820105b,UNRESOLVED,0
62a0a0e0-b389-f111-ab10-6045bdd69738,Love Is An Action Word,jm1_canonicalstatus;jm1_canonicaltitlereference;jm1_canonicalauthorcontactreference;jm1_sourceauthority,DUPLICATE_RECORD,62a0a0e0-b389-f111-ab10-6045bdd69738,UNRESOLVED,0
845c72e0-b389-f111-ab10-7c1e525b15c2,Love Lucy,jm1_canonicalstatus;jm1_canonicaltitlereference;jm1_canonicalauthorcontactreference;jm1_sourceauthority,DUPLICATE_RECORD,845c72e0-b389-f111-ab10-7c1e525b15c2,UNRESOLVED,0
484097e0-b389-f111-ab10-00224820105b,Love of My Life,jm1_canonicalstatus;jm1_canonicaltitlereference;jm1_canonicalauthorcontactreference;jm1_sourceauthority,DUPLICATE_RECORD,484097e0-b389-f111-ab10-00224820105b,UNRESOLVED,0
474097e0-b389-f111-ab10-00224820105b,Love of My Life,jm1_canonicalstatus;jm1_canonicaltitlereference;jm1_canonicalauthorcontactreference;jm1_sourceauthority,DUPLICATE_RECORD,474097e0-b389-f111-ab10-00224820105b,UNRESOLVED,0
584797d0-c27a-f111-ab0f-7c1e525b15c2,Melodies from Heaven,jm1_canonicalstatus;jm1_canonicaltitlereference;jm1_canonicalauthorcontactreference;jm1_sourceauthority,DUPLICATE_RECORD,584797d0-c27a-f111-ab0f-7c1e525b15c2,UNRESOLVED,0
bca6c7e3-b389-f111-ab10-000d3a9eacee,Memoir of a Black Christian Nationalist,jm1_canonicalstatus;jm1_canonicaltitlereference;jm1_canonicalauthorcontactreference;jm1_sourceauthority,DUPLICATE_RECORD,bca6c7e3-b389-f111-ab10-000d3a9eacee,UNRESOLVED,0
63a0a0e0-b389-f111-ab10-6045bdd69738,Memoir of a Black Christian Nationalist,jm1_canonicalstatus;jm1_canonicaltitlereference;jm1_canonicalauthorcontactreference;jm1_sourceauthority,DUPLICATE_RECORD,63a0a0e0-b389-f111-ab10-6045bdd69738,UNRESOLVED,0
7fc2a2e6-b389-f111-ab10-6045bdd69738,Memoir of a Black Christian Nationalist,jm1_canonicalstatus;jm1_canonicaltitlereference;jm1_canonicalauthorcontactreference;jm1_sourceauthority,DUPLICATE_RECORD,7fc2a2e6-b389-f111-ab10-6045bdd69738,UNRESOLVED,0
f48be1e6-b389-f111-ab10-000d3a14673b,Mirror of Refining Insight,jm1_canonicalstatus;jm1_canonicaltitlereference;jm1_canonicalauthorcontactreference;jm1_sourceauthority,DUPLICATE_RECORD,f48be1e6-b389-f111-ab10-000d3a14673b,UNRESOLVED,0
a9df6ae6-b389-f111-ab10-7c1e525b15c2,Mirror of Refining Insight,jm1_canonicalstatus;jm1_canonicaltitlereference;jm1_canonicalauthorcontactreference;jm1_sourceauthority,DUPLICATE_RECORD,a9df6ae6-b389-f111-ab10-7c1e525b15c2,UNRESOLVED,0
82c2a2e6-b389-f111-ab10-6045bdd69738,Music Ministry Unplugged,jm1_canonicalstatus;jm1_canonicaltitlereference;jm1_canonicalauthorcontactreference;jm1_sourceauthority,DUPLICATE_RECORD,82c2a2e6-b389-f111-ab10-6045bdd69738,UNRESOLVED,0
d6df6ae6-b389-f111-ab10-7c1e525b15c2,My ABC's,jm1_canonicalstatus;jm1_canonicaltitlereference;jm1_canonicalauthorcontactreference;jm1_sourceauthority,DUPLICATE_RECORD,d6df6ae6-b389-f111-ab10-7c1e525b15c2,UNRESOLVED,0
bfa6c7e3-b389-f111-ab10-000d3a9eacee,Never Give Up On Love,jm1_canonicalstatus;jm1_canonicaltitlereference;jm1_canonicalauthorcontactreference;jm1_sourceauthority,DUPLICATE_RECORD,bfa6c7e3-b389-f111-ab10-000d3a9eacee,UNRESOLVED,0
f58be1e6-b389-f111-ab10-000d3a14673b,Number 23 and Me,jm1_canonicalstatus;jm1_canonicaltitlereference;jm1_canonicalauthorcontactreference;jm1_sourceauthority,DUPLICATE_RECORD,f58be1e6-b389-f111-ab10-000d3a14673b,UNRESOLVED,0
0cef73e4-b389-f111-ab10-6045bdd69678,One Soul,jm1_canonicalstatus;jm1_canonicaltitlereference;jm1_canonicalauthorcontactreference;jm1_sourceauthority,DUPLICATE_RECORD,0cef73e4-b389-f111-ab10-6045bdd69678,UNRESOLVED,0
878fefe6-b389-f111-ab10-00224820105b,Ordinary People Searching for Greatness,jm1_canonicalstatus;jm1_canonicaltitlereference;jm1_canonicalauthorcontactreference;jm1_sourceauthority,DUPLICATE_RECORD,878fefe6-b389-f111-ab10-00224820105b,UNRESOLVED,0
83dea4e3-b389-f111-ab10-6045bdd69435,Ordinary People Searching for Greatness,jm1_canonicalstatus;jm1_canonicaltitlereference;jm1_canonicalauthorcontactreference;jm1_sourceauthority,DUPLICATE_RECORD,83dea4e3-b389-f111-ab10-6045bdd69435,UNRESOLVED,0
10ef73e4-b389-f111-ab10-6045bdd69678,Peaches Can Do It!,jm1_canonicalstatus;jm1_canonicaltitlereference;jm1_canonicalauthorcontactreference;jm1_sourceauthority,DUPLICATE_RECORD,10ef73e4-b389-f111-ab10-6045bdd69678,UNRESOLVED,0
f68be1e6-b389-f111-ab10-000d3a14673b,Pieces of Me All Over the Place,jm1_canonicalstatus;jm1_canonicaltitlereference;jm1_canonicalauthorcontactreference;jm1_sourceauthority,DUPLICATE_RECORD,f68be1e6-b389-f111-ab10-000d3a14673b,UNRESOLVED,0
f1084bcd-c27a-f111-ab0f-00224820105b,Pretty Wings,jm1_canonicalstatus;jm1_canonicaltitlereference;jm1_canonicalauthorcontactreference;jm1_sourceauthority,DUPLICATE_RECORD,f1084bcd-c27a-f111-ab0f-00224820105b,UNRESOLVED,0
88c2a2e6-b389-f111-ab10-6045bdd69738,Seasons of Life,jm1_canonicalstatus;jm1_canonicaltitlereference;jm1_canonicalauthorcontactreference;jm1_sourceauthority,DUPLICATE_RECORD,88c2a2e6-b389-f111-ab10-6045bdd69738,UNRESOLVED,0
f88be1e6-b389-f111-ab10-000d3a14673b,She,jm1_canonicalstatus;jm1_canonicaltitlereference;jm1_canonicalauthorcontactreference;jm1_sourceauthority,DUPLICATE_RECORD,f88be1e6-b389-f111-ab10-000d3a14673b,UNRESOLVED,0
caa6c7e3-b389-f111-ab10-000d3a9eacee,SHE,jm1_canonicalstatus;jm1_canonicaltitlereference;jm1_canonicalauthorcontactreference;jm1_sourceauthority,DUPLICATE_RECORD,caa6c7e3-b389-f111-ab10-000d3a9eacee,UNRESOLVED,0
89dea4e3-b389-f111-ab10-6045bdd69435,Support Beyond the Cycle,jm1_canonicalstatus;jm1_canonicaltitlereference;jm1_canonicalauthorcontactreference;jm1_sourceauthority,DUPLICATE_RECORD,89dea4e3-b389-f111-ab10-6045bdd69435,UNRESOLVED,0
8b8fefe6-b389-f111-ab10-00224820105b,Taylor Made,jm1_canonicalstatus;jm1_canonicaltitlereference;jm1_canonicalauthorcontactreference;jm1_sourceauthority,DUPLICATE_RECORD,8b8fefe6-b389-f111-ab10-00224820105b,UNRESOLVED,0
8c8fefe6-b389-f111-ab10-00224820105b,Taylor Made,jm1_canonicalstatus;jm1_canonicaltitlereference;jm1_canonicalauthorcontactreference;jm1_sourceauthority,DUPLICATE_RECORD,8c8fefe6-b389-f111-ab10-00224820105b,UNRESOLVED,0
89c2a2e6-b389-f111-ab10-6045bdd69738,Taylor Made,jm1_canonicalstatus;jm1_canonicaltitlereference;jm1_canonicalauthorcontactreference;jm1_sourceauthority,DUPLICATE_RECORD,89c2a2e6-b389-f111-ab10-6045bdd69738,UNRESOLVED,0
c1f603d3-c27a-f111-ab0f-000d3a14673b,The ESSENCE of Life,jm1_canonicalstatus;jm1_canonicaltitlereference;jm1_canonicalauthorcontactreference;jm1_sourceauthority,LEGACY_TITLE_RECORD,c1f603d3-c27a-f111-ab0f-000d3a14673b,UNRESOLVED,0
8edea4e3-b389-f111-ab10-6045bdd69435,"The Essence of Life, Love Letters to Christ",jm1_canonicalstatus;jm1_canonicaltitlereference;jm1_canonicalauthorcontactreference;jm1_sourceauthority,DUPLICATE_RECORD,8edea4e3-b389-f111-ab10-6045bdd69435,UNRESOLVED,0
23ef73e4-b389-f111-ab10-6045bdd69678,"The Essence of Life, Love Letters to Christ",jm1_canonicalstatus;jm1_canonicaltitlereference;jm1_canonicalauthorcontactreference;jm1_sourceauthority,DUPLICATE_RECORD,23ef73e4-b389-f111-ab10-6045bdd69678,UNRESOLVED,0
fe8be1e6-b389-f111-ab10-000d3a14673b,The Girl with the Ebony Locs and the Three Bears,jm1_canonicalstatus;jm1_canonicaltitlereference;jm1_canonicalauthorcontactreference;jm1_sourceauthority,DUPLICATE_RECORD,fe8be1e6-b389-f111-ab10-000d3a14673b,UNRESOLVED,0
038ce1e6-b389-f111-ab10-000d3a14673b,The Great Hair Restart,jm1_canonicalstatus;jm1_canonicaltitlereference;jm1_canonicalauthorcontactreference;jm1_sourceauthority,DUPLICATE_RECORD,038ce1e6-b389-f111-ab10-000d3a14673b,UNRESOLVED,0
dfc1cae9-b389-f111-ab10-6045bdd69435,The Great Hair Restart,jm1_canonicalstatus;jm1_canonicaltitlereference;jm1_canonicalauthorcontactreference;jm1_sourceauthority,DUPLICATE_RECORD,dfc1cae9-b389-f111-ab10-6045bdd69435,UNRESOLVED,0
e0c1cae9-b389-f111-ab10-6045bdd69435,The Great Hair Restart,jm1_canonicalstatus;jm1_canonicaltitlereference;jm1_canonicalauthorcontactreference;jm1_sourceauthority,DUPLICATE_RECORD,e0c1cae9-b389-f111-ab10-6045bdd69435,UNRESOLVED,0
8dc2a2e6-b389-f111-ab10-6045bdd69738,The Great Hair Restart,jm1_canonicalstatus;jm1_canonicaltitlereference;jm1_canonicalauthorcontactreference;jm1_sourceauthority,DUPLICATE_RECORD,8dc2a2e6-b389-f111-ab10-6045bdd69738,UNRESOLVED,0
28e16ae6-b389-f111-ab10-7c1e525b15c2,The Great Hair Restart,jm1_canonicalstatus;jm1_canonicaltitlereference;jm1_canonicalauthorcontactreference;jm1_sourceauthority,DUPLICATE_RECORD,28e16ae6-b389-f111-ab10-7c1e525b15c2,UNRESOLVED,0
098ce1e6-b389-f111-ab10-000d3a14673b,The Healed Me,jm1_canonicalstatus;jm1_canonicaltitlereference;jm1_canonicalauthorcontactreference;jm1_sourceauthority,DUPLICATE_RECORD,098ce1e6-b389-f111-ab10-000d3a14673b,UNRESOLVED,0
072ac7e9-b389-f111-ab10-000d3a9eacee,The Healed Me,jm1_canonicalstatus;jm1_canonicaltitlereference;jm1_canonicalauthorcontactreference;jm1_sourceauthority,DUPLICATE_RECORD,072ac7e9-b389-f111-ab10-000d3a9eacee,UNRESOLVED,0
176290ea-b389-f111-ab10-6045bdd69678,The Hood,jm1_canonicalstatus;jm1_canonicaltitlereference;jm1_canonicalauthorcontactreference;jm1_sourceauthority,DUPLICATE_RECORD,176290ea-b389-f111-ab10-6045bdd69678,UNRESOLVED,0
92c2a2e6-b389-f111-ab10-6045bdd69738,The Master's Piece,jm1_canonicalstatus;jm1_canonicaltitlereference;jm1_canonicalauthorcontactreference;jm1_sourceauthority,DUPLICATE_RECORD,92c2a2e6-b389-f111-ab10-6045bdd69738,UNRESOLVED,0
733cd77a-cc7a-f111-ab0f-6045bdd69678,The Master's Piece,jm1_canonicalstatus;jm1_canonicaltitlereference;jm1_canonicalauthorcontactreference;jm1_sourceauthority,DUPLICATE_RECORD,733cd77a-cc7a-f111-ab0f-6045bdd69678,UNRESOLVED,0
bfe16ae6-b389-f111-ab10-7c1e525b15c2,The Messenger,jm1_canonicalstatus;jm1_canonicaltitlereference;jm1_canonicalauthorcontactreference;jm1_sourceauthority,DUPLICATE_RECORD,bfe16ae6-b389-f111-ab10-7c1e525b15c2,UNRESOLVED,0
0f8ce1e6-b389-f111-ab10-000d3a14673b,The Never Before Told Story of the Gelatin Monster,jm1_canonicalstatus;jm1_canonicaltitlereference;jm1_canonicalauthorcontactreference;jm1_sourceauthority,DUPLICATE_RECORD,0f8ce1e6-b389-f111-ab10-000d3a14673b,UNRESOLVED,0
276290ea-b389-f111-ab10-6045bdd69678,The Never Before Told Story of the Gelatin Monster,jm1_canonicalstatus;jm1_canonicaltitlereference;jm1_canonicalauthorcontactreference;jm1_sourceauthority,DUPLICATE_RECORD,276290ea-b389-f111-ab10-6045bdd69678,UNRESOLVED,0
9f8fefe6-b389-f111-ab10-00224820105b,The Princess and the Black-eyed Pea,jm1_canonicalstatus;jm1_canonicaltitlereference;jm1_canonicalauthorcontactreference;jm1_sourceauthority,DUPLICATE_RECORD,9f8fefe6-b389-f111-ab10-00224820105b,UNRESOLVED,0
16c2cae9-b389-f111-ab10-6045bdd69435,The Princess and the Black-eyed Pea,jm1_canonicalstatus;jm1_canonicaltitlereference;jm1_canonicalauthorcontactreference;jm1_sourceauthority,DUPLICATE_RECORD,16c2cae9-b389-f111-ab10-6045bdd69435,UNRESOLVED,0
118ce1e6-b389-f111-ab10-000d3a14673b,The Release of the Spirit,jm1_canonicalstatus;jm1_canonicaltitlereference;jm1_canonicalauthorcontactreference;jm1_sourceauthority,DUPLICATE_RECORD,118ce1e6-b389-f111-ab10-000d3a14673b,UNRESOLVED,0
426290ea-b389-f111-ab10-6045bdd69678,"The Sun, the Shadow, and the Silence",jm1_canonicalstatus;jm1_canonicaltitlereference;jm1_canonicalauthorcontactreference;jm1_sourceauthority,DUPLICATE_RECORD,426290ea-b389-f111-ab10-6045bdd69678,UNRESOLVED,0
22c2cae9-b389-f111-ab10-6045bdd69435,Uncomfortable Conversations with God,jm1_canonicalstatus;jm1_canonicaltitlereference;jm1_canonicalauthorcontactreference;jm1_sourceauthority,DUPLICATE_RECORD,22c2cae9-b389-f111-ab10-6045bdd69435,UNRESOLVED,0
172ac7e9-b389-f111-ab10-000d3a9eacee,Understanding the Misunderstood,jm1_canonicalstatus;jm1_canonicaltitlereference;jm1_canonicalauthorcontactreference;jm1_sourceauthority,DUPLICATE_RECORD,172ac7e9-b389-f111-ab10-000d3a9eacee,UNRESOLVED,0
128ce1e6-b389-f111-ab10-000d3a14673b,War Mother,jm1_canonicalstatus;jm1_canonicaltitlereference;jm1_canonicalauthorcontactreference;jm1_sourceauthority,DUPLICATE_RECORD,128ce1e6-b389-f111-ab10-000d3a14673b,UNRESOLVED,0
fec27b7a-cc7a-f111-ab0f-6045bdd69435,Warrior's Breed,jm1_canonicalstatus;jm1_canonicaltitlereference;jm1_canonicalauthorcontactreference;jm1_sourceauthority,DUPLICATE_RECORD,fec27b7a-cc7a-f111-ab0f-6045bdd69435,UNRESOLVED,0
676290ea-b389-f111-ab10-6045bdd69678,Warriors and Angels,jm1_canonicalstatus;jm1_canonicaltitlereference;jm1_canonicalauthorcontactreference;jm1_sourceauthority,DUPLICATE_RECORD,676290ea-b389-f111-ab10-6045bdd69678,UNRESOLVED,0
192ac7e9-b389-f111-ab10-000d3a9eacee,What Goes up Must Come down Let's Face It,jm1_canonicalstatus;jm1_canonicaltitlereference;jm1_canonicalauthorcontactreference;jm1_sourceauthority,DUPLICATE_RECORD,192ac7e9-b389-f111-ab10-000d3a9eacee,UNRESOLVED,0
810464ec-b389-f111-ab10-7c1e525b15c2,What Goes Up Must Come Down Let's Face It,jm1_canonicalstatus;jm1_canonicaltitlereference;jm1_canonicalauthorcontactreference;jm1_sourceauthority,DUPLICATE_RECORD,810464ec-b389-f111-ab10-7c1e525b15c2,UNRESOLVED,0
6c6290ea-b389-f111-ab10-6045bdd69678,When a Thug Meets Jesus,jm1_canonicalstatus;jm1_canonicaltitlereference;jm1_canonicalauthorcontactreference;jm1_sourceauthority,DUPLICATE_RECORD,6c6290ea-b389-f111-ab10-6045bdd69678,UNRESOLVED,0
900464ec-b389-f111-ab10-7c1e525b15c2,When Zuri Came to Earth,jm1_canonicalstatus;jm1_canonicaltitlereference;jm1_canonicalauthorcontactreference;jm1_sourceauthority,DUPLICATE_RECORD,900464ec-b389-f111-ab10-7c1e525b15c2,UNRESOLVED,0
65137ed6-c27a-f111-ab0f-6045bdd69738,When Zuri Came to Earth,jm1_canonicalstatus;jm1_canonicaltitlereference;jm1_canonicalauthorcontactreference;jm1_sourceauthority,DUPLICATE_RECORD,65137ed6-c27a-f111-ab0f-6045bdd69738,UNRESOLVED,0
9e8ffdd6-c27a-f111-ab0f-7c1e525b15c2,Why Faith Works for Some and Not for Others,jm1_canonicalstatus;jm1_canonicaltitlereference;jm1_canonicalauthorcontactreference;jm1_sourceauthority,DUPLICATE_RECORD,9e8ffdd6-c27a-f111-ab0f-7c1e525b15c2,UNRESOLVED,0
e1b26aed-b389-f111-ab10-6045bdd69738,Why Faith Works For Some And Not For Others,jm1_canonicalstatus;jm1_canonicaltitlereference;jm1_canonicalauthorcontactreference;jm1_sourceauthority,DUPLICATE_RECORD,e1b26aed-b389-f111-ab10-6045bdd69738,UNRESOLVED,0
c8d3f1ec-b389-f111-ab10-00224820105b,Words of a Troubled Soul,jm1_canonicalstatus;jm1_canonicaltitlereference;jm1_canonicalauthorcontactreference;jm1_sourceauthority,DUPLICATE_RECORD,c8d3f1ec-b389-f111-ab10-00224820105b,UNRESOLVED,0
bc4188ed-b389-f111-ab10-000d3a14673b,Words of A Troubled Soul,jm1_canonicalstatus;jm1_canonicaltitlereference;jm1_canonicalauthorcontactreference;jm1_sourceauthority,DUPLICATE_RECORD,bc4188ed-b389-f111-ab10-000d3a14673b,UNRESOLVED,0
1c2ac7e9-b389-f111-ab10-000d3a9eacee,"Your brain has too much what, mommy??",jm1_canonicalstatus;jm1_canonicaltitlereference;jm1_canonicalauthorcontactreference;jm1_sourceauthority,DUPLICATE_RECORD,1c2ac7e9-b389-f111-ab10-000d3a9eacee,UNRESOLVED,0
cdd3f1ec-b389-f111-ab10-00224820105b,"Your Brain Has Too Much What, Mommy??",jm1_canonicalstatus;jm1_canonicaltitlereference;jm1_canonicalauthorcontactreference;jm1_sourceauthority,DUPLICATE_RECORD,cdd3f1ec-b389-f111-ab10-00224820105b,UNRESOLVED,0
2bc2cae9-b389-f111-ab10-6045bdd69435,Your Peace Is a Priority,jm1_canonicalstatus;jm1_canonicaltitlereference;jm1_canonicalauthorcontactreference;jm1_sourceauthority,DUPLICATE_RECORD,2bc2cae9-b389-f111-ab10-6045bdd69435,UNRESOLVED,0
fd577d2b-01a0-f111-b8dc-000d3a14673b,Indomitable,jm1_canonicalstatus;jm1_canonicaltitlereference;jm1_canonicalauthorcontactreference;jm1_sourceauthority,CANONICAL_CURRENT_TITLE,fd577d2b-01a0-f111-b8dc-000d3a14673b,UNRESOLVED,0
f1908dc9-5775-f111-ab0f-6045bdd69435,Establishing Glory: The Library,jm1_canonicalstatus;jm1_canonicaltitlereference;jm1_canonicalauthorcontactreference;jm1_sourceauthority,CANONICAL_PUBLISHED_TITLE,f1908dc9-5775-f111-ab0f-6045bdd69435,contact:d38aa56a-882a-f111-88b4-6045bdd69678; authorProfile:1f0188ca-71a5-f111-b8de-7c1e525b15c2,0
b57e1ee0-b389-f111-ab10-000d3a14673b,For What It's Worth,jm1_canonicalstatus;jm1_canonicaltitlereference;jm1_canonicalauthorcontactreference;jm1_sourceauthority,DUPLICATE_RECORD,b57e1ee0-b389-f111-ab10-000d3a14673b,UNRESOLVED,0
1159fcc8-c37a-f111-ab0f-000d3a14673b,Memoir of a Black Christian Nationalist: Seeds of Liberation (Unabridged),jm1_canonicalstatus;jm1_canonicaltitlereference;jm1_canonicalauthorcontactreference;jm1_sourceauthority,LEGACY_TITLE_RECORD,1159fcc8-c37a-f111-ab0f-000d3a14673b,UNRESOLVED,0
d6f603d3-c27a-f111-ab0f-000d3a14673b,The Flame,jm1_canonicalstatus;jm1_canonicaltitlereference;jm1_canonicalauthorcontactreference;jm1_sourceauthority,DUPLICATE_RECORD,d6f603d3-c27a-f111-ab0f-000d3a14673b,UNRESOLVED,0
0e8ce1e6-b389-f111-ab10-000d3a14673b,The Messenger 2,jm1_canonicalstatus;jm1_canonicaltitlereference;jm1_canonicalauthorcontactreference;jm1_sourceauthority,DUPLICATE_RECORD,0e8ce1e6-b389-f111-ab10-000d3a14673b,UNRESOLVED,0
91c5e1ef-2980-f111-ab0f-7c1e525b15c2,Before You Were Born,jm1_canonicalstatus;jm1_canonicaltitlereference;jm1_canonicalauthorcontactreference;jm1_sourceauthority,CANONICAL_PUBLISHED_TITLE,91c5e1ef-2980-f111-ab0f-7c1e525b15c2,contact:dfb397e7-3b7c-f111-ab0f-6045bdd69435,0
daf8180f-85a3-f111-b8de-000d3a14673b,WHOLENESS - BECOMING,jm1_canonicalstatus;jm1_canonicaltitlereference;jm1_canonicalauthorcontactreference;jm1_sourceauthority,CANONICAL_PUBLISHED_TITLE,daf8180f-85a3-f111-b8de-000d3a14673b,contact:106a78d0-fb9a-f111-b8dc-6045bdd69738,0
fad1c5d7-b389-f111-ab10-000d3a9eacee,100 Wisdom Lessons for Life and Living,jm1_canonicalstatus;jm1_canonicaltitlereference;jm1_canonicalauthorcontactreference;jm1_sourceauthority,DUPLICATE_RECORD,fad1c5d7-b389-f111-ab10-000d3a9eacee,UNRESOLVED,0
d0f603d3-c27a-f111-ab0f-000d3a14673b,27 Days to Overcoming Depression,jm1_canonicalstatus;jm1_canonicaltitlereference;jm1_canonicalauthorcontactreference;jm1_sourceauthority,DUPLICATE_RECORD,d0f603d3-c27a-f111-ab0f-000d3a14673b,UNRESOLVED,0
69b21fc6-c27a-f111-ab0f-000d3a14673b,365 Days of Transparency,jm1_canonicalstatus;jm1_canonicaltitlereference;jm1_canonicalauthorcontactreference;jm1_sourceauthority,DUPLICATE_RECORD,69b21fc6-c27a-f111-ab0f-000d3a14673b,UNRESOLVED,0
3e09d7cb-c27a-f111-ab0f-6045bdd69678,7 Step Jumpstart to Becoming Your Best Self,jm1_canonicalstatus;jm1_canonicaltitlereference;jm1_canonicalauthorcontactreference;jm1_sourceauthority,DUPLICATE_RECORD,3e09d7cb-c27a-f111-ab0f-6045bdd69678,UNRESOLVED,0
6f8904ca-c27a-f111-ab0f-6045bdd69738,A Blended Family,jm1_canonicalstatus;jm1_canonicaltitlereference;jm1_canonicalauthorcontactreference;jm1_sourceauthority,DUPLICATE_RECORD,6f8904ca-c27a-f111-ab0f-6045bdd69738,UNRESOLVED,0
c74b00d4-c27a-f111-ab0f-00224820105b,A Portrait of Paradise,jm1_canonicalstatus;jm1_canonicaltitlereference;jm1_canonicalauthorcontactreference;jm1_sourceauthority,DUPLICATE_RECORD,c74b00d4-c27a-f111-ab0f-00224820105b,UNRESOLVED,0
841a04cd-c27a-f111-ab0f-000d3a14673b,A Principal's Tale,jm1_canonicalstatus;jm1_canonicaltitlereference;jm1_canonicalauthorcontactreference;jm1_sourceauthority,DUPLICATE_RECORD,841a04cd-c27a-f111-ab0f-000d3a14673b,UNRESOLVED,0
614797d0-c27a-f111-ab0f-7c1e525b15c2,Abortion!,jm1_canonicalstatus;jm1_canonicaltitlereference;jm1_canonicalauthorcontactreference;jm1_sourceauthority,DUPLICATE_RECORD,614797d0-c27a-f111-ab0f-7c1e525b15c2,UNRESOLVED,0
7a064bcd-c27a-f111-ab0f-00224820105b,Aligned!,jm1_canonicalstatus;jm1_canonicaltitlereference;jm1_canonicalauthorcontactreference;jm1_sourceauthority,DUPLICATE_RECORD,7a064bcd-c27a-f111-ab0f-00224820105b,UNRESOLVED,0
7b064bcd-c27a-f111-ab0f-00224820105b,Almost Happy,jm1_canonicalstatus;jm1_canonicaltitlereference;jm1_canonicalauthorcontactreference;jm1_sourceauthority,DUPLICATE_RECORD,7b064bcd-c27a-f111-ab0f-00224820105b,UNRESOLVED,0
4009d7cb-c27a-f111-ab0f-6045bdd69678,Are You Sure That You Are Ready?,jm1_canonicalstatus;jm1_canonicaltitlereference;jm1_canonicalauthorcontactreference;jm1_sourceauthority,DUPLICATE_RECORD,4009d7cb-c27a-f111-ab0f-6045bdd69678,UNRESOLVED,0
9b4b00d4-c27a-f111-ab0f-00224820105b,Because the Lord Is My Shepherd,jm1_canonicalstatus;jm1_canonicaltitlereference;jm1_canonicalauthorcontactreference;jm1_sourceauthority,DUPLICATE_RECORD,9b4b00d4-c27a-f111-ab0f-00224820105b,UNRESOLVED,0
998797ca-c27a-f111-ab0f-7c1e525b15c2,BEE Careful,jm1_canonicalstatus;jm1_canonicaltitlereference;jm1_canonicalauthorcontactreference;jm1_sourceauthority,DUPLICATE_RECORD,998797ca-c27a-f111-ab0f-7c1e525b15c2,UNRESOLVED,0
928904ca-c27a-f111-ab0f-6045bdd69738,Biblical Prescriptions for Life's Troubles,jm1_canonicalstatus;jm1_canonicaltitlereference;jm1_canonicalauthorcontactreference;jm1_sourceauthority,DUPLICATE_RECORD,928904ca-c27a-f111-ab0f-6045bdd69738,UNRESOLVED,0
901a04cd-c27a-f111-ab0f-000d3a14673b,Bodacious,jm1_canonicalstatus;jm1_canonicaltitlereference;jm1_canonicalauthorcontactreference;jm1_sourceauthority,DUPLICATE_RECORD,901a04cd-c27a-f111-ab0f-000d3a14673b,UNRESOLVED,0
911a04cd-c27a-f111-ab0f-000d3a14673b,Connected!,jm1_canonicalstatus;jm1_canonicaltitlereference;jm1_canonicalauthorcontactreference;jm1_sourceauthority,DUPLICATE_RECORD,911a04cd-c27a-f111-ab0f-000d3a14673b,UNRESOLVED,0
9a8797ca-c27a-f111-ab0f-7c1e525b15c2,Conquer Your Fears and Win,jm1_canonicalstatus;jm1_canonicaltitlereference;jm1_canonicalauthorcontactreference;jm1_sourceauthority,DUPLICATE_RECORD,9a8797ca-c27a-f111-ab0f-7c1e525b15c2,UNRESOLVED,0
33106fd3-c27a-f111-ab0f-6045bdd69435,Damaged,jm1_canonicalstatus;jm1_canonicaltitlereference;jm1_canonicalauthorcontactreference;jm1_sourceauthority,DUPLICATE_RECORD,33106fd3-c27a-f111-ab0f-6045bdd69435,UNRESOLVED,0
c70f6fd3-c27a-f111-ab0f-6045bdd69435,Delicious Ideas!,jm1_canonicalstatus;jm1_canonicaltitlereference;jm1_canonicalauthorcontactreference;jm1_sourceauthority,DUPLICATE_RECORD,c70f6fd3-c27a-f111-ab0f-6045bdd69435,UNRESOLVED,0
9c4b00d4-c27a-f111-ab0f-00224820105b,Destined to Break the Curse,jm1_canonicalstatus;jm1_canonicaltitlereference;jm1_canonicalauthorcontactreference;jm1_sourceauthority,DUPLICATE_RECORD,9c4b00d4-c27a-f111-ab0f-00224820105b,UNRESOLVED,0
9b8797ca-c27a-f111-ab0f-7c1e525b15c2,Destined to Break the Curse Devotional,jm1_canonicalstatus;jm1_canonicaltitlereference;jm1_canonicalauthorcontactreference;jm1_sourceauthority,DUPLICATE_RECORD,9b8797ca-c27a-f111-ab0f-7c1e525b15c2,UNRESOLVED,0
80064bcd-c27a-f111-ab0f-00224820105b,Discipline and Direction,jm1_canonicalstatus;jm1_canonicaltitlereference;jm1_canonicalauthorcontactreference;jm1_sourceauthority,DUPLICATE_RECORD,80064bcd-c27a-f111-ab0f-00224820105b,UNRESOLVED,0
cc4b00d4-c27a-f111-ab0f-00224820105b,Divinely Inspired,jm1_canonicalstatus;jm1_canonicaltitlereference;jm1_canonicalauthorcontactreference;jm1_sourceauthority,DUPLICATE_RECORD,cc4b00d4-c27a-f111-ab0f-00224820105b,UNRESOLVED,0
9d8797ca-c27a-f111-ab0f-7c1e525b15c2,Establishing Glory: The Praise and Worship Handbook (2nd Edition),jm1_canonicalstatus;jm1_canonicaltitlereference;jm1_canonicalauthorcontactreference;jm1_sourceauthority,LEGACY_TITLE_RECORD,9d8797ca-c27a-f111-ab0f-7c1e525b15c2,UNRESOLVED,0
921a04cd-c27a-f111-ab0f-000d3a14673b,"Focus, Trust, & Follow",jm1_canonicalstatus;jm1_canonicaltitlereference;jm1_canonicalauthorcontactreference;jm1_sourceauthority,DUPLICATE_RECORD,921a04cd-c27a-f111-ab0f-000d3a14673b,UNRESOLVED,0
958904ca-c27a-f111-ab0f-6045bdd69738,For What It's Worth,jm1_canonicalstatus;jm1_canonicaltitlereference;jm1_canonicalauthorcontactreference;jm1_sourceauthority,DUPLICATE_RECORD,958904ca-c27a-f111-ab0f-6045bdd69738,UNRESOLVED,0
6109d7cb-c27a-f111-ab0f-6045bdd69678,Getting Back 2 Happy,jm1_canonicalstatus;jm1_canonicaltitlereference;jm1_canonicalauthorcontactreference;jm1_sourceauthority,DUPLICATE_RECORD,6109d7cb-c27a-f111-ab0f-6045bdd69678,UNRESOLVED,0
b34b00d4-c27a-f111-ab0f-00224820105b,"Girl, Did You Know... ?",jm1_canonicalstatus;jm1_canonicaltitlereference;jm1_canonicalauthorcontactreference;jm1_sourceauthority,DUPLICATE_RECORD,b34b00d4-c27a-f111-ab0f-00224820105b,UNRESOLVED,0
25e01ad3-c27a-f111-ab0f-6045bdd69678,"Girl, You're Not Crazy. You're Dealing with a Narcissist",jm1_canonicalstatus;jm1_canonicaltitlereference;jm1_canonicalauthorcontactreference;jm1_sourceauthority,DUPLICATE_RECORD,25e01ad3-c27a-f111-ab0f-6045bdd69678,contact:4a56c9ff-4389-f111-ab10-6045bdd69678,0
82064bcd-c27a-f111-ab0f-00224820105b,God's Business Plan,jm1_canonicalstatus;jm1_canonicaltitlereference;jm1_canonicalauthorcontactreference;jm1_sourceauthority,DUPLICATE_RECORD,82064bcd-c27a-f111-ab0f-00224820105b,UNRESOLVED,0
1c3274cd-c27a-f111-ab0f-6045bdd69435,God's Nudge,jm1_canonicalstatus;jm1_canonicaltitlereference;jm1_canonicalauthorcontactreference;jm1_sourceauthority,DUPLICATE_RECORD,1c3274cd-c27a-f111-ab0f-6045bdd69435,UNRESOLVED,0
624797d0-c27a-f111-ab0f-7c1e525b15c2,Have You Considered My Servant?,jm1_canonicalstatus;jm1_canonicaltitlereference;jm1_canonicalauthorcontactreference;jm1_sourceauthority,DUPLICATE_RECORD,624797d0-c27a-f111-ab0f-7c1e525b15c2,UNRESOLVED,0
7b5f72d0-c27a-f111-ab0f-6045bdd69738,"Help God, I Am - the Collection",jm1_canonicalstatus;jm1_canonicaltitlereference;jm1_canonicalauthorcontactreference;jm1_sourceauthority,DUPLICATE_RECORD,7b5f72d0-c27a-f111-ab0f-6045bdd69738,UNRESOLVED,0
293274cd-c27a-f111-ab0f-6045bdd69435,"Help God, I Am Afraid",jm1_canonicalstatus;jm1_canonicaltitlereference;jm1_canonicalauthorcontactreference;jm1_sourceauthority,DUPLICATE_RECORD,293274cd-c27a-f111-ab0f-6045bdd69435,UNRESOLVED,0
6309d7cb-c27a-f111-ab0f-6045bdd69678,"Help God, I Am Angry",jm1_canonicalstatus;jm1_canonicaltitlereference;jm1_canonicalauthorcontactreference;jm1_sourceauthority,DUPLICATE_RECORD,6309d7cb-c27a-f111-ab0f-6045bdd69678,UNRESOLVED,0
99064bcd-c27a-f111-ab0f-00224820105b,"Help God, I Am Confused",jm1_canonicalstatus;jm1_canonicaltitlereference;jm1_canonicalauthorcontactreference;jm1_sourceauthority,DUPLICATE_RECORD,99064bcd-c27a-f111-ab0f-00224820105b,UNRESOLVED,0
343274cd-c27a-f111-ab0f-6045bdd69435,"Help God, I Am Hurt",jm1_canonicalstatus;jm1_canonicaltitlereference;jm1_canonicalauthorcontactreference;jm1_sourceauthority,DUPLICATE_RECORD,343274cd-c27a-f111-ab0f-6045bdd69435,UNRESOLVED,0
6409d7cb-c27a-f111-ab0f-6045bdd69678,"Help God, I Am Lonely",jm1_canonicalstatus;jm1_canonicaltitlereference;jm1_canonicalauthorcontactreference;jm1_sourceauthority,DUPLICATE_RECORD,6409d7cb-c27a-f111-ab0f-6045bdd69678,UNRESOLVED,0
9e8797ca-c27a-f111-ab0f-7c1e525b15c2,"Help God, I Am Lost",jm1_canonicalstatus;jm1_canonicaltitlereference;jm1_canonicalauthorcontactreference;jm1_sourceauthority,DUPLICATE_RECORD,9e8797ca-c27a-f111-ab0f-7c1e525b15c2,UNRESOLVED,0
6509d7cb-c27a-f111-ab0f-6045bdd69678,"Help God, I Am Sad",jm1_canonicalstatus;jm1_canonicaltitlereference;jm1_canonicalauthorcontactreference;jm1_sourceauthority,DUPLICATE_RECORD,6509d7cb-c27a-f111-ab0f-6045bdd69678,UNRESOLVED,0
554797d0-c27a-f111-ab0f-7c1e525b15c2,Hodge Podge of Life,jm1_canonicalstatus;jm1_canonicaltitlereference;jm1_canonicalauthorcontactreference;jm1_sourceauthority,DUPLICATE_RECORD,554797d0-c27a-f111-ab0f-7c1e525b15c2,UNRESOLVED,0
563274cd-c27a-f111-ab0f-6045bdd69435,I Am My Worst Enemy!,jm1_canonicalstatus;jm1_canonicaltitlereference;jm1_canonicalauthorcontactreference;jm1_sourceauthority,DUPLICATE_RECORD,563274cd-c27a-f111-ab0f-6045bdd69435,UNRESOLVED,0
971a04cd-c27a-f111-ab0f-000d3a14673b,Inspirations from God,jm1_canonicalstatus;jm1_canonicaltitlereference;jm1_canonicalauthorcontactreference;jm1_sourceauthority,DUPLICATE_RECORD,971a04cd-c27a-f111-ab0f-000d3a14673b,UNRESOLVED,0
26e01ad3-c27a-f111-ab0f-6045bdd69678,Jalen Becomes a Big Brother,jm1_canonicalstatus;jm1_canonicaltitlereference;jm1_canonicalauthorcontactreference;jm1_sourceauthority,DUPLICATE_RECORD,26e01ad3-c27a-f111-ab0f-6045bdd69678,UNRESOLVED,0
a5084bcd-c27a-f111-ab0f-00224820105b,Jewels by Lady J,jm1_canonicalstatus;jm1_canonicaltitlereference;jm1_canonicalauthorcontactreference;jm1_sourceauthority,DUPLICATE_RECORD,a5084bcd-c27a-f111-ab0f-00224820105b,UNRESOLVED,0
aa084bcd-c27a-f111-ab0f-00224820105b,Kingdom Equipment 101,jm1_canonicalstatus;jm1_canonicaltitlereference;jm1_canonicalauthorcontactreference;jm1_sourceauthority,DUPLICATE_RECORD,aa084bcd-c27a-f111-ab0f-00224820105b,UNRESOLVED,0
ab084bcd-c27a-f111-ab0f-00224820105b,Lady Daphanny's Altar,jm1_canonicalstatus;jm1_canonicaltitlereference;jm1_canonicalauthorcontactreference;jm1_sourceauthority,DUPLICATE_RECORD,ab084bcd-c27a-f111-ab0f-00224820105b,UNRESOLVED,0
6909d7cb-c27a-f111-ab0f-6045bdd69678,Let Me Tell You About It,jm1_canonicalstatus;jm1_canonicaltitlereference;jm1_canonicalauthorcontactreference;jm1_sourceauthority,DUPLICATE_RECORD,6909d7cb-c27a-f111-ab0f-6045bdd69678,UNRESOLVED,0
b3084bcd-c27a-f111-ab0f-00224820105b,Life after Detour,jm1_canonicalstatus;jm1_canonicaltitlereference;jm1_canonicalauthorcontactreference;jm1_sourceauthority,DUPLICATE_RECORD,b3084bcd-c27a-f111-ab0f-00224820105b,UNRESOLVED,0
835f72d0-c27a-f111-ab0f-6045bdd69738,Love Is an Action Word,jm1_canonicalstatus;jm1_canonicaltitlereference;jm1_canonicalauthorcontactreference;jm1_sourceauthority,DUPLICATE_RECORD,835f72d0-c27a-f111-ab0f-6045bdd69738,UNRESOLVED,0
991a04cd-c27a-f111-ab0f-000d3a14673b,Love Lucy,jm1_canonicalstatus;jm1_canonicaltitlereference;jm1_canonicalauthorcontactreference;jm1_sourceauthority,DUPLICATE_RECORD,991a04cd-c27a-f111-ab0f-000d3a14673b,UNRESOLVED,0
9a1a04cd-c27a-f111-ab0f-000d3a14673b,Love of My Life,jm1_canonicalstatus;jm1_canonicaltitlereference;jm1_canonicalauthorcontactreference;jm1_sourceauthority,DUPLICATE_RECORD,9a1a04cd-c27a-f111-ab0f-000d3a14673b,UNRESOLVED,0
ec0f6fd3-c27a-f111-ab0f-6045bdd69435,Loving the Addict,jm1_canonicalstatus;jm1_canonicaltitlereference;jm1_canonicalauthorcontactreference;jm1_sourceauthority,DUPLICATE_RECORD,ec0f6fd3-c27a-f111-ab0f-6045bdd69435,UNRESOLVED,0
903274cd-c27a-f111-ab0f-6045bdd69435,Memoir of a Black Christian Nationalist,jm1_canonicalstatus;jm1_canonicaltitlereference;jm1_canonicalauthorcontactreference;jm1_sourceauthority,DUPLICATE_RECORD,903274cd-c27a-f111-ab0f-6045bdd69435,UNRESOLVED,0
594797d0-c27a-f111-ab0f-7c1e525b15c2,Mirror of Refining Insight,jm1_canonicalstatus;jm1_canonicaltitlereference;jm1_canonicalauthorcontactreference;jm1_sourceauthority,DUPLICATE_RECORD,594797d0-c27a-f111-ab0f-7c1e525b15c2,UNRESOLVED,0
d4f603d3-c27a-f111-ab0f-000d3a14673b,More Than a Village,jm1_canonicalstatus;jm1_canonicaltitlereference;jm1_canonicalauthorcontactreference;jm1_sourceauthority,DUPLICATE_RECORD,d4f603d3-c27a-f111-ab0f-000d3a14673b,UNRESOLVED,0
67137ed6-c27a-f111-ab0f-6045bdd69738,Music Ministry Unplugged,jm1_canonicalstatus;jm1_canonicaltitlereference;jm1_canonicalauthorcontactreference;jm1_sourceauthority,DUPLICATE_RECORD,67137ed6-c27a-f111-ab0f-6045bdd69738,UNRESOLVED,0
982156cd-c37a-f111-ab0f-00224820105b,Music Ministry Unplugged: Real Lessons for Those who Lead and Serve in Music Ministry,jm1_canonicalstatus;jm1_canonicaltitlereference;jm1_canonicalauthorcontactreference;jm1_sourceauthority,LEGACY_TITLE_RECORD,982156cd-c37a-f111-ab0f-00224820105b,UNRESOLVED,0
d5084bcd-c27a-f111-ab0f-00224820105b,My ABC's,jm1_canonicalstatus;jm1_canonicaltitlereference;jm1_canonicalauthorcontactreference;jm1_sourceauthority,DUPLICATE_RECORD,d5084bcd-c27a-f111-ab0f-00224820105b,UNRESOLVED,0
9e3274cd-c27a-f111-ab0f-6045bdd69435,Never Give up on Love,jm1_canonicalstatus;jm1_canonicaltitlereference;jm1_canonicalauthorcontactreference;jm1_sourceauthority,DUPLICATE_RECORD,9e3274cd-c27a-f111-ab0f-6045bdd69435,UNRESOLVED,0
865f72d0-c27a-f111-ab0f-6045bdd69738,Number 23 and Me,jm1_canonicalstatus;jm1_canonicaltitlereference;jm1_canonicalauthorcontactreference;jm1_sourceauthority,DUPLICATE_RECORD,865f72d0-c27a-f111-ab0f-6045bdd69738,UNRESOLVED,0
5b4797d0-c27a-f111-ab0f-7c1e525b15c2,One Soul,jm1_canonicalstatus;jm1_canonicaltitlereference;jm1_canonicalauthorcontactreference;jm1_sourceauthority,DUPLICATE_RECORD,5b4797d0-c27a-f111-ab0f-7c1e525b15c2,UNRESOLVED,0
5c4797d0-c27a-f111-ab0f-7c1e525b15c2,Ordinary People Searching for Greatness,jm1_canonicalstatus;jm1_canonicaltitlereference;jm1_canonicalauthorcontactreference;jm1_sourceauthority,DUPLICATE_RECORD,5c4797d0-c27a-f111-ab0f-7c1e525b15c2,UNRESOLVED,0
4be01ad3-c27a-f111-ab0f-6045bdd69678,Peaches Can Do It!,jm1_canonicalstatus;jm1_canonicaltitlereference;jm1_canonicalauthorcontactreference;jm1_sourceauthority,DUPLICATE_RECORD,4be01ad3-c27a-f111-ab0f-6045bdd69678,UNRESOLVED,0
f0084bcd-c27a-f111-ab0f-00224820105b,Pieces of Me All over the Place,jm1_canonicalstatus;jm1_canonicaltitlereference;jm1_canonicalauthorcontactreference;jm1_sourceauthority,DUPLICATE_RECORD,f0084bcd-c27a-f111-ab0f-00224820105b,UNRESOLVED,0
b73274cd-c27a-f111-ab0f-6045bdd69435,Seasons of Life,jm1_canonicalstatus;jm1_canonicaltitlereference;jm1_canonicalauthorcontactreference;jm1_sourceauthority,DUPLICATE_RECORD,b73274cd-c27a-f111-ab0f-6045bdd69435,UNRESOLVED,0
bff603d3-c27a-f111-ab0f-000d3a14673b,Speech Therapy Works!,jm1_canonicalstatus;jm1_canonicaltitlereference;jm1_canonicalauthorcontactreference;jm1_sourceauthority,DUPLICATE_RECORD,bff603d3-c27a-f111-ab0f-000d3a14673b,UNRESOLVED,0
15e01ad3-c27a-f111-ab0f-6045bdd69678,Support Beyond the Cycle,jm1_canonicalstatus;jm1_canonicaltitlereference;jm1_canonicalauthorcontactreference;jm1_sourceauthority,DUPLICATE_RECORD,15e01ad3-c27a-f111-ab0f-6045bdd69678,UNRESOLVED,0
60137ed6-c27a-f111-ab0f-6045bdd69738,Taylor Made,jm1_canonicalstatus;jm1_canonicaltitlereference;jm1_canonicalauthorcontactreference;jm1_sourceauthority,DUPLICATE_RECORD,60137ed6-c27a-f111-ab0f-6045bdd69738,UNRESOLVED,0
cea6c7e3-b389-f111-ab10-000d3a9eacee,The Celestial Advantage,jm1_canonicalstatus;jm1_canonicaltitlereference;jm1_canonicalauthorcontactreference;jm1_sourceauthority,DUPLICATE_RECORD,cea6c7e3-b389-f111-ab10-000d3a9eacee,UNRESOLVED,0
16e01ad3-c27a-f111-ab0f-6045bdd69678,The Celestial Advantage,jm1_canonicalstatus;jm1_canonicaltitlereference;jm1_canonicalauthorcontactreference;jm1_sourceauthority,DUPLICATE_RECORD,16e01ad3-c27a-f111-ab0f-6045bdd69678,UNRESOLVED,0
c44b00d4-c27a-f111-ab0f-00224820105b,The Conquest of Azenga,jm1_canonicalstatus;jm1_canonicaltitlereference;jm1_canonicalauthorcontactreference;jm1_sourceauthority,DUPLICATE_RECORD,c44b00d4-c27a-f111-ab0f-00224820105b,UNRESOLVED,0
c84b00d4-c27a-f111-ab0f-00224820105b,The Fight for the Promiseland,jm1_canonicalstatus;jm1_canonicaltitlereference;jm1_canonicalauthorcontactreference;jm1_sourceauthority,DUPLICATE_RECORD,c84b00d4-c27a-f111-ab0f-00224820105b,UNRESOLVED,0
952556cd-c37a-f111-ab0f-00224820105b,The Fight for the Promiseland: Battle Strategies for Victorious People,jm1_canonicalstatus;jm1_canonicaltitlereference;jm1_canonicalauthorcontactreference;jm1_sourceauthority,LEGACY_TITLE_RECORD,952556cd-c37a-f111-ab0f-00224820105b,UNRESOLVED,0
17e01ad3-c27a-f111-ab0f-6045bdd69678,The Girl with the Ebony Locs and the Three Bears,jm1_canonicalstatus;jm1_canonicaltitlereference;jm1_canonicalauthorcontactreference;jm1_sourceauthority,DUPLICATE_RECORD,17e01ad3-c27a-f111-ab0f-6045bdd69678,UNRESOLVED,0
5d4797d0-c27a-f111-ab0f-7c1e525b15c2,The Great Hair Restart,jm1_canonicalstatus;jm1_canonicaltitlereference;jm1_canonicalauthorcontactreference;jm1_sourceauthority,DUPLICATE_RECORD,5d4797d0-c27a-f111-ab0f-7c1e525b15c2,UNRESOLVED,0
885f72d0-c27a-f111-ab0f-6045bdd69738,The Healed Me,jm1_canonicalstatus;jm1_canonicaltitlereference;jm1_canonicalauthorcontactreference;jm1_sourceauthority,DUPLICATE_RECORD,885f72d0-c27a-f111-ab0f-6045bdd69738,UNRESOLVED,0
c2f603d3-c27a-f111-ab0f-000d3a14673b,The Hood,jm1_canonicalstatus;jm1_canonicaltitlereference;jm1_canonicalauthorcontactreference;jm1_sourceauthority,DUPLICATE_RECORD,c2f603d3-c27a-f111-ab0f-000d3a14673b,UNRESOLVED,0
944b00d4-c27a-f111-ab0f-00224820105b,The Journey,jm1_canonicalstatus;jm1_canonicaltitlereference;jm1_canonicalauthorcontactreference;jm1_sourceauthority,DUPLICATE_RECORD,944b00d4-c27a-f111-ab0f-00224820105b,UNRESOLVED,0
c3f603d3-c27a-f111-ab0f-000d3a14673b,The Master's Piece,jm1_canonicalstatus;jm1_canonicaltitlereference;jm1_canonicalauthorcontactreference;jm1_sourceauthority,DUPLICATE_RECORD,c3f603d3-c27a-f111-ab0f-000d3a14673b,UNRESOLVED,0
930f6fd3-c27a-f111-ab0f-6045bdd69435,The Messenger,jm1_canonicalstatus;jm1_canonicaltitlereference;jm1_canonicalauthorcontactreference;jm1_sourceauthority,DUPLICATE_RECORD,930f6fd3-c27a-f111-ab0f-6045bdd69435,UNRESOLVED,0
69137ed6-c27a-f111-ab0f-6045bdd69738,The Messenger 2,jm1_canonicalstatus;jm1_canonicaltitlereference;jm1_canonicalauthorcontactreference;jm1_sourceauthority,DUPLICATE_RECORD,69137ed6-c27a-f111-ab0f-6045bdd69738,UNRESOLVED,0
07106fd3-c27a-f111-ab0f-6045bdd69435,The Paper Champ,jm1_canonicalstatus;jm1_canonicaltitlereference;jm1_canonicalauthorcontactreference;jm1_sourceauthority,DUPLICATE_RECORD,07106fd3-c27a-f111-ab0f-6045bdd69435,UNRESOLVED,0
19e01ad3-c27a-f111-ab0f-6045bdd69678,The Princess and the Black-Eyed Pea,jm1_canonicalstatus;jm1_canonicaltitlereference;jm1_canonicalauthorcontactreference;jm1_sourceauthority,DUPLICATE_RECORD,19e01ad3-c27a-f111-ab0f-6045bdd69678,UNRESOLVED,0
d7f603d3-c27a-f111-ab0f-000d3a14673b,The Release of the Spirit,jm1_canonicalstatus;jm1_canonicaltitlereference;jm1_canonicalauthorcontactreference;jm1_sourceauthority,DUPLICATE_RECORD,d7f603d3-c27a-f111-ab0f-000d3a14673b,UNRESOLVED,0
112ac7e9-b389-f111-ab10-000d3a9eacee,The Shift,jm1_canonicalstatus;jm1_canonicaltitlereference;jm1_canonicalauthorcontactreference;jm1_sourceauthority,DUPLICATE_RECORD,112ac7e9-b389-f111-ab10-000d3a9eacee,UNRESOLVED,0
94c2a2e6-b389-f111-ab10-6045bdd69738,The Shift,jm1_canonicalstatus;jm1_canonicaltitlereference;jm1_canonicalauthorcontactreference;jm1_sourceauthority,DUPLICATE_RECORD,94c2a2e6-b389-f111-ab10-6045bdd69738,UNRESOLVED,0
62137ed6-c27a-f111-ab0f-6045bdd69738,"The Sun, the Shadow, and the Silence",jm1_canonicalstatus;jm1_canonicaltitlereference;jm1_canonicalauthorcontactreference;jm1_sourceauthority,DUPLICATE_RECORD,62137ed6-c27a-f111-ab0f-6045bdd69738,UNRESOLVED,0
c9f603d3-c27a-f111-ab0f-000d3a14673b,Uncomfortable Conversations with God,jm1_canonicalstatus;jm1_canonicaltitlereference;jm1_canonicalauthorcontactreference;jm1_sourceauthority,DUPLICATE_RECORD,c9f603d3-c27a-f111-ab0f-000d3a14673b,UNRESOLVED,0
994b00d4-c27a-f111-ab0f-00224820105b,Understanding the Misunderstood,jm1_canonicalstatus;jm1_canonicaltitlereference;jm1_canonicalauthorcontactreference;jm1_sourceauthority,DUPLICATE_RECORD,994b00d4-c27a-f111-ab0f-00224820105b,UNRESOLVED,0
9d8ffdd6-c27a-f111-ab0f-7c1e525b15c2,War Mother,jm1_canonicalstatus;jm1_canonicaltitlereference;jm1_canonicalauthorcontactreference;jm1_sourceauthority,DUPLICATE_RECORD,9d8ffdd6-c27a-f111-ab0f-7c1e525b15c2,UNRESOLVED,0
935f72d0-c27a-f111-ab0f-6045bdd69738,Warrior's Breed,jm1_canonicalstatus;jm1_canonicaltitlereference;jm1_canonicalauthorcontactreference;jm1_sourceauthority,DUPLICATE_RECORD,935f72d0-c27a-f111-ab0f-6045bdd69738,UNRESOLVED,0
d9f603d3-c27a-f111-ab0f-000d3a14673b,Warriors and Angels,jm1_canonicalstatus;jm1_canonicaltitlereference;jm1_canonicalauthorcontactreference;jm1_sourceauthority,DUPLICATE_RECORD,d9f603d3-c27a-f111-ab0f-000d3a14673b,UNRESOLVED,0
9a4b00d4-c27a-f111-ab0f-00224820105b,When a Thug Meets Jesus,jm1_canonicalstatus;jm1_canonicaltitlereference;jm1_canonicalauthorcontactreference;jm1_sourceauthority,DUPLICATE_RECORD,9a4b00d4-c27a-f111-ab0f-00224820105b,UNRESOLVED,0
604797d0-c27a-f111-ab0f-7c1e525b15c2,Words of a Troubled Soul,jm1_canonicalstatus;jm1_canonicaltitlereference;jm1_canonicalauthorcontactreference;jm1_sourceauthority,DUPLICATE_RECORD,604797d0-c27a-f111-ab0f-7c1e525b15c2,UNRESOLVED,0
a74b00d4-c27a-f111-ab0f-00224820105b,You're Still Not Crazy,jm1_canonicalstatus;jm1_canonicaltitlereference;jm1_canonicalauthorcontactreference;jm1_sourceauthority,DUPLICATE_RECORD,a74b00d4-c27a-f111-ab0f-00224820105b,UNRESOLVED,0
66137ed6-c27a-f111-ab0f-6045bdd69738,Your Peace Is a Priority,jm1_canonicalstatus;jm1_canonicaltitlereference;jm1_canonicalauthorcontactreference;jm1_sourceauthority,DUPLICATE_RECORD,66137ed6-c27a-f111-ab0f-6045bdd69738,UNRESOLVED,0
2d21ab5b-4d80-f111-ab0f-7c1e525b15c2,The General’s Will and Last Testament,jm1_canonicalstatus;jm1_canonicaltitlereference;jm1_canonicalauthorcontactreference;jm1_sourceauthority,CANONICAL_PUBLISHED_TITLE,2d21ab5b-4d80-f111-ab0f-7c1e525b15c2,contact:c8c8747e-6675-f111-ab0f-6045bdd69678,0
e797232b-da7a-f111-ab0f-00224820105b,The Intentional Leader,jm1_canonicalstatus;jm1_canonicaltitlereference;jm1_canonicalauthorcontactreference;jm1_sourceauthority,CANONICAL_PUBLISHED_TITLE,e797232b-da7a-f111-ab0f-00224820105b,contact:d38aa56a-882a-f111-88b4-6045bdd69678; authorProfile:1f0188ca-71a5-f111-b8de-7c1e525b15c2,0
a69b9dfa-bb7b-f111-ab0f-7c1e525b15c2,The Long Watch,jm1_canonicalstatus;jm1_canonicaltitlereference;jm1_canonicalauthorcontactreference;jm1_sourceauthority,CANONICAL_PUBLISHED_TITLE,a69b9dfa-bb7b-f111-ab0f-7c1e525b15c2,contact:a7801f4d-1d76-f111-ab0f-6045bdd69435,0
