Row ID,Legacy SKU,Original Product/Service Name,Original Category,Original Source,Current Status,Current Price,Original Matrix v1.1 Price,Conflict,Original Proposed Class,Original Proposed Disposition,Final Jackie Ruling,Final Commercial Status,Canonical SKU,Canonical Product Name,Internal Name / Note,PF Mapping,Release Model Mapping,Production Mode Mapping,Matrix v1.1 Price,Slot Eligibility,Premium Upcharge,Public Visibility,Quoting Status,Contract Status,Superseded By,Effective Date,Jackie Notes,Migration Action,Downstream Remediation,Ruling Source Sheet,Workbook Source SHA-256
CAT-001,JMP-ACCESS-ALTTEXT,Alt Text & Image Description Service,Accessibility and Translation,Worksheet,Active,$95,,no Matrix v1.1 equivalent identified,A,MIGRATE-AS-IS,MIGRATE,ACTIVE,JMP-ACCESS-ALTTEXT,Alt Text & Image Description Service,,N/A,N/A,N/A,,No,N/A,PUBLIC,QUOTABLE,CONTRACTABLE,,2026-08-05,,Seed active catalog record as-is from completed ruling register.,No legacy conflict identified; seed/readback only.,Class A - Migrate as Is,710a9e6ca1f1322065e77d2865f30948c147b8b71fe5153408cbd708daaba9d3
CAT-002,JMP-ACCESS-DYSLEXIA,Dyslexia-Friendly Formatting  — Coming Soon,Coming Soon Capabilities,Catalog v2.1 delta; Matrix v1.1,Provisional / decision required,Coming Soon,"JMP-ACC-EPUB-ENH: $1,000; $650 in-slot premium",PROVISIONAL - evaluate separate SKU vs sub-capability of JMP-ACC-EPUB-ENH. Not public and not activated.,D,PROVISIONAL,MERGE,SUPERSEDED,JMP-ACC-EPUB-ENH,Complex-Content Accessibility Edition,,PF-06,N/A,Standard catalog production,"$1,000 add-on; $650 in-slot premium",No,N/A,NON-PUBLIC,NOT QUOTABLE,NOT CONTRACTABLE,JMP-ACC-EPUB-ENH,2026-08-05,Fold into PF-06 / JMP-ACC-EPUB-ENH as a scoped accessibility capability. Do not retain a separate sellable SKU.,Supersede legacy SKU; remap references to JMP-ACC-EPUB-ENH; do not preserve legacy price as active authority.,"Remap legacy SKU references in catalog, proposal templates, quote worksheets, contract schedules, future Business Central item setup, and author-facing package materials.",Class D - Provisional,710a9e6ca1f1322065e77d2865f30948c147b8b71fe5153408cbd708daaba9d3
CAT-003,JMP-ACCESS-EPUB,Accessible EPUB Formatting (WCAG compliant),Accessibility and Translation,Worksheet,Active,$295,,no Matrix v1.1 equivalent identified,A,MIGRATE-AS-IS,MIGRATE,ACTIVE,JMP-ACCESS-EPUB,Accessible EPUB Formatting (WCAG compliant),,N/A,N/A,N/A,,No,N/A,PUBLIC,QUOTABLE,CONTRACTABLE,,2026-08-05,,Seed active catalog record as-is from completed ruling register.,No legacy conflict identified; seed/readback only.,Class A - Migrate as Is,710a9e6ca1f1322065e77d2865f30948c147b8b71fe5153408cbd708daaba9d3
CAT-004,JMP-ACCESS-MULTI,Multilingual Metadata Optimization,Accessibility and Translation,Worksheet,Active,$149,,no Matrix v1.1 equivalent identified,A,MIGRATE-AS-IS,MIGRATE,ACTIVE,JMP-ACCESS-MULTI,Multilingual Metadata Optimization,,N/A,N/A,N/A,,No,N/A,PUBLIC,QUOTABLE,CONTRACTABLE,,2026-08-05,,Seed active catalog record as-is from completed ruling register.,No legacy conflict identified; seed/readback only.,Class A - Migrate as Is,710a9e6ca1f1322065e77d2865f30948c147b8b71fe5153408cbd708daaba9d3
CAT-005,JMP-AI-ANALYSIS,AI Manuscript Analysis,AI Services,Worksheet,Active,$195,,no Matrix v1.1 equivalent identified,A,MIGRATE-AS-IS,MIGRATE,ACTIVE,JMP-AI-ANALYSIS,AI Manuscript Analysis,,N/A,N/A,N/A,,No,N/A,PUBLIC,QUOTABLE,CONTRACTABLE,,2026-08-05,,Seed active catalog record as-is from completed ruling register.,No legacy conflict identified; seed/readback only.,Class A - Migrate as Is,710a9e6ca1f1322065e77d2865f30948c147b8b71fe5153408cbd708daaba9d3
CAT-006,JMP-AI-COVER,AI Cover Concept Ideation,AI Services,Worksheet,Active,$95,,no Matrix v1.1 equivalent identified,A,MIGRATE-AS-IS,MIGRATE,ACTIVE,JMP-AI-COVER,AI Cover Concept Ideation,,N/A,N/A,N/A,,No,N/A,PUBLIC,QUOTABLE,CONTRACTABLE,,2026-08-05,,Seed active catalog record as-is from completed ruling register.,No legacy conflict identified; seed/readback only.,Class A - Migrate as Is,710a9e6ca1f1322065e77d2865f30948c147b8b71fe5153408cbd708daaba9d3
CAT-007,JMP-AI-LAUNCH,AI Launch Kit,AI Services,Worksheet,Active,$495,,no Matrix v1.1 equivalent identified,A,MIGRATE-AS-IS,MIGRATE,ACTIVE,JMP-AI-LAUNCH,AI Launch Kit,,N/A,N/A,N/A,,No,N/A,PUBLIC,QUOTABLE,CONTRACTABLE,,2026-08-05,,Seed active catalog record as-is from completed ruling register.,No legacy conflict identified; seed/readback only.,Class A - Migrate as Is,710a9e6ca1f1322065e77d2865f30948c147b8b71fe5153408cbd708daaba9d3
CAT-008,JMP-AI-MARKETING,AI Marketing Starter Kit,AI Services,Worksheet,Active,$295,,no Matrix v1.1 equivalent identified,A,MIGRATE-AS-IS,MIGRATE,ACTIVE,JMP-AI-MARKETING,AI Marketing Starter Kit,,N/A,N/A,N/A,,No,N/A,PUBLIC,QUOTABLE,CONTRACTABLE,,2026-08-05,,Seed active catalog record as-is from completed ruling register.,No legacy conflict identified; seed/readback only.,Class A - Migrate as Is,710a9e6ca1f1322065e77d2865f30948c147b8b71fe5153408cbd708daaba9d3
CAT-009,JMP-AI-METADATA,AI Metadata Optimization,AI Services,Worksheet,Active,$199,,no Matrix v1.1 equivalent identified,A,MIGRATE-AS-IS,MIGRATE,ACTIVE,JMP-AI-METADATA,AI Metadata Optimization,,N/A,N/A,N/A,,No,N/A,PUBLIC,QUOTABLE,CONTRACTABLE,,2026-08-05,,Seed active catalog record as-is from completed ruling register.,No legacy conflict identified; seed/readback only.,Class A - Migrate as Is,710a9e6ca1f1322065e77d2865f30948c147b8b71fe5153408cbd708daaba9d3
CAT-010,JMP-AI-SENSITIVITY,AI Sensitivity Reading,AI Services,Worksheet,Active,$195,,no Matrix v1.1 equivalent identified,A,MIGRATE-AS-IS,MIGRATE,ACTIVE,JMP-AI-SENSITIVITY,AI Sensitivity Reading,,N/A,N/A,N/A,,No,N/A,PUBLIC,QUOTABLE,CONTRACTABLE,,2026-08-05,,Seed active catalog record as-is from completed ruling register.,No legacy conflict identified; seed/readback only.,Class A - Migrate as Is,710a9e6ca1f1322065e77d2865f30948c147b8b71fe5153408cbd708daaba9d3
CAT-011,JMP-AI-SERIES,AI Series Bible Creation  — Coming Soon,Coming Soon Capabilities,Catalog v2.1 delta,Provisional / decision required,Coming Soon,,PROVISIONAL - internal evaluation only. Not public and not activated.,D,PROVISIONAL,RETIRE,RETIRED,JMP-AI-SERIES,AI Series Bible Creation  — Coming Soon,,N/A,N/A,N/A,,No,N/A,NON-PUBLIC,NOT QUOTABLE,NOT CONTRACTABLE,,2026-08-05,"Retire the AI-labeled SKU. Series-bible creation may remain an editorial service, but internal technology should not define the author-facing product.",Retire author-facing SKU; remove from public/quotable/contractable catalog surfaces while preserving history.,"Remove author-facing references from catalog, proposal templates, quote worksheets, contract schedules, and website projection; preserve historical reference only.",Class D - Provisional,710a9e6ca1f1322065e77d2865f30948c147b8b71fe5153408cbd708daaba9d3
CAT-012,JMP-AI-TRANSLATE,AI-Assisted Translation / Localization,Accessibility and Translation,Worksheet,Active,$0.12 / word,,no Matrix v1.1 equivalent identified,A,MIGRATE-AS-IS,MIGRATE,ACTIVE,JMP-AI-TRANSLATE,AI-Assisted Translation / Localization,,N/A,N/A,N/A,,No,N/A,PUBLIC,QUOTABLE,CONTRACTABLE,,2026-08-05,,Seed active catalog record as-is from completed ruling register.,No legacy conflict identified; seed/readback only.,Class A - Migrate as Is,710a9e6ca1f1322065e77d2865f30948c147b8b71fe5153408cbd708daaba9d3
CAT-013,JMP-AUDIO-AI,AI Audiobook Production,Audio,Worksheet; Matrix v1.1,Legacy conflict / superseded candidate,$699,JMP-AUD-SYNTH-STD: $500 through 8 PFH; $50/PFH overage,yes - legacy $699 add-on conflicts with Matrix $500/up to 8 PFH policy,B,SUPERSEDED,MERGE,SUPERSEDED,JMP-AUD-SYNTH-STD,"Synthetic Audiobook Narration, standard through eight finished hours",,PF-04,N/A,Standard catalog production,$500 through eight finished hours; $50/PFH overage,No,N/A,NON-PUBLIC,NOT QUOTABLE,NOT CONTRACTABLE,JMP-AUD-SYNTH-STD,2026-08-05,Merge into JMP-AUD-SYNTH-STD. Retire the legacy $699 price. Govern synthetic narration under PF-04 at $500 through eight finished hours and $50/PFH thereafter.,Supersede legacy SKU; remap references to JMP-AUD-SYNTH-STD; do not preserve legacy price as active authority.,"Website catalog, contract schedules, proposal templates, quote worksheets, future Business Central item setup, and author-facing package materials if legacy values remain visible.",Pricing Conflict Register,710a9e6ca1f1322065e77d2865f30948c147b8b71fe5153408cbd708daaba9d3
CAT-014,JMP-AUDIO-DIST,Audiobook Distribution Setup,Audio,Worksheet,Active conflict / amend before migration,$195,,yes - not covered in Matrix; verify double-charge risk with $30 annual distribution fee,C,MIGRATE-AMENDED,AMEND,ACTIVE,JMP-AUDIO-DIST,Audiobook Distribution Coordination,,PF-04,N/A,Standard catalog production,$195 provisional pending Matrix authority,Yes,N/A,CONDITIONAL,QUOTABLE,CONTRACTABLE,,2026-08-05,"Amend and rename as Audiobook Distribution Coordination. Applies only to author-supplied, completed audiobook masters. Included when JMP produces PF-04 and may not be double-charged. Retain $195 provisionally pending formal Matrix pricing.",Amend commercial name/scope to Audiobook Distribution Coordination; seed under governed catalog with Jackie notes preserved.,"Website catalog, contract schedules, proposal templates, quote worksheets, future Business Central item setup, and author-facing package materials if legacy values remain visible.",Pricing Conflict Register,710a9e6ca1f1322065e77d2865f30948c147b8b71fe5153408cbd708daaba9d3
CAT-015,JMP-AUDIO-PRO,Professional Narrated Audiobook,Audio,Worksheet; Matrix v1.1,Legacy conflict / superseded candidate,"$3,000–$5,000",JMP-AUD-HUMAN-SV: From $400/PFH,yes - legacy flat/range price conflicts with per-finished-hour Matrix model,B,SUPERSEDED,MERGE,SUPERSEDED,JMP-AUD-HUMAN-SV,Human Single-Voice Narration,,PF-04,N/A,Standard catalog production,From $400/PFH,No,N/A,NON-PUBLIC,NOT QUOTABLE,NOT CONTRACTABLE,JMP-AUD-HUMAN-SV,2026-08-05,"Merge into JMP-AUD-HUMAN-SV. Retire flat $3,000–$5,000 pricing and use the approved human single-voice rate beginning at $400/PFH.",Supersede legacy SKU; remap references to JMP-AUD-HUMAN-SV; do not preserve legacy price as active authority.,"Website catalog, contract schedules, proposal templates, quote worksheets, future Business Central item setup, and author-facing package materials if legacy values remain visible.",Pricing Conflict Register,710a9e6ca1f1322065e77d2865f30948c147b8b71fe5153408cbd708daaba9d3
CAT-016,JMP-AUDIO-RS,Royalty Share Production Coordination (ACX),Audio,Worksheet,Active,$395,,no Matrix v1.1 equivalent identified,A,MIGRATE-AS-IS,MIGRATE,ACTIVE,JMP-AUDIO-RS,Royalty Share Production Coordination (ACX),,N/A,N/A,N/A,,No,N/A,PUBLIC,QUOTABLE,CONTRACTABLE,,2026-08-05,,Seed active catalog record as-is from completed ruling register.,No legacy conflict identified; seed/readback only.,Class A - Migrate as Is,710a9e6ca1f1322065e77d2865f30948c147b8b71fe5153408cbd708daaba9d3
CAT-017,JMP-AUTH-BRAND,Author Branding Package,Author Platform,Worksheet,Active,$495,,no Matrix v1.1 equivalent identified,A,MIGRATE-AS-IS,MIGRATE,ACTIVE,JMP-AUTH-BRAND,Author Branding Package,,N/A,N/A,N/A,,No,N/A,PUBLIC,QUOTABLE,CONTRACTABLE,,2026-08-05,,Seed active catalog record as-is from completed ruling register.,No legacy conflict identified; seed/readback only.,Class A - Migrate as Is,710a9e6ca1f1322065e77d2865f30948c147b8b71fe5153408cbd708daaba9d3
CAT-018,JMP-AUTH-COACH,Author Coaching Session,Author Platform,Worksheet,Active,$195,,no Matrix v1.1 equivalent identified,A,MIGRATE-AS-IS,MIGRATE,ACTIVE,JMP-AUTH-COACH,Author Coaching Session,,N/A,N/A,N/A,,No,N/A,PUBLIC,QUOTABLE,CONTRACTABLE,,2026-08-05,,Seed active catalog record as-is from completed ruling register.,No legacy conflict identified; seed/readback only.,Class A - Migrate as Is,710a9e6ca1f1322065e77d2865f30948c147b8b71fe5153408cbd708daaba9d3
CAT-019,JMP-AUTH-COMMUNITY,Reader Community Setup,Author Platform,Worksheet,Active,$295,,no Matrix v1.1 equivalent identified,A,MIGRATE-AS-IS,MIGRATE,ACTIVE,JMP-AUTH-COMMUNITY,Reader Community Setup,,N/A,N/A,N/A,,No,N/A,PUBLIC,QUOTABLE,CONTRACTABLE,,2026-08-05,,Seed active catalog record as-is from completed ruling register.,No legacy conflict identified; seed/readback only.,Class A - Migrate as Is,710a9e6ca1f1322065e77d2865f30948c147b8b71fe5153408cbd708daaba9d3
CAT-020,JMP-AUTH-CONSULT,Publishing Strategy Consultation,Author Platform,Worksheet,Active,$195,,no Matrix v1.1 equivalent identified,A,MIGRATE-AS-IS,MIGRATE,ACTIVE,JMP-AUTH-CONSULT,Publishing Strategy Consultation,,N/A,N/A,N/A,,No,N/A,PUBLIC,QUOTABLE,CONTRACTABLE,,2026-08-05,,Seed active catalog record as-is from completed ruling register.,No legacy conflict identified; seed/readback only.,Class A - Migrate as Is,710a9e6ca1f1322065e77d2865f30948c147b8b71fe5153408cbd708daaba9d3
CAT-021,JMP-AUTH-DTC,Direct-to-Reader Store Setup,Author Platform,Worksheet,Active,$495,,no Matrix v1.1 equivalent identified,A,MIGRATE-AS-IS,MIGRATE,ACTIVE,JMP-AUTH-DTC,Direct-to-Reader Store Setup,,N/A,N/A,N/A,,No,N/A,PUBLIC,QUOTABLE,CONTRACTABLE,,2026-08-05,,Seed active catalog record as-is from completed ruling register.,No legacy conflict identified; seed/readback only.,Class A - Migrate as Is,710a9e6ca1f1322065e77d2865f30948c147b8b71fe5153408cbd708daaba9d3
CAT-022,JMP-AUTH-EMAIL,Email Newsletter Setup,Author Platform,Worksheet,Active,$195,,no Matrix v1.1 equivalent identified,A,MIGRATE-AS-IS,MIGRATE,ACTIVE,JMP-AUTH-EMAIL,Email Newsletter Setup,,N/A,N/A,N/A,,No,N/A,PUBLIC,QUOTABLE,CONTRACTABLE,,2026-08-05,,Seed active catalog record as-is from completed ruling register.,No legacy conflict identified; seed/readback only.,Class A - Migrate as Is,710a9e6ca1f1322065e77d2865f30948c147b8b71fe5153408cbd708daaba9d3
CAT-023,JMP-AUTH-FUNNEL,Lead Magnet Funnel Setup,Author Platform,Worksheet,Active,$295,,no Matrix v1.1 equivalent identified,A,MIGRATE-AS-IS,MIGRATE,ACTIVE,JMP-AUTH-FUNNEL,Lead Magnet Funnel Setup,,N/A,N/A,N/A,,No,N/A,PUBLIC,QUOTABLE,CONTRACTABLE,,2026-08-05,,Seed active catalog record as-is from completed ruling register.,No legacy conflict identified; seed/readback only.,Class A - Migrate as Is,710a9e6ca1f1322065e77d2865f30948c147b8b71fe5153408cbd708daaba9d3
CAT-024,JMP-AUTH-LANDING,Author Profile Page (Publisher Credential),Author Platform,Worksheet,Active,Included,,no Matrix v1.1 equivalent identified,A,MIGRATE-AS-IS,MIGRATE,ACTIVE,JMP-AUTH-LANDING,Author Profile Page (Publisher Credential),,N/A,N/A,N/A,,No,N/A,PUBLIC,QUOTABLE,CONTRACTABLE,,2026-08-05,,Seed active catalog record as-is from completed ruling register.,No legacy conflict identified; seed/readback only.,Class A - Migrate as Is,710a9e6ca1f1322065e77d2865f30948c147b8b71fe5153408cbd708daaba9d3
CAT-025,JMP-AUTH-MEDIA,Speaking & Media Kit,Author Platform,Worksheet,Active,$295,,no Matrix v1.1 equivalent identified,A,MIGRATE-AS-IS,MIGRATE,ACTIVE,JMP-AUTH-MEDIA,Speaking & Media Kit,,N/A,N/A,N/A,,No,N/A,PUBLIC,QUOTABLE,CONTRACTABLE,,2026-08-05,,Seed active catalog record as-is from completed ruling register.,No legacy conflict identified; seed/readback only.,Class A - Migrate as Is,710a9e6ca1f1322065e77d2865f30948c147b8b71fe5153408cbd708daaba9d3
CAT-026,JMP-AUTH-PATRON,Patron / Reader Membership Setup  — Coming Soon,Coming Soon Capabilities,Catalog v2.1 delta,Provisional / decision required,Coming Soon,,PROVISIONAL - internal evaluation only. Not public and not activated.,D,PROVISIONAL,PROVISIONAL,PROVISIONAL,JMP-AUTH-PATRON,Patron / Reader Membership Setup  — Coming Soon,,N/A,N/A,N/A,,No,N/A,NON-PUBLIC,NOT QUOTABLE,NOT CONTRACTABLE,,2026-08-05,"Hold pending a complete patron-membership model covering platform, recurring support, payment handling, data ownership, and deliverables.","Hold as non-public, not sellable, not quotable pending separate authority.","Keep out of public website, quotes, contracts, and package calculators pending separate approval.",Class D - Provisional,710a9e6ca1f1322065e77d2865f30948c147b8b71fe5153408cbd708daaba9d3
CAT-027,JMP-AUTH-PHOTO,Author Headshot Prep & Optimization,Author Platform,Worksheet,Active,$95,,no Matrix v1.1 equivalent identified,A,MIGRATE-AS-IS,MIGRATE,ACTIVE,JMP-AUTH-PHOTO,Author Headshot Prep & Optimization,,N/A,N/A,N/A,,No,N/A,PUBLIC,QUOTABLE,CONTRACTABLE,,2026-08-05,,Seed active catalog record as-is from completed ruling register.,No legacy conflict identified; seed/readback only.,Class A - Migrate as Is,710a9e6ca1f1322065e77d2865f30948c147b8b71fe5153408cbd708daaba9d3
CAT-028,JMP-AUTH-PORTAL,Author Portal Setup (Power Apps),Author Platform,Worksheet,Active,$995,,no Matrix v1.1 equivalent identified,A,MIGRATE-AS-IS,MIGRATE,ACTIVE,JMP-AUTH-PORTAL,Author Portal Setup (Power Apps),,N/A,N/A,N/A,,No,N/A,PUBLIC,QUOTABLE,CONTRACTABLE,,2026-08-05,,Seed active catalog record as-is from completed ruling register.,No legacy conflict identified; seed/readback only.,Class A - Migrate as Is,710a9e6ca1f1322065e77d2865f30948c147b8b71fe5153408cbd708daaba9d3
CAT-029,JMP-AUTH-PROFILE,Enhanced Author Page,Author Platform,Worksheet,Active,$395,,no Matrix v1.1 equivalent identified,A,MIGRATE-AS-IS,MIGRATE,ACTIVE,JMP-AUTH-PROFILE,Enhanced Author Page,,N/A,N/A,N/A,,No,N/A,PUBLIC,QUOTABLE,CONTRACTABLE,,2026-08-05,,Seed active catalog record as-is from completed ruling register.,No legacy conflict identified; seed/readback only.,Class A - Migrate as Is,710a9e6ca1f1322065e77d2865f30948c147b8b71fe5153408cbd708daaba9d3
CAT-030,JMP-AUTH-WEB,Author Website / Campaign Hub,Author Platform,Worksheet,Active,"$2,500",,no Matrix v1.1 equivalent identified,A,MIGRATE-AS-IS,MIGRATE,ACTIVE,JMP-AUTH-WEB,Author Website / Campaign Hub,,N/A,N/A,N/A,,No,N/A,PUBLIC,QUOTABLE,CONTRACTABLE,,2026-08-05,,Seed active catalog record as-is from completed ruling register.,No legacy conflict identified; seed/readback only.,Class A - Migrate as Is,710a9e6ca1f1322065e77d2865f30948c147b8b71fe5153408cbd708daaba9d3
CAT-031,JMP-AUTHCOPY-HC,Author Copies — Hardcover,Book Formats and Author Copies,Worksheet,Active,Cost,,no Matrix v1.1 equivalent identified,A,MIGRATE-AS-IS,MIGRATE,ACTIVE,JMP-AUTHCOPY-HC,Author Copies — Hardcover,,N/A,N/A,N/A,,No,N/A,PUBLIC,QUOTABLE,CONTRACTABLE,,2026-08-05,,Seed active catalog record as-is from completed ruling register.,No legacy conflict identified; seed/readback only.,Class A - Migrate as Is,710a9e6ca1f1322065e77d2865f30948c147b8b71fe5153408cbd708daaba9d3
CAT-032,JMP-AUTHCOPY-PB,Author Copies — Paperback,Book Formats and Author Copies,Worksheet,Active,Cost,,no Matrix v1.1 equivalent identified,A,MIGRATE-AS-IS,MIGRATE,ACTIVE,JMP-AUTHCOPY-PB,Author Copies — Paperback,,N/A,N/A,N/A,,No,N/A,PUBLIC,QUOTABLE,CONTRACTABLE,,2026-08-05,,Seed active catalog record as-is from completed ruling register.,No legacy conflict identified; seed/readback only.,Class A - Migrate as Is,710a9e6ca1f1322065e77d2865f30948c147b8b71fe5153408cbd708daaba9d3
CAT-033,JMP-BOOK-AUDIO,Audiobook,Book Formats and Author Copies,Worksheet,Active,—,,no Matrix v1.1 equivalent identified,A,MIGRATE-AS-IS,MIGRATE,ACTIVE,JMP-BOOK-AUDIO,Audiobook,,N/A,N/A,N/A,,No,N/A,PUBLIC,QUOTABLE,CONTRACTABLE,,2026-08-05,,Seed active catalog record as-is from completed ruling register.,No legacy conflict identified; seed/readback only.,Class A - Migrate as Is,710a9e6ca1f1322065e77d2865f30948c147b8b71fe5153408cbd708daaba9d3
CAT-034,JMP-BOOK-EB,eBook,Book Formats and Author Copies,Worksheet,Active,—,,no Matrix v1.1 equivalent identified,A,MIGRATE-AS-IS,MIGRATE,ACTIVE,JMP-BOOK-EB,eBook,,N/A,N/A,N/A,,No,N/A,PUBLIC,QUOTABLE,CONTRACTABLE,,2026-08-05,,Seed active catalog record as-is from completed ruling register.,No legacy conflict identified; seed/readback only.,Class A - Migrate as Is,710a9e6ca1f1322065e77d2865f30948c147b8b71fe5153408cbd708daaba9d3
CAT-035,JMP-BOOK-HC,Hardcover,Book Formats and Author Copies,Worksheet,Active,—,,no Matrix v1.1 equivalent identified,A,MIGRATE-AS-IS,MIGRATE,ACTIVE,JMP-BOOK-HC,Hardcover,,N/A,N/A,N/A,,No,N/A,PUBLIC,QUOTABLE,CONTRACTABLE,,2026-08-05,,Seed active catalog record as-is from completed ruling register.,No legacy conflict identified; seed/readback only.,Class A - Migrate as Is,710a9e6ca1f1322065e77d2865f30948c147b8b71fe5153408cbd708daaba9d3
CAT-036,JMP-BOOK-PB,Paperback,Book Formats and Author Copies,Worksheet,Active,—,,no Matrix v1.1 equivalent identified,A,MIGRATE-AS-IS,MIGRATE,ACTIVE,JMP-BOOK-PB,Paperback,,N/A,N/A,N/A,,No,N/A,PUBLIC,QUOTABLE,CONTRACTABLE,,2026-08-05,,Seed active catalog record as-is from completed ruling register.,No legacy conflict identified; seed/readback only.,Class A - Migrate as Is,710a9e6ca1f1322065e77d2865f30948c147b8b71fe5153408cbd708daaba9d3
CAT-037,JMP-CAT-ANALYTICS,Sales Analytics Report,Catalog Services,Worksheet,Active,$150,,no Matrix v1.1 equivalent identified,A,MIGRATE-AS-IS,MIGRATE,ACTIVE,JMP-CAT-ANALYTICS,Sales Analytics Report,,N/A,N/A,N/A,,No,N/A,PUBLIC,QUOTABLE,CONTRACTABLE,,2026-08-05,,Seed active catalog record as-is from completed ruling register.,No legacy conflict identified; seed/readback only.,Class A - Migrate as Is,710a9e6ca1f1322065e77d2865f30948c147b8b71fe5153408cbd708daaba9d3
CAT-038,JMP-CAT-AUDIT,Backlist Metadata Audit,Catalog Services,Worksheet,Active,$249,,no Matrix v1.1 equivalent identified,A,MIGRATE-AS-IS,MIGRATE,ACTIVE,JMP-CAT-AUDIT,Backlist Metadata Audit,,N/A,N/A,N/A,,No,N/A,PUBLIC,QUOTABLE,CONTRACTABLE,,2026-08-05,,Seed active catalog record as-is from completed ruling register.,No legacy conflict identified; seed/readback only.,Class A - Migrate as Is,710a9e6ca1f1322065e77d2865f30948c147b8b71fe5153408cbd708daaba9d3
CAT-039,JMP-CAT-METADATA,Metadata Optimization,Catalog Services,Worksheet,Active,$199,,no Matrix v1.1 equivalent identified,A,MIGRATE-AS-IS,MIGRATE,ACTIVE,JMP-CAT-METADATA,Metadata Optimization,,N/A,N/A,N/A,,No,N/A,PUBLIC,QUOTABLE,CONTRACTABLE,,2026-08-05,,Seed active catalog record as-is from completed ruling register.,No legacy conflict identified; seed/readback only.,Class A - Migrate as Is,710a9e6ca1f1322065e77d2865f30948c147b8b71fe5153408cbd708daaba9d3
CAT-040,JMP-CAT-PRICING,Book Pricing Strategy,Catalog Services,Worksheet,Active,$150,,no Matrix v1.1 equivalent identified,A,MIGRATE-AS-IS,MIGRATE,ACTIVE,JMP-CAT-PRICING,Book Pricing Strategy,,N/A,N/A,N/A,,No,N/A,PUBLIC,QUOTABLE,CONTRACTABLE,,2026-08-05,,Seed active catalog record as-is from completed ruling register.,No legacy conflict identified; seed/readback only.,Class A - Migrate as Is,710a9e6ca1f1322065e77d2865f30948c147b8b71fe5153408cbd708daaba9d3
CAT-041,JMP-CAT-REVISION,Revised Edition Service,Catalog Services,Worksheet,Active,$395,,no Matrix v1.1 equivalent identified,A,MIGRATE-AS-IS,MIGRATE,ACTIVE,JMP-CAT-REVISION,Revised Edition Service,,N/A,N/A,N/A,,No,N/A,PUBLIC,QUOTABLE,CONTRACTABLE,,2026-08-05,,Seed active catalog record as-is from completed ruling register.,No legacy conflict identified; seed/readback only.,Class A - Migrate as Is,710a9e6ca1f1322065e77d2865f30948c147b8b71fe5153408cbd708daaba9d3
CAT-042,JMP-CHILD-ILLUS,Children's Book Illustration,Children's Publishing,Worksheet,Active,$150–$350 / illustration,,no Matrix v1.1 equivalent identified,A,MIGRATE-AS-IS,MIGRATE,ACTIVE,JMP-CHILD-ILLUS,Children's Book Illustration,,N/A,N/A,N/A,,No,N/A,PUBLIC,QUOTABLE,CONTRACTABLE,,2026-08-05,,Seed active catalog record as-is from completed ruling register.,No legacy conflict identified; seed/readback only.,Class A - Migrate as Is,710a9e6ca1f1322065e77d2865f30948c147b8b71fe5153408cbd708daaba9d3
CAT-043,JMP-CHILD-LAYOUT,Illustrated Book Layout,Children's Publishing,Worksheet,Active,$595,,no Matrix v1.1 equivalent identified,A,MIGRATE-AS-IS,MIGRATE,ACTIVE,JMP-CHILD-LAYOUT,Illustrated Book Layout,,N/A,N/A,N/A,,No,N/A,PUBLIC,QUOTABLE,CONTRACTABLE,,2026-08-05,,Seed active catalog record as-is from completed ruling register.,No legacy conflict identified; seed/readback only.,Class A - Migrate as Is,710a9e6ca1f1322065e77d2865f30948c147b8b71fe5153408cbd708daaba9d3
CAT-044,JMP-CHILD-PROD,Illustrated Book Production Setup,Children's Publishing,Worksheet,Active,$295,,no Matrix v1.1 equivalent identified,A,MIGRATE-AS-IS,MIGRATE,ACTIVE,JMP-CHILD-PROD,Illustrated Book Production Setup,,N/A,N/A,N/A,,No,N/A,PUBLIC,QUOTABLE,CONTRACTABLE,,2026-08-05,,Seed active catalog record as-is from completed ruling register.,No legacy conflict identified; seed/readback only.,Class A - Migrate as Is,710a9e6ca1f1322065e77d2865f30948c147b8b71fe5153408cbd708daaba9d3
CAT-045,JMP-DES-COVER,Professional Cover Design,Design and Production,Worksheet,Active,$495,,no Matrix v1.1 equivalent identified,A,MIGRATE-AS-IS,MIGRATE,ACTIVE,JMP-DES-COVER,Professional Cover Design,,N/A,N/A,N/A,,No,N/A,PUBLIC,QUOTABLE,CONTRACTABLE,,2026-08-05,,Seed active catalog record as-is from completed ruling register.,No legacy conflict identified; seed/readback only.,Class A - Migrate as Is,710a9e6ca1f1322065e77d2865f30948c147b8b71fe5153408cbd708daaba9d3
CAT-046,JMP-DES-COVER-ADAPT,Cover Adaptation (new format),Design and Production,Worksheet,Active,$95–$150,,no Matrix v1.1 equivalent identified,A,MIGRATE-AS-IS,MIGRATE,ACTIVE,JMP-DES-COVER-ADAPT,Cover Adaptation (new format),,N/A,N/A,N/A,,No,N/A,PUBLIC,QUOTABLE,CONTRACTABLE,,2026-08-05,,Seed active catalog record as-is from completed ruling register.,No legacy conflict identified; seed/readback only.,Class A - Migrate as Is,710a9e6ca1f1322065e77d2865f30948c147b8b71fe5153408cbd708daaba9d3
CAT-047,JMP-DES-COVER-PREM,Premium Cover Design,Design and Production,Worksheet,Active,$895,,no Matrix v1.1 equivalent identified,A,MIGRATE-AS-IS,MIGRATE,ACTIVE,JMP-DES-COVER-PREM,Premium Cover Design,,N/A,N/A,N/A,,No,N/A,PUBLIC,QUOTABLE,CONTRACTABLE,,2026-08-05,,Seed active catalog record as-is from completed ruling register.,No legacy conflict identified; seed/readback only.,Class A - Migrate as Is,710a9e6ca1f1322065e77d2865f30948c147b8b71fe5153408cbd708daaba9d3
CAT-048,JMP-DES-DEVOTIONAL,Devotional / Curriculum Formatting,Design and Production,Worksheet,Active,$495,,no Matrix v1.1 equivalent identified,A,MIGRATE-AS-IS,MIGRATE,ACTIVE,JMP-DES-DEVOTIONAL,Devotional / Curriculum Formatting,,N/A,N/A,N/A,,No,N/A,PUBLIC,QUOTABLE,CONTRACTABLE,,2026-08-05,,Seed active catalog record as-is from completed ruling register.,No legacy conflict identified; seed/readback only.,Class A - Migrate as Is,710a9e6ca1f1322065e77d2865f30948c147b8b71fe5153408cbd708daaba9d3
CAT-049,JMP-DES-EBOOK,eBook Conversion,Design and Production,Worksheet; Matrix v1.1,Legacy conflict / superseded candidate,$195,JMP-EDT-EB-STD: $350,yes - legacy design SKU price/taxonomy conflicts with Matrix edition add-on,B,SUPERSEDED,MERGE,SUPERSEDED,JMP-EDT-EB-STD,"Standard Ebook, born-accessible",,PF-03,N/A,Standard catalog production,$350,No,N/A,NON-PUBLIC,NOT QUOTABLE,NOT CONTRACTABLE,JMP-EDT-EB-STD,2026-08-05,Merge into PF-03 / JMP-EDT-EB-STD. Retire the legacy design SKU and $195 price. Standard Digital production is $350 and includes born-accessible EPUB production.,Supersede legacy SKU; remap references to JMP-EDT-EB-STD; do not preserve legacy price as active authority.,"Website catalog, contract schedules, proposal templates, quote worksheets, future Business Central item setup, and author-facing package materials if legacy values remain visible.",Pricing Conflict Register,710a9e6ca1f1322065e77d2865f30948c147b8b71fe5153408cbd708daaba9d3
CAT-050,JMP-DES-HARDCOVER,Hardcover Formatting,Design and Production,Worksheet; Matrix v1.1,Legacy conflict / superseded candidate,$195,JMP-EDT-HC-STD: $350,yes - legacy design SKU price/taxonomy conflicts with Matrix edition add-on,B,SUPERSEDED,MERGE,SUPERSEDED,JMP-EDT-HC-STD,Hardcover,,PF-02,N/A,Standard catalog production,$350,No,N/A,NON-PUBLIC,NOT QUOTABLE,NOT CONTRACTABLE,JMP-EDT-HC-STD,2026-08-05,Merge into PF-02 / JMP-EDT-HC-STD. Retire the legacy formatting SKU and use the $350 edition add-on.,Supersede legacy SKU; remap references to JMP-EDT-HC-STD; do not preserve legacy price as active authority.,"Website catalog, contract schedules, proposal templates, quote worksheets, future Business Central item setup, and author-facing package materials if legacy values remain visible.",Pricing Conflict Register,710a9e6ca1f1322065e77d2865f30948c147b8b71fe5153408cbd708daaba9d3
CAT-051,JMP-DES-ILLUSTRATION,Illustration Integration,Design and Production,Worksheet,Active,$150,,no Matrix v1.1 equivalent identified,A,MIGRATE-AS-IS,MIGRATE,ACTIVE,JMP-DES-ILLUSTRATION,Illustration Integration,,N/A,N/A,N/A,,No,N/A,PUBLIC,QUOTABLE,CONTRACTABLE,,2026-08-05,,Seed active catalog record as-is from completed ruling register.,No legacy conflict identified; seed/readback only.,Class A - Migrate as Is,710a9e6ca1f1322065e77d2865f30948c147b8b71fe5153408cbd708daaba9d3
CAT-052,JMP-DES-INTERACTIVE,Interactive eBook Production  — Coming Soon,Coming Soon Capabilities,Catalog v2.1 delta; Matrix v1.1,Provisional / decision required,Coming Soon,"JMP-INT-EPUB3-STD: Starting at $1,500 after scope cap",PROVISIONAL - evaluate separate SKU vs subordinate capability of JMP-INT-EPUB3-STD. Not public and not activated.,D,PROVISIONAL,MERGE,SUPERSEDED,JMP-INT-EPUB3-STD,Interactive EPUB3 Edition,,PF-08,N/A,SOW-gated interactive production,"Starting at $1,500 after scope cap",No,N/A,NON-PUBLIC,NOT QUOTABLE,NOT CONTRACTABLE,JMP-INT-EPUB3-STD,2026-08-05,Merge into PF-08 / JMP-INT-EPUB3-STD. PF-08 is active and scoping-gated; remove “Coming Soon.”,Supersede legacy SKU; remap references to JMP-INT-EPUB3-STD; do not preserve legacy price as active authority.,"Remap legacy SKU references in catalog, proposal templates, quote worksheets, contract schedules, future Business Central item setup, and author-facing package materials.",Class D - Provisional,710a9e6ca1f1322065e77d2865f30948c147b8b71fe5153408cbd708daaba9d3
CAT-053,JMP-DES-LARGEPRINT,Large Print Formatting,Design and Production,Worksheet; Matrix v1.1,Legacy conflict / superseded candidate,$195,JMP-EDT-LP-STD: $350,yes - legacy design SKU price/taxonomy conflicts with Matrix edition add-on,B,SUPERSEDED,MERGE,SUPERSEDED,JMP-EDT-LP-STD,"Large Print, standard layout",,PF-05,N/A,Standard catalog production,$350,No,N/A,NON-PUBLIC,NOT QUOTABLE,NOT CONTRACTABLE,JMP-EDT-LP-STD,2026-08-05,Merge into PF-05 / JMP-EDT-LP-STD. Retire the legacy $195 price. LP-STD is $350; LP-CPLX remains a complexity attribute with its approved premium.,Supersede legacy SKU; remap references to JMP-EDT-LP-STD; do not preserve legacy price as active authority.,"Website catalog, contract schedules, proposal templates, quote worksheets, future Business Central item setup, and author-facing package materials if legacy values remain visible.",Pricing Conflict Register,710a9e6ca1f1322065e77d2865f30948c147b8b71fe5153408cbd708daaba9d3
CAT-054,JMP-DES-LAYOUT,Interior Layout & Typesetting,Design and Production,Worksheet,Active,$495,,no Matrix v1.1 equivalent identified,A,MIGRATE-AS-IS,MIGRATE,ACTIVE,JMP-DES-LAYOUT,Interior Layout & Typesetting,,N/A,N/A,N/A,,No,N/A,PUBLIC,QUOTABLE,CONTRACTABLE,,2026-08-05,,Seed active catalog record as-is from completed ruling register.,No legacy conflict identified; seed/readback only.,Class A - Migrate as Is,710a9e6ca1f1322065e77d2865f30948c147b8b71fe5153408cbd708daaba9d3
CAT-055,JMP-DES-PRINT-ADD,Additional Print Format Upgrade,Design and Production,Worksheet,Active,$295,,no Matrix v1.1 equivalent identified,A,MIGRATE-AS-IS,MIGRATE,ACTIVE,JMP-DES-PRINT-ADD,Additional Print Format Upgrade,,N/A,N/A,N/A,,No,N/A,PUBLIC,QUOTABLE,CONTRACTABLE,,2026-08-05,,Seed active catalog record as-is from completed ruling register.,No legacy conflict identified; seed/readback only.,Class A - Migrate as Is,710a9e6ca1f1322065e77d2865f30948c147b8b71fe5153408cbd708daaba9d3
CAT-056,JMP-DES-PROOF-PRINT,Physical Print Proof,Design and Production,Worksheet,Active,$45–$75 + shipping,,no Matrix v1.1 equivalent identified,A,MIGRATE-AS-IS,MIGRATE,ACTIVE,JMP-DES-PROOF-PRINT,Physical Print Proof,,N/A,N/A,N/A,,No,N/A,PUBLIC,QUOTABLE,CONTRACTABLE,,2026-08-05,,Seed active catalog record as-is from completed ruling register.,No legacy conflict identified; seed/readback only.,Class A - Migrate as Is,710a9e6ca1f1322065e77d2865f30948c147b8b71fe5153408cbd708daaba9d3
CAT-057,JMP-DES-REVISION,Interior Revision (Post-Layout),Design and Production,Worksheet,Active,$150 flat / $75/hr,,no Matrix v1.1 equivalent identified,A,MIGRATE-AS-IS,MIGRATE,ACTIVE,JMP-DES-REVISION,Interior Revision (Post-Layout),,N/A,N/A,N/A,,No,N/A,PUBLIC,QUOTABLE,CONTRACTABLE,,2026-08-05,,Seed active catalog record as-is from completed ruling register.,No legacy conflict identified; seed/readback only.,Class A - Migrate as Is,710a9e6ca1f1322065e77d2865f30948c147b8b71fe5153408cbd708daaba9d3
CAT-058,JMP-DIST-ANNUAL,Annual Distribution & Maintenance,Distribution and Post-Launch,Worksheet,Active,$49 / title / year,,no Matrix v1.1 equivalent identified,A,MIGRATE-AS-IS,MIGRATE,ACTIVE,JMP-DIST-ANNUAL,Annual Distribution & Maintenance,,N/A,N/A,N/A,,No,N/A,PUBLIC,QUOTABLE,CONTRACTABLE,,2026-08-05,,Seed active catalog record as-is from completed ruling register.,No legacy conflict identified; seed/readback only.,Class A - Migrate as Is,710a9e6ca1f1322065e77d2865f30948c147b8b71fe5153408cbd708daaba9d3
CAT-059,JMP-DIST-BULK,Bulk Author Copy Order Support,Distribution and Post-Launch,Worksheet,Active,$95,,no Matrix v1.1 equivalent identified,A,MIGRATE-AS-IS,MIGRATE,ACTIVE,JMP-DIST-BULK,Bulk Author Copy Order Support,,N/A,N/A,N/A,,No,N/A,PUBLIC,QUOTABLE,CONTRACTABLE,,2026-08-05,,Seed active catalog record as-is from completed ruling register.,No legacy conflict identified; seed/readback only.,Class A - Migrate as Is,710a9e6ca1f1322065e77d2865f30948c147b8b71fe5153408cbd708daaba9d3
CAT-060,JMP-DIST-CHURCH,Church Bookstore Placement,Distribution and Post-Launch,Worksheet,Active,$195,,no Matrix v1.1 equivalent identified,A,MIGRATE-AS-IS,MIGRATE,ACTIVE,JMP-DIST-CHURCH,Church Bookstore Placement,,N/A,N/A,N/A,,No,N/A,PUBLIC,QUOTABLE,CONTRACTABLE,,2026-08-05,,Seed active catalog record as-is from completed ruling register.,No legacy conflict identified; seed/readback only.,Class A - Migrate as Is,710a9e6ca1f1322065e77d2865f30948c147b8b71fe5153408cbd708daaba9d3
CAT-061,JMP-DIST-CONFERENCE,Conference & Event Sales Setup,Distribution and Post-Launch,Worksheet,Active,$195,,no Matrix v1.1 equivalent identified,A,MIGRATE-AS-IS,MIGRATE,ACTIVE,JMP-DIST-CONFERENCE,Conference & Event Sales Setup,,N/A,N/A,N/A,,No,N/A,PUBLIC,QUOTABLE,CONTRACTABLE,,2026-08-05,,Seed active catalog record as-is from completed ruling register.,No legacy conflict identified; seed/readback only.,Class A - Migrate as Is,710a9e6ca1f1322065e77d2865f30948c147b8b71fe5153408cbd708daaba9d3
CAT-062,JMP-DIST-FAITH,Faith Market Distribution (CBA / Church),Distribution and Post-Launch,Worksheet,Active,$295,,no Matrix v1.1 equivalent identified,A,MIGRATE-AS-IS,MIGRATE,ACTIVE,JMP-DIST-FAITH,Faith Market Distribution (CBA / Church),,N/A,N/A,N/A,,No,N/A,PUBLIC,QUOTABLE,CONTRACTABLE,,2026-08-05,,Seed active catalog record as-is from completed ruling register.,No legacy conflict identified; seed/readback only.,Class A - Migrate as Is,710a9e6ca1f1322065e77d2865f30948c147b8b71fe5153408cbd708daaba9d3
CAT-063,JMP-DIST-INGRAM-UPGRADE,Expanded Ingram Distribution Upgrade,Distribution and Post-Launch,Catalog v2.1 delta; Matrix v1.1,Provisional / decision required,$125,JMP-DIST-ANNUAL; JMP-DIST-LSI-UPGRADE,"JACKIE DECISION REQUIRED - evaluate whether this is UNIQUE, OVERLAPS, or REPLACES Annual Distribution Fee ($30) and legacy LSI upgrade.",D,PROVISIONAL,RETIRE,RETIRED,JMP-DIST-INGRAM-UPGRADE,Expanded Ingram Distribution Upgrade,,N/A,N/A,N/A,JMP-DIST-ANNUAL; JMP-DIST-LSI-UPGRADE,No,N/A,NON-PUBLIC,NOT QUOTABLE,NOT CONTRACTABLE,,2026-08-05,Retire unless a distinct distribution service exists beyond standard Ingram distribution and the annual print-format distribution fee.,Retire author-facing SKU; remove from public/quotable/contractable catalog surfaces while preserving history.,"Remove author-facing references from catalog, proposal templates, quote worksheets, contract schedules, and website projection; preserve historical reference only.",Class D - Provisional,710a9e6ca1f1322065e77d2865f30948c147b8b71fe5153408cbd708daaba9d3
CAT-064,JMP-DIST-LIBRARY,Expanded Library Distribution,Distribution and Post-Launch,Worksheet,Active,$195,,no Matrix v1.1 equivalent identified,A,MIGRATE-AS-IS,MIGRATE,ACTIVE,JMP-DIST-LIBRARY,Expanded Library Distribution,,N/A,N/A,N/A,,No,N/A,PUBLIC,QUOTABLE,CONTRACTABLE,,2026-08-05,,Seed active catalog record as-is from completed ruling register.,No legacy conflict identified; seed/readback only.,Class A - Migrate as Is,710a9e6ca1f1322065e77d2865f30948c147b8b71fe5153408cbd708daaba9d3
CAT-065,JMP-DIST-LSI-UPGRADE,LSI Distribution Upgrade,Uncategorized,Worksheet,Active,$125,,no Matrix v1.1 equivalent identified,A,MIGRATE-AS-IS,MIGRATE,ACTIVE,JMP-DIST-LSI-UPGRADE,LSI Distribution Upgrade,,N/A,N/A,N/A,,No,N/A,PUBLIC,QUOTABLE,CONTRACTABLE,,2026-08-05,,Seed active catalog record as-is from completed ruling register.,No legacy conflict identified; seed/readback only.,Class A - Migrate as Is,710a9e6ca1f1322065e77d2865f30948c147b8b71fe5153408cbd708daaba9d3
CAT-066,JMP-DIST-TRANSFER,Title Transfer / Republishing Setup,Distribution and Post-Launch,Worksheet,Active,$295,,no Matrix v1.1 equivalent identified,A,MIGRATE-AS-IS,MIGRATE,ACTIVE,JMP-DIST-TRANSFER,Title Transfer / Republishing Setup,,N/A,N/A,N/A,,No,N/A,PUBLIC,QUOTABLE,CONTRACTABLE,,2026-08-05,,Seed active catalog record as-is from completed ruling register.,No legacy conflict identified; seed/readback only.,Class A - Migrate as Is,710a9e6ca1f1322065e77d2865f30948c147b8b71fe5153408cbd708daaba9d3
CAT-067,JMP-EDIT-COAUTHOR,Co-Author / Contributor Coordination,Editorial Services,Catalog v2.1 delta,Provisional / decision required,$395,,no Matrix v1.1 equivalent identified; confirm scope and whether this is editorial service or ghostwriting relationship.,D,PROVISIONAL,AMEND,ACTIVE,JMP-EDIT-COAUTHOR,Contributor Coordination,,N/A,N/A,Quoted/manual scoping,Quoted per project,No,N/A,PUBLIC,SOW-GATED,CONTRACTABLE,,2026-08-05,"Retain as a quoted contributor-coordination service. Define manuscript consolidation, approval routing, communication, and version control; exclude ghostwriting and authorship disputes.",Amend commercial name/scope to Contributor Coordination; seed under governed catalog with Jackie notes preserved.,"Update Dataverse seed, proposal templates, quote worksheets, contract schedule language, and website projection only after protected promotion.",Class D - Provisional,710a9e6ca1f1322065e77d2865f30948c147b8b71fe5153408cbd708daaba9d3
CAT-068,JMP-EDIT-COPY,Copy Editing,Editorial Services,Worksheet,Active,$0.035 / word,,no Matrix v1.1 equivalent identified,A,MIGRATE-AS-IS,MIGRATE,ACTIVE,JMP-EDIT-COPY,Copy Editing,,N/A,N/A,N/A,,No,N/A,PUBLIC,QUOTABLE,CONTRACTABLE,,2026-08-05,,Seed active catalog record as-is from completed ruling register.,No legacy conflict identified; seed/readback only.,Class A - Migrate as Is,710a9e6ca1f1322065e77d2865f30948c147b8b71fe5153408cbd708daaba9d3
CAT-069,JMP-EDIT-DEV,Developmental Editing,Editorial Services,Worksheet,Active,$0.08 / word,,no Matrix v1.1 equivalent identified,A,MIGRATE-AS-IS,MIGRATE,ACTIVE,JMP-EDIT-DEV,Developmental Editing,,N/A,N/A,N/A,,No,N/A,PUBLIC,QUOTABLE,CONTRACTABLE,,2026-08-05,,Seed active catalog record as-is from completed ruling register.,No legacy conflict identified; seed/readback only.,Class A - Migrate as Is,710a9e6ca1f1322065e77d2865f30948c147b8b71fe5153408cbd708daaba9d3
CAT-070,JMP-EDIT-EVAL,Manuscript Evaluation,Editorial Services,Worksheet,Active,$295,,no Matrix v1.1 equivalent identified,A,MIGRATE-AS-IS,MIGRATE,ACTIVE,JMP-EDIT-EVAL,Manuscript Evaluation,,N/A,N/A,N/A,,No,N/A,PUBLIC,QUOTABLE,CONTRACTABLE,,2026-08-05,,Seed active catalog record as-is from completed ruling register.,No legacy conflict identified; seed/readback only.,Class A - Migrate as Is,710a9e6ca1f1322065e77d2865f30948c147b8b71fe5153408cbd708daaba9d3
CAT-071,JMP-EDIT-INDEX,Nonfiction Indexing Coordination,Editorial Services,Catalog v2.1 delta,Provisional / decision required,Quoted per project,,no Matrix v1.1 equivalent identified; likely unique editorial/production add-on pending price and scope.,D,PROVISIONAL,AMEND,ACTIVE,JMP-EDIT-INDEX,Nonfiction Indexing Coordination,,N/A,N/A,Quoted/manual scoping,Quoted per project,No,N/A,PUBLIC,SOW-GATED,CONTRACTABLE,,2026-08-05,"Retain as quoted nonfiction indexing coordination. Separate professional indexer cost, JMP coordination, revisions, and final index insertion.",Amend commercial name/scope to Nonfiction Indexing Coordination; seed under governed catalog with Jackie notes preserved.,"Update Dataverse seed, proposal templates, quote worksheets, contract schedule language, and website projection only after protected promotion.",Class D - Provisional,710a9e6ca1f1322065e77d2865f30948c147b8b71fe5153408cbd708daaba9d3
CAT-072,JMP-EDIT-LINE,Line Editing,Editorial Services,Worksheet,Active,$0.05 / word,,no Matrix v1.1 equivalent identified,A,MIGRATE-AS-IS,MIGRATE,ACTIVE,JMP-EDIT-LINE,Line Editing,,N/A,N/A,N/A,,No,N/A,PUBLIC,QUOTABLE,CONTRACTABLE,,2026-08-05,,Seed active catalog record as-is from completed ruling register.,No legacy conflict identified; seed/readback only.,Class A - Migrate as Is,710a9e6ca1f1322065e77d2865f30948c147b8b71fe5153408cbd708daaba9d3
CAT-073,JMP-EDIT-PROOF,Proofreading,Editorial Services,Worksheet,Active,$0.02 / word,,no Matrix v1.1 equivalent identified,A,MIGRATE-AS-IS,MIGRATE,ACTIVE,JMP-EDIT-PROOF,Proofreading,,N/A,N/A,N/A,,No,N/A,PUBLIC,QUOTABLE,CONTRACTABLE,,2026-08-05,,Seed active catalog record as-is from completed ruling register.,No legacy conflict identified; seed/readback only.,Class A - Migrate as Is,710a9e6ca1f1322065e77d2865f30948c147b8b71fe5153408cbd708daaba9d3
CAT-074,JMP-EDU-BIBLESTUDY,Bible Study Kit Creation,Education and Legal,Worksheet,Active,$495,,no Matrix v1.1 equivalent identified,A,MIGRATE-AS-IS,MIGRATE,ACTIVE,JMP-EDU-BIBLESTUDY,Bible Study Kit Creation,,N/A,N/A,N/A,,No,N/A,PUBLIC,QUOTABLE,CONTRACTABLE,,2026-08-05,,Seed active catalog record as-is from completed ruling register.,No legacy conflict identified; seed/readback only.,Class A - Migrate as Is,710a9e6ca1f1322065e77d2865f30948c147b8b71fe5153408cbd708daaba9d3
CAT-075,JMP-EDU-COURSE,Self-Paced Publishing Course Access,Education and Legal,Worksheet,Active,$197,,no Matrix v1.1 equivalent identified,A,MIGRATE-AS-IS,MIGRATE,ACTIVE,JMP-EDU-COURSE,Self-Paced Publishing Course Access,,N/A,N/A,N/A,,No,N/A,PUBLIC,QUOTABLE,CONTRACTABLE,,2026-08-05,,Seed active catalog record as-is from completed ruling register.,No legacy conflict identified; seed/readback only.,Class A - Migrate as Is,710a9e6ca1f1322065e77d2865f30948c147b8b71fe5153408cbd708daaba9d3
CAT-076,JMP-EDU-PODCAST,Book-to-Podcast Strategy & Production  — Coming Soon,Coming Soon Capabilities,Catalog v2.1 delta,Provisional / decision required,Coming Soon,,PROVISIONAL - internal evaluation only. Not public and not activated.,D,PROVISIONAL,PROVISIONAL,PROVISIONAL,JMP-EDU-PODCAST,Book-to-Podcast Strategy & Production  — Coming Soon,,N/A,N/A,N/A,,No,N/A,NON-PUBLIC,NOT QUOTABLE,NOT CONTRACTABLE,,2026-08-05,"Hold until episode scope, production level, hosting, ownership, distribution, recurring costs, and pricing are settled.","Hold as non-public, not sellable, not quotable pending separate authority.","Keep out of public website, quotes, contracts, and package calculators pending separate approval.",Class D - Provisional,710a9e6ca1f1322065e77d2865f30948c147b8b71fe5153408cbd708daaba9d3
CAT-077,JMP-EDU-WORKSHOP,"Author Workshop (Group, Virtual)",Education and Legal,Worksheet,Active,$97 / attendee,,no Matrix v1.1 equivalent identified,A,MIGRATE-AS-IS,MIGRATE,ACTIVE,JMP-EDU-WORKSHOP,"Author Workshop (Group, Virtual)",,N/A,N/A,N/A,,No,N/A,PUBLIC,QUOTABLE,CONTRACTABLE,,2026-08-05,,Seed active catalog record as-is from completed ruling register.,No legacy conflict identified; seed/readback only.,Class A - Migrate as Is,710a9e6ca1f1322065e77d2865f30948c147b8b71fe5153408cbd708daaba9d3
CAT-078,JMP-GHOST-ANTHOLOGY,Anthology Creation,Uncategorized,Worksheet,Provisional / decision required,TBD,,no - provisional/non-public activation pending,D,PROVISIONAL,AMEND,ACTIVE,JMP-GHOST-ANTHOLOGY,Anthology Development & Coordination,,N/A,N/A,Quoted/manual scoping,Quoted per scope,No,N/A,PUBLIC,SOW-GATED,CONTRACTABLE,,2026-08-05,"Keep, but rename and classify as Anthology Development & Coordination. Define contributor intake, agreements, editorial coordination, compilation, and production. Quote by scope.",Amend commercial name/scope to Anthology Development & Coordination; seed under governed catalog with Jackie notes preserved.,"Update Dataverse seed, proposal templates, quote worksheets, contract schedule language, and website projection only after protected promotion.",Class D - Provisional,710a9e6ca1f1322065e77d2865f30948c147b8b71fe5153408cbd708daaba9d3
CAT-079,JMP-GHOST-EXTENDED,Ghostwriting – Extended (50K–75K words),Uncategorized,Worksheet,Active,"$25,000",,no Matrix v1.1 equivalent identified,A,MIGRATE-AS-IS,MIGRATE,ACTIVE,JMP-GHOST-EXTENDED,Ghostwriting – Extended (50K–75K words),,N/A,N/A,N/A,,No,N/A,PUBLIC,QUOTABLE,CONTRACTABLE,,2026-08-05,,Seed active catalog record as-is from completed ruling register.,No legacy conflict identified; seed/readback only.,Class A - Migrate as Is,710a9e6ca1f1322065e77d2865f30948c147b8b71fe5153408cbd708daaba9d3
CAT-080,JMP-GHOST-PREMIUM,Ghostwriting – Premium (75K–100K words),Uncategorized,Worksheet,Active,"$35,000",,no Matrix v1.1 equivalent identified,A,MIGRATE-AS-IS,MIGRATE,ACTIVE,JMP-GHOST-PREMIUM,Ghostwriting – Premium (75K–100K words),,N/A,N/A,N/A,,No,N/A,PUBLIC,QUOTABLE,CONTRACTABLE,,2026-08-05,,Seed active catalog record as-is from completed ruling register.,No legacy conflict identified; seed/readback only.,Class A - Migrate as Is,710a9e6ca1f1322065e77d2865f30948c147b8b71fe5153408cbd708daaba9d3
CAT-081,JMP-GHOST-SHORT,Ghostwriting – Short (10K–25K words),Uncategorized,Worksheet,Active,"$7,500",,no Matrix v1.1 equivalent identified,A,MIGRATE-AS-IS,MIGRATE,ACTIVE,JMP-GHOST-SHORT,Ghostwriting – Short (10K–25K words),,N/A,N/A,N/A,,No,N/A,PUBLIC,QUOTABLE,CONTRACTABLE,,2026-08-05,,Seed active catalog record as-is from completed ruling register.,No legacy conflict identified; seed/readback only.,Class A - Migrate as Is,710a9e6ca1f1322065e77d2865f30948c147b8b71fe5153408cbd708daaba9d3
CAT-082,JMP-GHOST-STANDARD,Ghostwriting – Standard (25K–50K words),Uncategorized,Worksheet,Active,"$15,000",,no Matrix v1.1 equivalent identified,A,MIGRATE-AS-IS,MIGRATE,ACTIVE,JMP-GHOST-STANDARD,Ghostwriting – Standard (25K–50K words),,N/A,N/A,N/A,,No,N/A,PUBLIC,QUOTABLE,CONTRACTABLE,,2026-08-05,,Seed active catalog record as-is from completed ruling register.,No legacy conflict identified; seed/readback only.,Class A - Migrate as Is,710a9e6ca1f1322065e77d2865f30948c147b8b71fe5153408cbd708daaba9d3
CAT-083,JMP-INTEL-AGENT,AI Publishing Agent / Copilot  — Coming Soon,Coming Soon Capabilities,Catalog v2.1 delta,Provisional / decision required,Coming Soon,,PROVISIONAL - internal evaluation only. Not public and not activated.,D,PROVISIONAL,RETIRE,INTERNAL_ONLY,JMP-INTEL-AGENT,AI Publishing Agent / Copilot  — Coming Soon,,N/A,N/A,N/A,,No,N/A,NON-PUBLIC,NOT QUOTABLE,NOT CONTRACTABLE,,2026-08-05,Retire as an author-facing SKU. Publishing agents and copilots are internal operating capabilities.,Retire author-facing SKU; remove from public/quotable/contractable catalog surfaces while preserving history.,"Remove author-facing references from catalog, proposal templates, quote worksheets, contract schedules, and website projection; preserve historical reference only.",Class D - Provisional,710a9e6ca1f1322065e77d2865f30948c147b8b71fe5153408cbd708daaba9d3
CAT-084,JMP-INTEL-DASHBOARD,Publishing Intelligence Dashboard (Power BI)  — Coming Soon,Coming Soon Capabilities,Catalog v2.1 delta,Provisional / decision required,Coming Soon,,PROVISIONAL - internal evaluation only. Not public and not activated.,D,PROVISIONAL,PROVISIONAL,PROVISIONAL,JMP-INTEL-DASHBOARD,Publishing Intelligence Dashboard (Power BI)  — Coming Soon,,N/A,N/A,N/A,,No,N/A,NON-PUBLIC,NOT QUOTABLE,NOT CONTRACTABLE,,2026-08-05,"Hold as a possible author analytics service. Define data sources, refresh frequency, author access, metrics, support, and recurring pricing first.","Hold as non-public, not sellable, not quotable pending separate authority.","Keep out of public website, quotes, contracts, and package calculators pending separate approval.",Class D - Provisional,710a9e6ca1f1322065e77d2865f30948c147b8b71fe5153408cbd708daaba9d3
CAT-085,JMP-INTEL-PREDICT,Predictive Market Positioning  — Coming Soon,Coming Soon Capabilities,Catalog v2.1 delta,Provisional / decision required,Coming Soon,,PROVISIONAL - internal evaluation only. Not public and not activated.,D,PROVISIONAL,RETIRE,RETIRED,JMP-INTEL-PREDICT,Predictive Market Positioning  — Coming Soon,,N/A,N/A,N/A,,No,N/A,NON-PUBLIC,NOT QUOTABLE,NOT CONTRACTABLE,,2026-08-05,Retire the predictive claim. A later Market Positioning Analysis service could be created with human review and no outcome guarantees.,Retire author-facing SKU; remove from public/quotable/contractable catalog surfaces while preserving history.,"Remove author-facing references from catalog, proposal templates, quote worksheets, contract schedules, and website projection; preserve historical reference only.",Class D - Provisional,710a9e6ca1f1322065e77d2865f30948c147b8b71fe5153408cbd708daaba9d3
CAT-086,JMP-LEGAL-COPYRIGHT,Copyright Registration Filing,Rights and Legal,Worksheet,Active,$95–$125,,no Matrix v1.1 equivalent identified,A,MIGRATE-AS-IS,MIGRATE,ACTIVE,JMP-LEGAL-COPYRIGHT,Copyright Registration Filing,,N/A,N/A,N/A,,No,N/A,PUBLIC,QUOTABLE,CONTRACTABLE,,2026-08-05,,Seed active catalog record as-is from completed ruling register.,No legacy conflict identified; seed/readback only.,Class A - Migrate as Is,710a9e6ca1f1322065e77d2865f30948c147b8b71fe5153408cbd708daaba9d3
CAT-087,JMP-LEGAL-LCCN,Library of Congress Control Number / PCN Coordination,Rights and Legal,Catalog v2.1 delta,Provisional / decision required,$95–$150,,JACKIE DECISION REQUIRED - model both options: publisher obligation vs author-purchased hybrid service. Do not decide in worksheet.,D,PROVISIONAL,RETIRE,RETIRED,JMP-LEGAL-LCCN,Library of Congress Control Number / PCN Coordination,,N/A,N/A,N/A,,No,N/A,NON-PUBLIC,NOT QUOTABLE,NOT CONTRACTABLE,,2026-08-05,"Treat eligible PCN/LCCN coordination as a publisher production responsibility, not a separately charged author service.",Retire author-facing SKU; remove from public/quotable/contractable catalog surfaces while preserving history.,"Remove author-facing references from catalog, proposal templates, quote worksheets, contract schedules, and website projection; preserve historical reference only.",Class D - Provisional,710a9e6ca1f1322065e77d2865f30948c147b8b71fe5153408cbd708daaba9d3
CAT-088,JMP-LEGAL-REVIEW,Publishing Agreement Review Guidance,Education and Legal,Worksheet,Active,$195,,no Matrix v1.1 equivalent identified,A,MIGRATE-AS-IS,MIGRATE,ACTIVE,JMP-LEGAL-REVIEW,Publishing Agreement Review Guidance,,N/A,N/A,N/A,,No,N/A,PUBLIC,QUOTABLE,CONTRACTABLE,,2026-08-05,,Seed active catalog record as-is from completed ruling register.,No legacy conflict identified; seed/readback only.,Class A - Migrate as Is,710a9e6ca1f1322065e77d2865f30948c147b8b71fe5153408cbd708daaba9d3
CAT-089,JMP-MKT-ADSMGT,Amazon Ads Management,Marketing and Launch,Worksheet,Active,$250 / month,,no Matrix v1.1 equivalent identified,A,MIGRATE-AS-IS,MIGRATE,ACTIVE,JMP-MKT-ADSMGT,Amazon Ads Management,,N/A,N/A,N/A,,No,N/A,PUBLIC,QUOTABLE,CONTRACTABLE,,2026-08-05,,Seed active catalog record as-is from completed ruling register.,No legacy conflict identified; seed/readback only.,Class A - Migrate as Is,710a9e6ca1f1322065e77d2865f30948c147b8b71fe5153408cbd708daaba9d3
CAT-090,JMP-MKT-ADSSET,Amazon Ads Setup,Marketing and Launch,Worksheet,Active,$350,,no Matrix v1.1 equivalent identified,A,MIGRATE-AS-IS,MIGRATE,ACTIVE,JMP-MKT-ADSSET,Amazon Ads Setup,,N/A,N/A,N/A,,No,N/A,PUBLIC,QUOTABLE,CONTRACTABLE,,2026-08-05,,Seed active catalog record as-is from completed ruling register.,No legacy conflict identified; seed/readback only.,Class A - Migrate as Is,710a9e6ca1f1322065e77d2865f30948c147b8b71fe5153408cbd708daaba9d3
CAT-091,JMP-MKT-ARC,ARC Campaign Management,Marketing and Launch,Worksheet,Active,$650,,no Matrix v1.1 equivalent identified,A,MIGRATE-AS-IS,MIGRATE,ACTIVE,JMP-MKT-ARC,ARC Campaign Management,,N/A,N/A,N/A,,No,N/A,PUBLIC,QUOTABLE,CONTRACTABLE,,2026-08-05,,Seed active catalog record as-is from completed ruling register.,No legacy conflict identified; seed/readback only.,Class A - Migrate as Is,710a9e6ca1f1322065e77d2865f30948c147b8b71fe5153408cbd708daaba9d3
CAT-092,JMP-MKT-DESC,Book Description & Sales Copy Writing,Marketing and Launch,Worksheet,Active,$195,,no Matrix v1.1 equivalent identified,A,MIGRATE-AS-IS,MIGRATE,ACTIVE,JMP-MKT-DESC,Book Description & Sales Copy Writing,,N/A,N/A,N/A,,No,N/A,PUBLIC,QUOTABLE,CONTRACTABLE,,2026-08-05,,Seed active catalog record as-is from completed ruling register.,No legacy conflict identified; seed/readback only.,Class A - Migrate as Is,710a9e6ca1f1322065e77d2865f30948c147b8b71fe5153408cbd708daaba9d3
CAT-093,JMP-MKT-INGRAMADS,Ingram iD Campaign Setup,Marketing and Launch,Worksheet,Active,$195–$295,,no Matrix v1.1 equivalent identified,A,MIGRATE-AS-IS,MIGRATE,ACTIVE,JMP-MKT-INGRAMADS,Ingram iD Campaign Setup,,N/A,N/A,N/A,,No,N/A,PUBLIC,QUOTABLE,CONTRACTABLE,,2026-08-05,,Seed active catalog record as-is from completed ruling register.,No legacy conflict identified; seed/readback only.,Class A - Migrate as Is,710a9e6ca1f1322065e77d2865f30948c147b8b71fe5153408cbd708daaba9d3
CAT-094,JMP-MKT-LAUNCH,Book Launch Strategy Session,Marketing and Launch,Worksheet,Active,$395,,no Matrix v1.1 equivalent identified,A,MIGRATE-AS-IS,MIGRATE,ACTIVE,JMP-MKT-LAUNCH,Book Launch Strategy Session,,N/A,N/A,N/A,,No,N/A,PUBLIC,QUOTABLE,CONTRACTABLE,,2026-08-05,,Seed active catalog record as-is from completed ruling register.,No legacy conflict identified; seed/readback only.,Class A - Migrate as Is,710a9e6ca1f1322065e77d2865f30948c147b8b71fe5153408cbd708daaba9d3
CAT-095,JMP-MKT-LAUNCHKIT,Complete Launch Marketing Program,Marketing and Launch,Worksheet,Active,"$1,995",,no Matrix v1.1 equivalent identified,A,MIGRATE-AS-IS,MIGRATE,ACTIVE,JMP-MKT-LAUNCHKIT,Complete Launch Marketing Program,,N/A,N/A,N/A,,No,N/A,PUBLIC,QUOTABLE,CONTRACTABLE,,2026-08-05,,Seed active catalog record as-is from completed ruling register.,No legacy conflict identified; seed/readback only.,Class A - Migrate as Is,710a9e6ca1f1322065e77d2865f30948c147b8b71fe5153408cbd708daaba9d3
CAT-096,JMP-MKT-PREORDER,Pre-Order Campaign Setup,Marketing and Launch,Worksheet,Active,$195–$295,,no Matrix v1.1 equivalent identified,A,MIGRATE-AS-IS,MIGRATE,ACTIVE,JMP-MKT-PREORDER,Pre-Order Campaign Setup,,N/A,N/A,N/A,,No,N/A,PUBLIC,QUOTABLE,CONTRACTABLE,,2026-08-05,,Seed active catalog record as-is from completed ruling register.,No legacy conflict identified; seed/readback only.,Class A - Migrate as Is,710a9e6ca1f1322065e77d2865f30948c147b8b71fe5153408cbd708daaba9d3
CAT-097,JMP-MKT-PRESS,Press Release Distribution,Marketing and Launch,Worksheet,Active,$495,,no Matrix v1.1 equivalent identified,A,MIGRATE-AS-IS,MIGRATE,ACTIVE,JMP-MKT-PRESS,Press Release Distribution,,N/A,N/A,N/A,,No,N/A,PUBLIC,QUOTABLE,CONTRACTABLE,,2026-08-05,,Seed active catalog record as-is from completed ruling register.,No legacy conflict identified; seed/readback only.,Class A - Migrate as Is,710a9e6ca1f1322065e77d2865f30948c147b8b71fe5153408cbd708daaba9d3
CAT-098,JMP-MKT-REELS,BookTok / Reels Video Package,Marketing and Launch,Worksheet,Active,$495,,no Matrix v1.1 equivalent identified,A,MIGRATE-AS-IS,MIGRATE,ACTIVE,JMP-MKT-REELS,BookTok / Reels Video Package,,N/A,N/A,N/A,,No,N/A,PUBLIC,QUOTABLE,CONTRACTABLE,,2026-08-05,,Seed active catalog record as-is from completed ruling register.,No legacy conflict identified; seed/readback only.,Class A - Migrate as Is,710a9e6ca1f1322065e77d2865f30948c147b8b71fe5153408cbd708daaba9d3
CAT-099,JMP-MKT-SERIAL,Serialization Strategy,Marketing and Launch,Worksheet; Matrix v1.1,Active conflict / amend before migration,$195,"JMP-SER-DIGITAL-06: $600; JMP-SER-DIGITAL-12: $1,000",yes - legacy marketing serial service scope conflicts or overlaps with Matrix serialized release programs,C,MIGRATE-AMENDED,MERGE,SUPERSEDED,JMP-SER-DIGITAL-06 / JMP-SER-DIGITAL-12,Serialized Digital Release - 6 or 12 installments,,N/A,Serialized digital release,N/A,"$600 / 6 installments; $1,000 / 12 installments",No,N/A,NON-PUBLIC,NOT QUOTABLE,NOT CONTRACTABLE,JMP-SER-DIGITAL-06 / JMP-SER-DIGITAL-12,2026-08-05,Merge into JMP-SER-DIGITAL-06 and JMP-SER-DIGITAL-12. Retire the legacy marketing SKU and $195 price. Serialization is governed as a release model.,Supersede legacy SKU; remap references to JMP-SER-DIGITAL-06 / JMP-SER-DIGITAL-12; do not preserve legacy price as active authority.,"Website catalog, contract schedules, proposal templates, quote worksheets, future Business Central item setup, and author-facing package materials if legacy values remain visible.",Pricing Conflict Register,710a9e6ca1f1322065e77d2865f30948c147b8b71fe5153408cbd708daaba9d3
CAT-100,JMP-MKT-SOCIAL,Social Media Promotion Package,Marketing and Launch,Worksheet,Active,$395,,no Matrix v1.1 equivalent identified,A,MIGRATE-AS-IS,MIGRATE,ACTIVE,JMP-MKT-SOCIAL,Social Media Promotion Package,,N/A,N/A,N/A,,No,N/A,PUBLIC,QUOTABLE,CONTRACTABLE,,2026-08-05,,Seed active catalog record as-is from completed ruling register.,No legacy conflict identified; seed/readback only.,Class A - Migrate as Is,710a9e6ca1f1322065e77d2865f30948c147b8b71fe5153408cbd708daaba9d3
CAT-101,JMP-MKT-TIKTOK,TikTok Shop Integration  — Coming Soon,Coming Soon Capabilities,Catalog v2.1 delta,Provisional / decision required,Coming Soon,,PROVISIONAL - internal evaluation only. Not public and not activated.,D,PROVISIONAL,PROVISIONAL,PROVISIONAL,JMP-MKT-TIKTOK,TikTok Shop Integration  — Coming Soon,,N/A,N/A,N/A,,No,N/A,NON-PUBLIC,NOT QUOTABLE,NOT CONTRACTABLE,,2026-08-05,"Hold until account ownership, storefront operations, fulfillment, returns, reporting, payout handling, and support are governed.","Hold as non-public, not sellable, not quotable pending separate authority.","Keep out of public website, quotes, contracts, and package calculators pending separate approval.",Class D - Provisional,710a9e6ca1f1322065e77d2865f30948c147b8b71fe5153408cbd708daaba9d3
CAT-102,JMP-OPS-RUSH,Rush Production Upgrade,Marketing and Launch,Worksheet,Active,+25% of service total,,no Matrix v1.1 equivalent identified,A,MIGRATE-AS-IS,MIGRATE,ACTIVE,JMP-OPS-RUSH,Rush Production Upgrade,,N/A,N/A,N/A,,No,N/A,PUBLIC,QUOTABLE,CONTRACTABLE,,2026-08-05,,Seed active catalog record as-is from completed ruling register.,No legacy conflict identified; seed/readback only.,Class A - Migrate as Is,710a9e6ca1f1322065e77d2865f30948c147b8b71fe5153408cbd708daaba9d3
CAT-103,JMP-PARTNER-PARTNER,Publishing Partner (≤2 titles/yr),Uncategorized,Worksheet,Active,"$9,000/yr",,no Matrix v1.1 equivalent identified,A,MIGRATE-AS-IS,MIGRATE,ACTIVE,JMP-PARTNER-PARTNER,Publishing Partner (≤2 titles/yr),,N/A,N/A,N/A,,No,N/A,PUBLIC,QUOTABLE,CONTRACTABLE,,2026-08-05,,Seed active catalog record as-is from completed ruling register.,No legacy conflict identified; seed/readback only.,Class A - Migrate as Is,710a9e6ca1f1322065e77d2865f30948c147b8b71fe5153408cbd708daaba9d3
CAT-104,JMP-PARTNER-SIGNATURE,Signature Author (≤3 titles/yr),Uncategorized,Worksheet,Active,"$15,000/yr",,no Matrix v1.1 equivalent identified,A,MIGRATE-AS-IS,MIGRATE,ACTIVE,JMP-PARTNER-SIGNATURE,Signature Author (≤3 titles/yr),,N/A,N/A,N/A,,No,N/A,PUBLIC,QUOTABLE,CONTRACTABLE,,2026-08-05,,Seed active catalog record as-is from completed ruling register.,No legacy conflict identified; seed/readback only.,Class A - Migrate as Is,710a9e6ca1f1322065e77d2865f30948c147b8b71fe5153408cbd708daaba9d3
CAT-105,JMP-PKG-CHILD,Children's Book Publishing Package (author provides art),Children's Publishing,Worksheet,Active,"$2,495",,no Matrix v1.1 equivalent identified,A,MIGRATE-AS-IS,MIGRATE,ACTIVE,JMP-PKG-CHILD,Children's Book Publishing Package (author provides art),,N/A,N/A,N/A,,Conditional,N/A,PUBLIC,QUOTABLE,CONTRACTABLE,,2026-08-05,,Seed active catalog record as-is from completed ruling register.,No legacy conflict identified; seed/readback only.,Class A - Migrate as Is,710a9e6ca1f1322065e77d2865f30948c147b8b71fe5153408cbd708daaba9d3
CAT-106,JMP-PKG-PRO,Professional Publishing Package (up to 75K words),Publishing Packages,Worksheet; Matrix v1.1,Active,"$4,500","JMP-PKG-PRO: $4,500",no,A,MIGRATE-AS-IS,MIGRATE,ACTIVE,JMP-PKG-PRO,Professional Publishing Package (up to 75K words),,N/A,N/A,N/A,"JMP-PKG-PRO: $4,500",Conditional,N/A,PUBLIC,QUOTABLE,CONTRACTABLE,,2026-08-05,,Seed active catalog record as-is from completed ruling register.,No legacy conflict identified; seed/readback only.,Class A - Migrate as Is,710a9e6ca1f1322065e77d2865f30948c147b8b71fe5153408cbd708daaba9d3
CAT-107,JMP-PKG-SIGNATURE,Signature Publishing Partnership (up to 100K words),Publishing Packages,Worksheet; Matrix v1.1,Legacy conflict / superseded candidate,"$7,500","JMP-PKG-PREMIER: $7,500; JM Signature funding track",yes - legacy package conflates package tier with Traditional/JM Signature track,B,SUPERSEDED,AMEND,ACTIVE,JMP-PKG-SIGNATURE,Signature Publishing Package,"JMP Signature Package (package SKU; not Premier, not JM Signature imprint, not JM Signature funding track, not JM Signature Partner program)",N/A,N/A,N/A,"$7,500",Conditional,N/A,CONDITIONAL,QUOTABLE,CONTRACTABLE,,2026-08-05,"Preserve the $7,500 Signature Publishing Partnership as a valid package. Amend its public and internal naming to distinguish it from the JM Signature imprint/funding track and the Premier package. Do not merge it into JMP-PKG-PREMIER.","Preserve $7,500 package and return proposed public/internal names for Jackie review before author-facing surface changes.","Website catalog, contract schedules, proposal templates, quote worksheets, future Business Central item setup, and author-facing package materials if legacy values remain visible.",Pricing Conflict Register,710a9e6ca1f1322065e77d2865f30948c147b8b71fe5153408cbd708daaba9d3
CAT-108,JMP-PKG-STARTER,Starter Publishing Package (up to 50K words),Publishing Packages,Worksheet; Matrix v1.1,Active,"$1,999","JMP-PKG-STARTER: $1,999",no,A,MIGRATE-AS-IS,MIGRATE,ACTIVE,JMP-PKG-STARTER,Starter Publishing Package (up to 50K words),,N/A,N/A,N/A,"JMP-PKG-STARTER: $1,999",Conditional,N/A,PUBLIC,QUOTABLE,CONTRACTABLE,,2026-08-05,,Seed active catalog record as-is from completed ruling register.,No legacy conflict identified; seed/readback only.,Class A - Migrate as Is,710a9e6ca1f1322065e77d2865f30948c147b8b71fe5153408cbd708daaba9d3
CAT-109,JMP-POST-ROYALTY,Royalty Reporting Dashboard,Distribution and Post-Launch,Worksheet,Active,"Included (Support, Marketing, AI plans)",,no Matrix v1.1 equivalent identified,A,MIGRATE-AS-IS,MIGRATE,ACTIVE,JMP-POST-ROYALTY,Royalty Reporting Dashboard,,N/A,N/A,N/A,,No,N/A,PUBLIC,QUOTABLE,CONTRACTABLE,,2026-08-05,,Seed active catalog record as-is from completed ruling register.,No legacy conflict identified; seed/readback only.,Class A - Migrate as Is,710a9e6ca1f1322065e77d2865f30948c147b8b71fe5153408cbd708daaba9d3
CAT-110,JMP-PROG-LOYALTY,Returning Author Loyalty Program,Strategic Publishing Programs,Catalog v2.1 delta,Provisional / decision required,Custom / eligible authors,,"no Matrix v1.1 equivalent identified; confirm whether this is discount policy, membership, or author relationship program.",D,PROVISIONAL,RETIRE,RETIRED,JMP-PROG-LOYALTY,Returning Author Loyalty Program,,N/A,N/A,N/A,,No,N/A,NON-PUBLIC,NOT QUOTABLE,NOT CONTRACTABLE,,2026-08-05,"Returning-author benefits should be a governed eligibility/discount policy, not a product authors purchase.",Retire author-facing SKU; remove from public/quotable/contractable catalog surfaces while preserving history.,"Remove author-facing references from catalog, proposal templates, quote worksheets, contract schedules, and website projection; preserve historical reference only.",Class D - Provisional,710a9e6ca1f1322065e77d2865f30948c147b8b71fe5153408cbd708daaba9d3
CAT-111,JMP-PROG-PARTNER-BASE,Publishing Partner Program,Strategic Publishing Programs,Catalog v2.1 delta; Matrix v1.1,Provisional / decision required,"$9,000",JMP-PARTNER-PARTNER,"possible overlap with legacy Publishing Partner annual program; confirm naming, terms, and commercial posture.",D,PROVISIONAL,MERGE,SUPERSEDED,JMP-PARTNER-PARTNER,Publishing Partner Program,,N/A,N/A,N/A,"$9,000/year; confirm terms before public change",No,N/A,NON-PUBLIC,NOT QUOTABLE,NOT CONTRACTABLE,JMP-PARTNER-PARTNER,2026-08-05,"Merge into canonical JMP-PARTNER-PARTNER. Confirm $9,000 authority, term, renewal, included services, and exclusions.",Supersede legacy SKU; remap references to JMP-PARTNER-PARTNER; do not preserve legacy price as active authority.,"Remap legacy SKU references in catalog, proposal templates, quote worksheets, contract schedules, future Business Central item setup, and author-facing package materials.",Class D - Provisional,710a9e6ca1f1322065e77d2865f30948c147b8b71fe5153408cbd708daaba9d3
CAT-112,JMP-PROG-PARTNER-PREMIER,Premier Publishing Partner Program,Strategic Publishing Programs,Catalog v2.1 delta; Matrix v1.1,Provisional / decision required,"$15,000","JMP-PKG-PREMIER: $7,500; JMP-PARTNER-SIGNATURE; JM Signature Partner","JACKIE DECISION REQUIRED - naming collision among Premier Package, Partner Premier, and JM Signature Partner.",D,PROVISIONAL,MERGE,SUPERSEDED,JMP-PARTNER-SIGNATURE,JM Signature Partner,,N/A,N/A,N/A,"$15,000/year; public name JM Signature Partner",No,N/A,NON-PUBLIC,NOT QUOTABLE,NOT CONTRACTABLE,JMP-PARTNER-SIGNATURE,2026-08-05,Merge into JMP-PARTNER-SIGNATURE; use JM Signature Partner publicly. Retire “Premier Publishing Partner” to avoid collision with the Premier package.,Supersede legacy SKU; remap references to JMP-PARTNER-SIGNATURE; do not preserve legacy price as active authority.,"Remap legacy SKU references in catalog, proposal templates, quote worksheets, contract schedules, future Business Central item setup, and author-facing package materials.",Class D - Provisional,710a9e6ca1f1322065e77d2865f30948c147b8b71fe5153408cbd708daaba9d3
CAT-113,JMP-RIGHTS-CATALOG,Rights Catalog Creation,Rights and Legal,Worksheet,Active,$750,,no Matrix v1.1 equivalent identified,A,MIGRATE-AS-IS,MIGRATE,ACTIVE,JMP-RIGHTS-CATALOG,Rights Catalog Creation,,N/A,N/A,N/A,,No,N/A,PUBLIC,QUOTABLE,CONTRACTABLE,,2026-08-05,,Seed active catalog record as-is from completed ruling register.,No legacy conflict identified; seed/readback only.,Class A - Migrate as Is,710a9e6ca1f1322065e77d2865f30948c147b8b71fe5153408cbd708daaba9d3
CAT-114,JMP-RIGHTS-FILM,Film & Television Rights Representation,Rights and Legal,Worksheet,Provisional / decision required,20% commission,,no - provisional/non-public activation pending,D,PROVISIONAL,PROVISIONAL,PROVISIONAL,JMP-RIGHTS-FILM,Film & Television Rights Representation,,N/A,N/A,N/A,,No,N/A,NON-PUBLIC,NOT QUOTABLE,NOT CONTRACTABLE,,2026-08-05,"Preserve as non-public until representation authority, agency relationships, contract language, commission basis, expenses, term, and rights-reversion rules are established.","Hold as non-public, not sellable, not quotable pending separate authority.","Keep out of public website, quotes, contracts, and package calculators pending separate approval.",Class D - Provisional,710a9e6ca1f1322065e77d2865f30948c147b8b71fe5153408cbd708daaba9d3
CAT-115,JMP-RIGHTS-FOREIGN,Foreign Rights Representation,Rights and Legal,Worksheet,Provisional / decision required,20% commission,,no - provisional/non-public activation pending,D,PROVISIONAL,PROVISIONAL,PROVISIONAL,JMP-RIGHTS-FOREIGN,Foreign Rights Representation,,N/A,N/A,N/A,,No,N/A,NON-PUBLIC,NOT QUOTABLE,NOT CONTRACTABLE,,2026-08-05,"Preserve as non-public until territory strategy, subagents, translation rights, commission basis, expenses, accounting, and contract authority are governed.","Hold as non-public, not sellable, not quotable pending separate authority.","Keep out of public website, quotes, contracts, and package calculators pending separate approval.",Class D - Provisional,710a9e6ca1f1322065e77d2865f30948c147b8b71fe5153408cbd708daaba9d3
CAT-116,JMP-RIGHTS-MINISTRY,Ministry Bulk Licensing,Rights and Legal,Worksheet,Active,20% commission,,no Matrix v1.1 equivalent identified,A,MIGRATE-AS-IS,MIGRATE,ACTIVE,JMP-RIGHTS-MINISTRY,Ministry Bulk Licensing,,N/A,N/A,N/A,,No,N/A,PUBLIC,QUOTABLE,CONTRACTABLE,,2026-08-05,,Seed active catalog record as-is from completed ruling register.,No legacy conflict identified; seed/readback only.,Class A - Migrate as Is,710a9e6ca1f1322065e77d2865f30948c147b8b71fe5153408cbd708daaba9d3
CAT-117,JMP-SUB-AI,AI Author Plan,Subscriptions,Worksheet,Active,$249 / month,,no Matrix v1.1 equivalent identified,A,MIGRATE-AS-IS,MIGRATE,ACTIVE,JMP-SUB-AI,AI Author Plan,,N/A,N/A,N/A,,No,N/A,PUBLIC,QUOTABLE,CONTRACTABLE,,2026-08-05,,Seed active catalog record as-is from completed ruling register.,No legacy conflict identified; seed/readback only.,Class A - Migrate as Is,710a9e6ca1f1322065e77d2865f30948c147b8b71fe5153408cbd708daaba9d3
CAT-118,JMP-SUB-COMMUNITY,Author Community Membership,Subscriptions,Worksheet,Active,$79 / month,,no Matrix v1.1 equivalent identified,A,MIGRATE-AS-IS,MIGRATE,ACTIVE,JMP-SUB-COMMUNITY,Author Community Membership,,N/A,N/A,N/A,,No,N/A,PUBLIC,QUOTABLE,CONTRACTABLE,,2026-08-05,,Seed active catalog record as-is from completed ruling register.,No legacy conflict identified; seed/readback only.,Class A - Migrate as Is,710a9e6ca1f1322065e77d2865f30948c147b8b71fe5153408cbd708daaba9d3
CAT-119,JMP-SUB-MARKETING,Marketing Support Plan,Subscriptions,Worksheet,Active,$199 / month,,no Matrix v1.1 equivalent identified,A,MIGRATE-AS-IS,MIGRATE,ACTIVE,JMP-SUB-MARKETING,Marketing Support Plan,,N/A,N/A,N/A,,No,N/A,PUBLIC,QUOTABLE,CONTRACTABLE,,2026-08-05,,Seed active catalog record as-is from completed ruling register.,No legacy conflict identified; seed/readback only.,Class A - Migrate as Is,710a9e6ca1f1322065e77d2865f30948c147b8b71fe5153408cbd708daaba9d3
CAT-120,JMP-SUB-SUPPORT,Author Support Plan,Subscriptions,Worksheet,Active,$149 / month,,no Matrix v1.1 equivalent identified,A,MIGRATE-AS-IS,MIGRATE,ACTIVE,JMP-SUB-SUPPORT,Author Support Plan,,N/A,N/A,N/A,,No,N/A,PUBLIC,QUOTABLE,CONTRACTABLE,,2026-08-05,,Seed active catalog record as-is from completed ruling register.,No legacy conflict identified; seed/readback only.,Class A - Migrate as Is,710a9e6ca1f1322065e77d2865f30948c147b8b71fe5153408cbd708daaba9d3
