Title,Prior_Authority,Prior_State,Canonical_Artifact,Evidence,New_CC010_State,Waiting_On,Next_Action,Mutation,Reason,Execution_Log
'TIL DEATH DO US PART,title; editorial_diagnostic; editorial_stage,In Progress,Not located,f79006b7-f595-f111-8076-00224820105b; 48cd0d86-f595-f111-8076-6045bdd69435; 5dd2d5b5-f595-f111-8076-000d3a14673b,Stage 0 / Editorial Review,System,System-owned Stage 0 / Editorial Review continuation or exact blocker resolution,NO - dry-run evidence first,Dry-run reconciliation evidence first; no broad mutation in this pass.,Not written - dry-run ledger
GATE-W1 App Service Staging Long DOCX Join 1785342346355,title; editorial_stage,In Progress,Not located,11590673-6a8b-f111-ab10-7c1e525b15c2; 0f461175-6a8b-f111-ab0f-7ced8dce6fda,Stage 0 / Editorial Review,System,System-owned Stage 0 / Editorial Review continuation or exact blocker resolution,NO - blocker evidence only,Dry-run reconciliation evidence first; no broad mutation in this pass.,Not written - dry-run ledger
GATE-W1 App Service Staging DOCX Join 1785342161378,title; editorial_stage,In Progress,Not located,7a8102e6-698b-f111-ab10-7c1e525b15c2; ca94b1e7-698b-f111-ab10-00224820105b,Stage 0 / Editorial Review,System,System-owned Stage 0 / Editorial Review continuation or exact blocker resolution,NO - blocker evidence only,Dry-run reconciliation evidence first; no broad mutation in this pass.,Not written - dry-run ledger
GATE-W1 App Service Staging Multipart Join 1785341972350,title; editorial_diagnostic; editorial_stage,In Progress,Not located,a31f2e58-698b-f111-ab0f-7ced8dce6fda; 860e5650-698b-f111-ab10-000d3a9eacee; 8a5f8856-698b-f111-ab10-00224820105b,Stage 0 / Editorial Review,System,System-owned Stage 0 / Editorial Review continuation or exact blocker resolution,NO - blocker evidence only,Dry-run reconciliation evidence first; no broad mutation in this pass.,Not written - dry-run ledger
GATE-W1 App Service Staging Positive Join 1785341427544,title; editorial_diagnostic; editorial_stage,In Progress,Not located,8bcc42c8-688b-f111-ab10-7c1e525b15c2; d0b7f98f-688b-f111-ab10-7c1e525b15c2; 1fbba2c8-688b-f111-ab10-000d3a14673b,Stage 0 / Editorial Review,System,System-owned Stage 0 / Editorial Review continuation or exact blocker resolution,NO - blocker evidence only,Dry-run reconciliation evidence first; no broad mutation in this pass.,Not written - dry-run ledger
GATE-W1 Synthetic Recommendation Manuscript 20260729,title; editorial_stage; approval_gate; editorial_artifact,In Progress,GATE-W1 Certification Author Artifact - Synthetic,48e831f0-418b-f111-ab10-000d3a1a9efa; a086e9f2-418b-f111-ab10-6045bdd69738; a74b0513-4c8b-f111-ab10-6045bdd69738; 0d04b5fc-4b8b-f111-ab10-000d3a9eacee,Stage 0 / Editorial Review,Author,Await Stage 0 / Editorial Review author response/full approval,NO - dry-run evidence first,Dry-run reconciliation evidence first; no broad mutation in this pass.,Not written - dry-run ledger
GATE-W1 Synthetic Certification Manuscript 20260729,title; editorial_stage,In Progress,Not located,7f9b991c-418b-f111-ab10-7c1e525b15c2; 0b2f281c-418b-f111-ab10-000d3a1a9efa,Stage 0 / Editorial Review,System,System-owned Stage 0 / Editorial Review continuation or exact blocker resolution,NO - blocker evidence only,Dry-run reconciliation evidence first; no broad mutation in this pass.,Not written - dry-run ledger
JM1 Synthetic Intake Final Proof 20260727170349,title; editorial_diagnostic; editorial_stage,In Progress,Not located,17b02bdb-7a8a-f111-ab10-6045bdd69678; 1a178634-dd89-f111-ab10-6045bdd69435; 5a12b9e0-7a8a-f111-ab10-000d3a9eacee,Stage 0 / Editorial Review,System,System-owned Stage 0 / Editorial Review continuation or exact blocker resolution,NO - blocker evidence only,Dry-run reconciliation evidence first; no broad mutation in this pass.,Not written - dry-run ledger
JM1 Synthetic Intake Final Proof 20260727172010,title; editorial_diagnostic; editorial_stage,In Progress,Not located,14b02bdb-7a8a-f111-ab10-6045bdd69678; b029d789-df89-f111-ab10-6045bdd69435; 07e8ffda-7a8a-f111-ab10-6045bdd69738,Stage 0 / Editorial Review,System,System-owned Stage 0 / Editorial Review continuation or exact blocker resolution,NO - blocker evidence only,Dry-run reconciliation evidence first; no broad mutation in this pass.,Not written - dry-run ledger
JM1 Synthetic Intake Restored Proof 20260727173332,title; editorial_diagnostic; editorial_stage,In Progress,Not located,f2af2bdb-7a8a-f111-ab10-6045bdd69678; 45a30359-e189-f111-ab10-00224820105b; 0fb02bdb-7a8a-f111-ab10-6045bdd69678,Stage 0 / Editorial Review,System,System-owned Stage 0 / Editorial Review continuation or exact blocker resolution,NO - blocker evidence only,Dry-run reconciliation evidence first; no broad mutation in this pass.,Not written - dry-run ledger
JM1 Duplicate Proof 20260727173641,title; editorial_diagnostic; editorial_stage,In Progress,Not located,39515cd9-7a8a-f111-ab10-000d3a1a9efa; 917b60d1-e189-f111-ab10-7c1e525b15c2; e97890db-7a8a-f111-ab10-000d3a14673b,Stage 0 / Editorial Review,System,System-owned Stage 0 / Editorial Review continuation or exact blocker resolution,NO - blocker evidence only,Dry-run reconciliation evidence first; no broad mutation in this pass.,Not written - dry-run ledger
Untitled,title; editorial_stage; editorial_artifact; editorial_artifact; editorial_artifact,In Progress,Governed Source Manuscript - Editorial Review - Untitled,ca68c994-fd89-f111-ab10-00224820105b; cb68c994-fd89-f111-ab10-00224820105b; 9874e124-418c-f111-ab10-6045bdd69435; d93c6522-418c-f111-ab10-00224820105b; 8974e124-418c-f111-ab10-6045bdd69435,Stage 0 / Editorial Review,System,System-owned Stage 0 / Editorial Review continuation or exact blocker resolution,NO - dry-run evidence first,Dry-run reconciliation evidence first; no broad mutation in this pass.,Not written - dry-run ledger
You're Still Not Crazy,title; title,Unknown,Not located,1b2ac7e9-b389-f111-ab10-000d3a9eacee; a74b00d4-c27a-f111-ab0f-00224820105b,Unknown,None,Reconciliation required,NO - dry-run evidence first,Dry-run reconciliation evidence first; no broad mutation in this pass.,Not written - dry-run ledger
"Your brain has too much what, mommy??",title; title; title; title,Unknown,Not located,1c2ac7e9-b389-f111-ab10-000d3a9eacee; cdd3f1ec-b389-f111-ab10-00224820105b; b50f6fd3-c27a-f111-ab0f-6045bdd69435; 236386cf-c37a-f111-ab0f-000d3a14673b,Unknown,None,Reconciliation required,NO - dry-run evidence first,Dry-run reconciliation evidence first; no broad mutation in this pass.,Not written - dry-run ledger
Your Peace Is a Priority,title; title,Unknown,Not located,2bc2cae9-b389-f111-ab10-6045bdd69435; 66137ed6-c27a-f111-ab0f-6045bdd69738,Unknown,None,Reconciliation required,NO - dry-run evidence first,Dry-run reconciliation evidence first; no broad mutation in this pass.,Not written - dry-run ledger
Words of A Troubled Soul,title; title; title,Unknown,Not located,bc4188ed-b389-f111-ab10-000d3a14673b; c8d3f1ec-b389-f111-ab10-00224820105b; 604797d0-c27a-f111-ab0f-7c1e525b15c2,Unknown,None,Reconciliation required,NO - dry-run evidence first,Dry-run reconciliation evidence first; no broad mutation in this pass.,Not written - dry-run ledger
Why Faith Works For Some And Not For Others,title; title,Unknown,Not located,e1b26aed-b389-f111-ab10-6045bdd69738; 9e8ffdd6-c27a-f111-ab0f-7c1e525b15c2,Unknown,None,Reconciliation required,NO - dry-run evidence first,Dry-run reconciliation evidence first; no broad mutation in this pass.,Not written - dry-run ledger
When Zuri Came to Earth,title; title,Unknown,Not located,900464ec-b389-f111-ab10-7c1e525b15c2; 65137ed6-c27a-f111-ab0f-6045bdd69738,Unknown,None,Reconciliation required,NO - dry-run evidence first,Dry-run reconciliation evidence first; no broad mutation in this pass.,Not written - dry-run ledger
Warriors and Angels,title; title,Unknown,Not located,d9f603d3-c27a-f111-ab0f-000d3a14673b; 676290ea-b389-f111-ab10-6045bdd69678,Unknown,None,Reconciliation required,NO - dry-run evidence first,Dry-run reconciliation evidence first; no broad mutation in this pass.,Not written - dry-run ledger
What Goes up Must Come down Let's Face It,title; title; title,Unknown,Not located,192ac7e9-b389-f111-ab10-000d3a9eacee; 810464ec-b389-f111-ab10-7c1e525b15c2; 3ee961cd-c37a-f111-ab0f-7c1e525b15c2,Unknown,None,Reconciliation required,NO - dry-run evidence first,Dry-run reconciliation evidence first; no broad mutation in this pass.,Not written - dry-run ledger
When a Thug Meets Jesus,title; title,Unknown,Not located,9a4b00d4-c27a-f111-ab0f-00224820105b; 6c6290ea-b389-f111-ab10-6045bdd69678,Unknown,None,Reconciliation required,NO - dry-run evidence first,Dry-run reconciliation evidence first; no broad mutation in this pass.,Not written - dry-run ledger
Warrior's Breed,title; title,Unknown,Not located,935f72d0-c27a-f111-ab0f-6045bdd69738; fec27b7a-cc7a-f111-ab0f-6045bdd69435,Unknown,None,Reconciliation required,NO - dry-run evidence first,Dry-run reconciliation evidence first; no broad mutation in this pass.,Not written - dry-run ledger
Uncomfortable Conversations with God,title; title,Unknown,Not located,c9f603d3-c27a-f111-ab0f-000d3a14673b; 22c2cae9-b389-f111-ab10-6045bdd69435,Unknown,None,Reconciliation required,NO - dry-run evidence first,Dry-run reconciliation evidence first; no broad mutation in this pass.,Not written - dry-run ledger
War Mother,title; title,Unknown,Not located,128ce1e6-b389-f111-ab10-000d3a14673b; 9d8ffdd6-c27a-f111-ab0f-7c1e525b15c2,Unknown,None,Reconciliation required,NO - dry-run evidence first,Dry-run reconciliation evidence first; no broad mutation in this pass.,Not written - dry-run ledger
Understanding the Misunderstood,title; title,Unknown,Not located,172ac7e9-b389-f111-ab10-000d3a9eacee; 994b00d4-c27a-f111-ab0f-00224820105b,Unknown,None,Reconciliation required,NO - dry-run evidence first,Dry-run reconciliation evidence first; no broad mutation in this pass.,Not written - dry-run ledger
"The Sun, the Shadow, and the Silence",title; title,Unknown,Not located,426290ea-b389-f111-ab10-6045bdd69678; 62137ed6-c27a-f111-ab0f-6045bdd69738,Unknown,None,Reconciliation required,NO - dry-run evidence first,Dry-run reconciliation evidence first; no broad mutation in this pass.,Not written - dry-run ledger
The Release of the Spirit,title; title,Unknown,Not located,d7f603d3-c27a-f111-ab0f-000d3a14673b; 118ce1e6-b389-f111-ab10-000d3a14673b,Unknown,None,Reconciliation required,NO - dry-run evidence first,Dry-run reconciliation evidence first; no broad mutation in this pass.,Not written - dry-run ledger
The Shift,title; title,Unknown,Not located,112ac7e9-b389-f111-ab10-000d3a9eacee; 94c2a2e6-b389-f111-ab10-6045bdd69738,Unknown,None,Reconciliation required,NO - dry-run evidence first,Dry-run reconciliation evidence first; no broad mutation in this pass.,Not written - dry-run ledger
The Princess and the Black-eyed Pea,title; title; title,Unknown,Not located,9f8fefe6-b389-f111-ab10-00224820105b; 16c2cae9-b389-f111-ab10-6045bdd69435; 19e01ad3-c27a-f111-ab0f-6045bdd69678,Unknown,None,Reconciliation required,NO - dry-run evidence first,Dry-run reconciliation evidence first; no broad mutation in this pass.,Not written - dry-run ledger
The Messenger 2,title; title,Unknown,Not located,0e8ce1e6-b389-f111-ab10-000d3a14673b; 69137ed6-c27a-f111-ab0f-6045bdd69738,Unknown,None,Reconciliation required,NO - dry-run evidence first,Dry-run reconciliation evidence first; no broad mutation in this pass.,Not written - dry-run ledger
The Never Before Told Story of the Gelatin Monster,title; title; title,Unknown,Not located,0f8ce1e6-b389-f111-ab10-000d3a14673b; 276290ea-b389-f111-ab10-6045bdd69678; 8f5f72d0-c27a-f111-ab0f-6045bdd69738,Unknown,None,Reconciliation required,NO - dry-run evidence first,Dry-run reconciliation evidence first; no broad mutation in this pass.,Not written - dry-run ledger
The Paper Champ,title; title,Unknown,Not located,07106fd3-c27a-f111-ab0f-6045bdd69435; 06c2cae9-b389-f111-ab10-6045bdd69435,Unknown,None,Reconciliation required,NO - dry-run evidence first,Dry-run reconciliation evidence first; no broad mutation in this pass.,Not written - dry-run ledger
The Messenger,title; title,Unknown,Not located,bfe16ae6-b389-f111-ab10-7c1e525b15c2; 930f6fd3-c27a-f111-ab0f-6045bdd69435,Unknown,None,Reconciliation required,NO - dry-run evidence first,Dry-run reconciliation evidence first; no broad mutation in this pass.,Not written - dry-run ledger
The Master's Piece,title; title; title,Unknown,Not located,c3f603d3-c27a-f111-ab0f-000d3a14673b; 733cd77a-cc7a-f111-ab0f-6045bdd69678; 92c2a2e6-b389-f111-ab10-6045bdd69738,Unknown,None,Reconciliation required,NO - dry-run evidence first,Dry-run reconciliation evidence first; no broad mutation in this pass.,Not written - dry-run ledger
The Journey,title; title,Unknown,Not located,0b2ac7e9-b389-f111-ab10-000d3a9eacee; 944b00d4-c27a-f111-ab0f-00224820105b,Unknown,None,Reconciliation required,NO - dry-run evidence first,Dry-run reconciliation evidence first; no broad mutation in this pass.,Not written - dry-run ledger
The Little Girl with the Plow!,title; title; title; title,Unknown,Not located,978fefe6-b389-f111-ab10-00224820105b; 95e16ae6-b389-f111-ab10-7c1e525b15c2; 18e01ad3-c27a-f111-ab0f-6045bdd69678; a12556cd-c37a-f111-ab0f-00224820105b,Unknown,None,Reconciliation required,NO - dry-run evidence first,Dry-run reconciliation evidence first; no broad mutation in this pass.,Not written - dry-run ledger
The I Am in Me Part 2,title; title; title,Unknown,Not located,e9c1cae9-b389-f111-ab10-6045bdd69435; 8fc2a2e6-b389-f111-ab10-6045bdd69738; 3d37c9d0-c37a-f111-ab0f-6045bdd69678,Unknown,None,Reconciliation required,NO - dry-run evidence first,Dry-run reconciliation evidence first; no broad mutation in this pass.,Not written - dry-run ledger
The Hood,title; title,Unknown,Not located,c2f603d3-c27a-f111-ab0f-000d3a14673b; 176290ea-b389-f111-ab10-6045bdd69678,Unknown,None,Reconciliation required,NO - dry-run evidence first,Dry-run reconciliation evidence first; no broad mutation in this pass.,Not written - dry-run ledger
The Healed Me,title; title; title,Unknown,Not located,098ce1e6-b389-f111-ab10-000d3a14673b; 072ac7e9-b389-f111-ab10-000d3a9eacee; 885f72d0-c27a-f111-ab0f-6045bdd69738,Unknown,None,Reconciliation required,NO - dry-run evidence first,Dry-run reconciliation evidence first; no broad mutation in this pass.,Not written - dry-run ledger
The I Am in Me,title; title; title,Unknown,Not located,968fefe6-b389-f111-ab10-00224820105b; e8c1cae9-b389-f111-ab10-6045bdd69435; 0b6386cf-c37a-f111-ab0f-000d3a14673b,Unknown,None,Reconciliation required,NO - dry-run evidence first,Dry-run reconciliation evidence first; no broad mutation in this pass.,Not written - dry-run ledger
The Girl with the Ebony Locs and the Three Bears,title; title,Unknown,Not located,fe8be1e6-b389-f111-ab10-000d3a14673b; 17e01ad3-c27a-f111-ab0f-6045bdd69678,Unknown,None,Reconciliation required,NO - dry-run evidence first,Dry-run reconciliation evidence first; no broad mutation in this pass.,Not written - dry-run ledger
The Great Hair Restart,title; title; title; title; title,Unknown,Not located,038ce1e6-b389-f111-ab10-000d3a14673b; dfc1cae9-b389-f111-ab10-6045bdd69435; e0c1cae9-b389-f111-ab10-6045bdd69435; 8dc2a2e6-b389-f111-ab10-6045bdd69738; 5d4797d0-c27a-f111-ab0f-7c1e525b15c2,Unknown,None,Reconciliation required,NO - dry-run evidence first,Dry-run reconciliation evidence first; no broad mutation in this pass.,Not written - dry-run ledger
The Flame,title; title,Unknown,Not located,d6f603d3-c27a-f111-ab0f-000d3a14673b; 8cc2a2e6-b389-f111-ab10-6045bdd69738,Unknown,None,Reconciliation required,NO - dry-run evidence first,Dry-run reconciliation evidence first; no broad mutation in this pass.,Not written - dry-run ledger
The Fight for the Promiseland,title; title,Unknown,Not located,fd8be1e6-b389-f111-ab10-000d3a14673b; c84b00d4-c27a-f111-ab0f-00224820105b,Unknown,None,Reconciliation required,NO - dry-run evidence first,Dry-run reconciliation evidence first; no broad mutation in this pass.,Not written - dry-run ledger
The Doctrine of Last Things,title; title; title,Unknown,Not located,8d8fefe6-b389-f111-ab10-00224820105b; 1fef73e4-b389-f111-ab10-6045bdd69678; f96286cf-c37a-f111-ab0f-000d3a14673b,Unknown,None,Reconciliation required,NO - dry-run evidence first,Dry-run reconciliation evidence first; no broad mutation in this pass.,Not written - dry-run ledger
"The Essence of Life, Love Letters to Christ",title; title; title,Unknown,Not located,8edea4e3-b389-f111-ab10-6045bdd69435; 23ef73e4-b389-f111-ab10-6045bdd69678; b67835ca-c37a-f111-ab0f-6045bdd69678,Unknown,None,Reconciliation required,NO - dry-run evidence first,Dry-run reconciliation evidence first; no broad mutation in this pass.,Not written - dry-run ledger
The Conquest of Azenga,title; title; title,Unknown,Not located,fc8be1e6-b389-f111-ab10-000d3a14673b; c44b00d4-c27a-f111-ab0f-00224820105b; 8bdea4e3-b389-f111-ab10-6045bdd69435,Unknown,None,Reconciliation required,NO - dry-run evidence first,Dry-run reconciliation evidence first; no broad mutation in this pass.,Not written - dry-run ledger
The Celestial Advantage,title; title; title,Unknown,Not located,cda6c7e3-b389-f111-ab10-000d3a9eacee; cea6c7e3-b389-f111-ab10-000d3a9eacee; 16e01ad3-c27a-f111-ab0f-6045bdd69678,Unknown,None,Reconciliation required,NO - dry-run evidence first,Dry-run reconciliation evidence first; no broad mutation in this pass.,Not written - dry-run ledger
Taylor Made,title; title; title; title,Unknown,Not located,89c2a2e6-b389-f111-ab10-6045bdd69738; 8b8fefe6-b389-f111-ab10-00224820105b; 8c8fefe6-b389-f111-ab10-00224820105b; 60137ed6-c27a-f111-ab0f-6045bdd69738,Unknown,None,Reconciliation required,NO - dry-run evidence first,Dry-run reconciliation evidence first; no broad mutation in this pass.,Not written - dry-run ledger
Speech Therapy Works!,title; title,Unknown,Not located,bff603d3-c27a-f111-ab0f-000d3a14673b; 8a8fefe6-b389-f111-ab10-00224820105b,Unknown,None,Reconciliation required,NO - dry-run evidence first,Dry-run reconciliation evidence first; no broad mutation in this pass.,Not written - dry-run ledger
SHE,title; title; title,Unknown,Not located,caa6c7e3-b389-f111-ab10-000d3a9eacee; f88be1e6-b389-f111-ab10-000d3a14673b; a01a04cd-c27a-f111-ab0f-000d3a14673b,Unknown,None,Reconciliation required,NO - dry-run evidence first,Dry-run reconciliation evidence first; no broad mutation in this pass.,Not written - dry-run ledger
Support Beyond the Cycle,title; title,Unknown,Not located,89dea4e3-b389-f111-ab10-6045bdd69435; 15e01ad3-c27a-f111-ab0f-6045bdd69678,Unknown,None,Reconciliation required,NO - dry-run evidence first,Dry-run reconciliation evidence first; no broad mutation in this pass.,Not written - dry-run ledger
Pieces of Me All Over the Place,title; title,Unknown,Not located,f68be1e6-b389-f111-ab10-000d3a14673b; f0084bcd-c27a-f111-ab0f-00224820105b,Unknown,None,Reconciliation required,NO - dry-run evidence first,Dry-run reconciliation evidence first; no broad mutation in this pass.,Not written - dry-run ledger
Pretty Wings,title; title; title,Unknown,Not located,f78be1e6-b389-f111-ab10-000d3a14673b; 52e06ae6-b389-f111-ab10-7c1e525b15c2; f1084bcd-c27a-f111-ab0f-00224820105b,Unknown,None,Reconciliation required,NO - dry-run evidence first,Dry-run reconciliation evidence first; no broad mutation in this pass.,Not written - dry-run ledger
Rhyming It up with Church Stuff,title; title; title,Unknown,Not located,c7a6c7e3-b389-f111-ab10-000d3a9eacee; 87c2a2e6-b389-f111-ab10-6045bdd69738; d5f603d3-c27a-f111-ab0f-000d3a14673b,Unknown,None,Reconciliation required,NO - dry-run evidence first,Dry-run reconciliation evidence first; no broad mutation in this pass.,Not written - dry-run ledger
Seasons of Life,title; title,Unknown,Not located,b73274cd-c27a-f111-ab0f-6045bdd69435; 88c2a2e6-b389-f111-ab10-6045bdd69738,Unknown,None,Reconciliation required,NO - dry-run evidence first,Dry-run reconciliation evidence first; no broad mutation in this pass.,Not written - dry-run ledger
Ordinary People Searching for Greatness,title; title; title,Unknown,Not located,878fefe6-b389-f111-ab10-00224820105b; 83dea4e3-b389-f111-ab10-6045bdd69435; 5c4797d0-c27a-f111-ab0f-7c1e525b15c2,Unknown,None,Reconciliation required,NO - dry-run evidence first,Dry-run reconciliation evidence first; no broad mutation in this pass.,Not written - dry-run ledger
Peaches Can Do It!,title; title; title,Unknown,Not located,4be01ad3-c27a-f111-ab0f-6045bdd69678; 10ef73e4-b389-f111-ab10-6045bdd69678; 992156cd-c37a-f111-ab0f-00224820105b,Unknown,None,Reconciliation required,NO - dry-run evidence first,Dry-run reconciliation evidence first; no broad mutation in this pass.,Not written - dry-run ledger
One Soul,title; title,Unknown,Not located,0cef73e4-b389-f111-ab10-6045bdd69678; 5b4797d0-c27a-f111-ab0f-7c1e525b15c2,Unknown,None,Reconciliation required,NO - dry-run evidence first,Dry-run reconciliation evidence first; no broad mutation in this pass.,Not written - dry-run ledger
Number 23 and Me,title; title,Unknown,Not located,f58be1e6-b389-f111-ab10-000d3a14673b; 865f72d0-c27a-f111-ab0f-6045bdd69738,Unknown,None,Reconciliation required,NO - dry-run evidence first,Dry-run reconciliation evidence first; no broad mutation in this pass.,Not written - dry-run ledger
Never Give Up On Love,title; title,Unknown,Not located,bfa6c7e3-b389-f111-ab10-000d3a9eacee; 9e3274cd-c27a-f111-ab0f-6045bdd69435,Unknown,None,Reconciliation required,NO - dry-run evidence first,Dry-run reconciliation evidence first; no broad mutation in this pass.,Not written - dry-run ledger
My ABC's,title; title,Unknown,Not located,d5084bcd-c27a-f111-ab0f-00224820105b; d6df6ae6-b389-f111-ab10-7c1e525b15c2,Unknown,None,Reconciliation required,NO - dry-run evidence first,Dry-run reconciliation evidence first; no broad mutation in this pass.,Not written - dry-run ledger
Naughty Tales,title; title,Unknown,Not located,a05f72d0-c27a-f111-ab0f-6045bdd69738; 83c2a2e6-b389-f111-ab10-6045bdd69738,Unknown,None,Reconciliation required,NO - dry-run evidence first,Dry-run reconciliation evidence first; no broad mutation in this pass.,Not written - dry-run ledger
Music Ministry Unplugged,title; title,Unknown,Not located,67137ed6-c27a-f111-ab0f-6045bdd69738; 82c2a2e6-b389-f111-ab10-6045bdd69738,Unknown,None,Reconciliation required,NO - dry-run evidence first,Dry-run reconciliation evidence first; no broad mutation in this pass.,Not written - dry-run ledger
More Than a Village,title; title,Unknown,Not located,d4f603d3-c27a-f111-ab0f-000d3a14673b; fdee73e4-b389-f111-ab10-6045bdd69678,Unknown,None,Reconciliation required,NO - dry-run evidence first,Dry-run reconciliation evidence first; no broad mutation in this pass.,Not written - dry-run ledger
Mirror of Refining Insight,title; title; title,Unknown,Not located,f48be1e6-b389-f111-ab10-000d3a14673b; 594797d0-c27a-f111-ab0f-7c1e525b15c2; a9df6ae6-b389-f111-ab10-7c1e525b15c2,Unknown,None,Reconciliation required,NO - dry-run evidence first,Dry-run reconciliation evidence first; no broad mutation in this pass.,Not written - dry-run ledger
Memoir of a Black Christian Nationalist,title; title; title; title,Unknown,Not located,bca6c7e3-b389-f111-ab10-000d3a9eacee; 63a0a0e0-b389-f111-ab10-6045bdd69738; 7fc2a2e6-b389-f111-ab10-6045bdd69738; 903274cd-c27a-f111-ab0f-6045bdd69435,Unknown,None,Reconciliation required,NO - dry-run evidence first,Dry-run reconciliation evidence first; no broad mutation in this pass.,Not written - dry-run ledger
Love of My Life,title; title; title,Unknown,Not located,9a1a04cd-c27a-f111-ab0f-000d3a14673b; 474097e0-b389-f111-ab10-00224820105b; 484097e0-b389-f111-ab10-00224820105b,Unknown,None,Reconciliation required,NO - dry-run evidence first,Dry-run reconciliation evidence first; no broad mutation in this pass.,Not written - dry-run ledger
Loving the Addict,title; title,Unknown,Not located,ec0f6fd3-c27a-f111-ab0f-6045bdd69435; 955c72e0-b389-f111-ab10-7c1e525b15c2,Unknown,None,Reconciliation required,NO - dry-run evidence first,Dry-run reconciliation evidence first; no broad mutation in this pass.,Not written - dry-run ledger
Melodies From Heaven,title; title; title,Unknown,Not located,7edea4e3-b389-f111-ab10-6045bdd69435; f9ee73e4-b389-f111-ab10-6045bdd69678; 584797d0-c27a-f111-ab0f-7c1e525b15c2,Unknown,None,Reconciliation required,NO - dry-run evidence first,Dry-run reconciliation evidence first; no broad mutation in this pass.,Not written - dry-run ledger
Love Lucy,title; title,Unknown,Not located,991a04cd-c27a-f111-ab0f-000d3a14673b; 845c72e0-b389-f111-ab10-7c1e525b15c2,Unknown,None,Reconciliation required,NO - dry-run evidence first,Dry-run reconciliation evidence first; no broad mutation in this pass.,Not written - dry-run ledger
Life after Detour,title; title,Unknown,Not located,b3084bcd-c27a-f111-ab0f-00224820105b; 464097e0-b389-f111-ab10-00224820105b,Unknown,None,Reconciliation required,NO - dry-run evidence first,Dry-run reconciliation evidence first; no broad mutation in this pass.,Not written - dry-run ledger
Let Me Tell You About It,title; title,Unknown,Not located,6909d7cb-c27a-f111-ab0f-6045bdd69678; 665c72e0-b389-f111-ab10-7c1e525b15c2,Unknown,None,Reconciliation required,NO - dry-run evidence first,Dry-run reconciliation evidence first; no broad mutation in this pass.,Not written - dry-run ledger
Love Is an Action Word,title; title,Unknown,Not located,835f72d0-c27a-f111-ab0f-6045bdd69738; 62a0a0e0-b389-f111-ab10-6045bdd69738,Unknown,None,Reconciliation required,NO - dry-run evidence first,Dry-run reconciliation evidence first; no broad mutation in this pass.,Not written - dry-run ledger
Just What I Needed,title; title; title,Unknown,Not located,c27e1ee0-b389-f111-ab10-000d3a14673b; 454097e0-b389-f111-ab10-00224820105b; 574797d0-c27a-f111-ab0f-7c1e525b15c2,Unknown,None,Reconciliation required,NO - dry-run evidence first,Dry-run reconciliation evidence first; no broad mutation in this pass.,Not written - dry-run ledger
Jewels by Lady J,title; title; title,Unknown,Not located,b6a6c7e3-b389-f111-ab10-000d3a9eacee; 79dea4e3-b389-f111-ab10-6045bdd69435; a5084bcd-c27a-f111-ab0f-00224820105b,Unknown,None,Reconciliation required,NO - dry-run evidence first,Dry-run reconciliation evidence first; no broad mutation in this pass.,Not written - dry-run ledger
Kingdom Equipment 101,title; title,Unknown,Not located,aa084bcd-c27a-f111-ab0f-00224820105b; 7ddea4e3-b389-f111-ab10-6045bdd69435,Unknown,None,Reconciliation required,NO - dry-run evidence first,Dry-run reconciliation evidence first; no broad mutation in this pass.,Not written - dry-run ledger
Lady Daphanny's Altar,title; title,Unknown,Not located,ab084bcd-c27a-f111-ab0f-00224820105b; ecee73e4-b389-f111-ab10-6045bdd69678,Unknown,None,Reconciliation required,NO - dry-run evidence first,Dry-run reconciliation evidence first; no broad mutation in this pass.,Not written - dry-run ledger
Inspirations from God,title; title,Unknown,Not located,971a04cd-c27a-f111-ab0f-000d3a14673b; 61a0a0e0-b389-f111-ab10-6045bdd69738,Unknown,None,Reconciliation required,NO - dry-run evidence first,Dry-run reconciliation evidence first; no broad mutation in this pass.,Not written - dry-run ledger
Jalen Becomes a Big Brother,title; title; title,Unknown,Not located,c17e1ee0-b389-f111-ab10-000d3a14673b; 26e01ad3-c27a-f111-ab0f-6045bdd69678; c4ee73e4-b389-f111-ab10-6045bdd69678,Unknown,None,Reconciliation required,NO - dry-run evidence first,Dry-run reconciliation evidence first; no broad mutation in this pass.,Not written - dry-run ledger
Inner Peace Through Life's Storms,title; title,Unknown,Not located,df0f6fd3-c27a-f111-ab0f-6045bdd69435; c0ee73e4-b389-f111-ab10-6045bdd69678,Unknown,None,Reconciliation required,NO - dry-run evidence first,Dry-run reconciliation evidence first; no broad mutation in this pass.,Not written - dry-run ledger
"Help God, I Am Sad",title; title,Unknown,Not located,bc7e1ee0-b389-f111-ab10-000d3a14673b; 6509d7cb-c27a-f111-ab0f-6045bdd69678,Unknown,None,Reconciliation required,NO - dry-run evidence first,Dry-run reconciliation evidence first; no broad mutation in this pass.,Not written - dry-run ledger
Hodge Podge of Life,title; title,Unknown,Not located,bd7e1ee0-b389-f111-ab10-000d3a14673b; 554797d0-c27a-f111-ab0f-7c1e525b15c2,Unknown,None,Reconciliation required,NO - dry-run evidence first,Dry-run reconciliation evidence first; no broad mutation in this pass.,Not written - dry-run ledger
I Am My Worst Enemy!,title; title,Unknown,Not located,bf7e1ee0-b389-f111-ab10-000d3a14673b; 563274cd-c27a-f111-ab0f-6045bdd69435,Unknown,None,Reconciliation required,NO - dry-run evidence first,Dry-run reconciliation evidence first; no broad mutation in this pass.,Not written - dry-run ledger
"Help God, I Am Lost",title; title,Unknown,Not located,b5a6c7e3-b389-f111-ab10-000d3a9eacee; 9e8797ca-c27a-f111-ab0f-7c1e525b15c2,Unknown,None,Reconciliation required,NO - dry-run evidence first,Dry-run reconciliation evidence first; no broad mutation in this pass.,Not written - dry-run ledger
"Hop, Hop, Hop",title; title; title,Unknown,Not located,73dea4e3-b389-f111-ab10-6045bdd69435; 1c5c72e0-b389-f111-ab10-7c1e525b15c2; 564797d0-c27a-f111-ab0f-7c1e525b15c2,Unknown,None,Reconciliation required,NO - dry-run evidence first,Dry-run reconciliation evidence first; no broad mutation in this pass.,Not written - dry-run ledger
"Help God, I Am Hurt",title; title,Unknown,Not located,b97e1ee0-b389-f111-ab10-000d3a14673b; 343274cd-c27a-f111-ab0f-6045bdd69435,Unknown,None,Reconciliation required,NO - dry-run evidence first,Dry-run reconciliation evidence first; no broad mutation in this pass.,Not written - dry-run ledger
"Help God, I Am Lonely",title; title,Unknown,Not located,b3a6c7e3-b389-f111-ab10-000d3a9eacee; 6409d7cb-c27a-f111-ab0f-6045bdd69678,Unknown,None,Reconciliation required,NO - dry-run evidence first,Dry-run reconciliation evidence first; no broad mutation in this pass.,Not written - dry-run ledger
"Help God, I Am Confused",title; title,Unknown,Not located,99064bcd-c27a-f111-ab0f-00224820105b; 5ca0a0e0-b389-f111-ab10-6045bdd69738,Unknown,None,Reconciliation required,NO - dry-run evidence first,Dry-run reconciliation evidence first; no broad mutation in this pass.,Not written - dry-run ledger
"Help God, I Am Angry",title; title,Unknown,Not located,f05b72e0-b389-f111-ab10-7c1e525b15c2; 6309d7cb-c27a-f111-ab0f-6045bdd69678,Unknown,None,Reconciliation required,NO - dry-run evidence first,Dry-run reconciliation evidence first; no broad mutation in this pass.,Not written - dry-run ledger
"Help God, I Am Afraid",title; title,Unknown,Not located,2a4097e0-b389-f111-ab10-00224820105b; 293274cd-c27a-f111-ab0f-6045bdd69435,Unknown,None,Reconciliation required,NO - dry-run evidence first,Dry-run reconciliation evidence first; no broad mutation in this pass.,Not written - dry-run ledger
"Help God, I Am - the Collection",title; title; title,Unknown,Not located,7b5f72d0-c27a-f111-ab0f-6045bdd69738; e55b72e0-b389-f111-ab10-7c1e525b15c2; d6b91ac7-c37a-f111-ab0f-00224820105b,Unknown,None,Reconciliation required,NO - dry-run evidence first,Dry-run reconciliation evidence first; no broad mutation in this pass.,Not written - dry-run ledger
Have You Considered My Servant?,title; title,Unknown,Not located,624797d0-c27a-f111-ab0f-7c1e525b15c2; db5b72e0-b389-f111-ab10-7c1e525b15c2,Unknown,None,Reconciliation required,NO - dry-run evidence first,Dry-run reconciliation evidence first; no broad mutation in this pass.,Not written - dry-run ledger
God's Business Plan,title; title; title; title,Unknown,Not located,82064bcd-c27a-f111-ab0f-00224820105b; 57a0a0e0-b389-f111-ab10-6045bdd69738; 58a0a0e0-b389-f111-ab10-6045bdd69738; 7f67a4c3-c37a-f111-ab0f-6045bdd69678,Unknown,None,Reconciliation required,NO - dry-run evidence first,Dry-run reconciliation evidence first; no broad mutation in this pass.,Not written - dry-run ledger
Grandmothers Educating Minds,title; title; title,Unknown,Not located,294097e0-b389-f111-ab10-00224820105b; 59a0a0e0-b389-f111-ab10-6045bdd69738; 9d42c1c2-c37a-f111-ab0f-000d3a14673b,Unknown,None,Reconciliation required,NO - dry-run evidence first,Dry-run reconciliation evidence first; no broad mutation in this pass.,Not written - dry-run ledger
God's Nudge,title; title,Unknown,Not located,1c3274cd-c27a-f111-ab0f-6045bdd69435; 7e000573-cc7a-f111-ab0f-7c1e525b15c2,Unknown,None,Reconciliation required,NO - dry-run evidence first,Dry-run reconciliation evidence first; no broad mutation in this pass.,Not written - dry-run ledger
God's Word for This World,title; title; title; title,Unknown,Not located,6b54a0dd-b389-f111-ab10-6045bdd69435; cd5b72e0-b389-f111-ab10-7c1e525b15c2; c2ed8074-cc7a-f111-ab0f-6045bdd69435; 6209d7cb-c27a-f111-ab0f-6045bdd69678,Unknown,None,Reconciliation required,NO - dry-run evidence first,Dry-run reconciliation evidence first; no broad mutation in this pass.,Not written - dry-run ledger
"Girl, Did You Know... ?",title; title; title,Unknown,Not located,b34b00d4-c27a-f111-ab0f-00224820105b; 1e4097e0-b389-f111-ab10-00224820105b; d0b91ac7-c37a-f111-ab0f-00224820105b,Unknown,None,Reconciliation required,NO - dry-run evidence first,Dry-run reconciliation evidence first; no broad mutation in this pass.,Not written - dry-run ledger
From Stylist to CEO,title; title; title,Unknown,Not located,1d4097e0-b389-f111-ab10-00224820105b; b67e1ee0-b389-f111-ab10-000d3a14673b; 24e01ad3-c27a-f111-ab0f-6045bdd69678,Unknown,None,Reconciliation required,NO - dry-run evidence first,Dry-run reconciliation evidence first; no broad mutation in this pass.,Not written - dry-run ledger
Getting Back 2 Happy: The Chronicles of Tabby (Unabridged),title; title,Unknown,Not located,5a54a0dd-b389-f111-ab10-6045bdd69435; 9542c1c2-c37a-f111-ab0f-000d3a14673b,Unknown,None,Reconciliation required,NO - dry-run evidence first,Dry-run reconciliation evidence first; no broad mutation in this pass.,Not written - dry-run ledger
"Girl, You're Not Crazy. You're Dealing With a Narcissist",title; title,Unknown,Not located,6454a0dd-b389-f111-ab10-6045bdd69435; 25e01ad3-c27a-f111-ab0f-6045bdd69678,Unknown,None,Reconciliation required,NO - dry-run evidence first,Dry-run reconciliation evidence first; no broad mutation in this pass.,Not written - dry-run ledger
Getting Back 2 Happy,title; title,Unknown,Not located,6109d7cb-c27a-f111-ab0f-6045bdd69678; a65b72e0-b389-f111-ab10-7c1e525b15c2,Unknown,None,Reconciliation required,NO - dry-run evidence first,Dry-run reconciliation evidence first; no broad mutation in this pass.,Not written - dry-run ledger
"Focus, Trust, & Follow",title; title; title,Unknown,Not located,921a04cd-c27a-f111-ab0f-000d3a14673b; 5154a0dd-b389-f111-ab10-6045bdd69435; 161405c7-c37a-f111-ab0f-7c1e525b15c2,Unknown,None,Reconciliation required,NO - dry-run evidence first,Dry-run reconciliation evidence first; no broad mutation in this pass.,Not written - dry-run ledger
For What It's Worth,title; title,Unknown,Not located,b57e1ee0-b389-f111-ab10-000d3a14673b; 958904ca-c27a-f111-ab0f-6045bdd69738,Unknown,None,Reconciliation required,NO - dry-run evidence first,Dry-run reconciliation evidence first; no broad mutation in this pass.,Not written - dry-run ledger
Establishing Glory: The Relationship Handbook,title; title,Unknown,Not located,194097e0-b389-f111-ab10-00224820105b; dbb71ac7-c37a-f111-ab0f-00224820105b,Unknown,None,Reconciliation required,NO - dry-run evidence first,Dry-run reconciliation evidence first; no broad mutation in this pass.,Not written - dry-run ledger
Establishing Glory: The Praise and Worship Handbook,title; title; title,Unknown,Not located,56a0a0e0-b389-f111-ab10-6045bdd69738; b47e1ee0-b389-f111-ab10-000d3a14673b; b1b61ac7-c37a-f111-ab0f-00224820105b,Unknown,None,Reconciliation required,NO - dry-run evidence first,Dry-run reconciliation evidence first; no broad mutation in this pass.,Not written - dry-run ledger
Establishing Glory: The Praise and Worship Handbook (2nd Edition),title,Unknown,Not located,9d8797ca-c27a-f111-ab0f-7c1e525b15c2,Unknown,None,Reconciliation required,NO - dry-run evidence first,Dry-run reconciliation evidence first; no broad mutation in this pass.,Not written - dry-run ledger
Establishing Glory,title; title; title; title; title,Unknown,Not located,16dac7dd-b389-f111-ab10-000d3a9eacee; 4554a0dd-b389-f111-ab10-6045bdd69435; b37e1ee0-b389-f111-ab10-000d3a14673b; 154097e0-b389-f111-ab10-00224820105b; 4454a0dd-b389-f111-ab10-6045bdd69435,Unknown,None,Reconciliation required,NO - dry-run evidence first,Dry-run reconciliation evidence first; no broad mutation in this pass.,Not written - dry-run ledger
Establishing Glory 2,title; title; title; title,Unknown,Not located,174097e0-b389-f111-ab10-00224820105b; 4654a0dd-b389-f111-ab10-6045bdd69435; 299c7bde-b389-f111-ab10-6045bdd69678; 9342c1c2-c37a-f111-ab0f-000d3a14673b,Unknown,None,Reconciliation required,NO - dry-run evidence first,Dry-run reconciliation evidence first; no broad mutation in this pass.,Not written - dry-run ledger
Establishing Glory 3,title; title; title; title,Unknown,Not located,2e9c7bde-b389-f111-ab10-6045bdd69678; a35b72e0-b389-f111-ab10-7c1e525b15c2; a45b72e0-b389-f111-ab10-7c1e525b15c2; 7e67a4c3-c37a-f111-ab0f-6045bdd69678,Unknown,None,Reconciliation required,NO - dry-run evidence first,Dry-run reconciliation evidence first; no broad mutation in this pass.,Not written - dry-run ledger
Divinely Inspired,title; title; title,Unknown,Not located,b27e1ee0-b389-f111-ab10-000d3a14673b; 15dac7dd-b389-f111-ab10-000d3a9eacee; cc4b00d4-c27a-f111-ab0f-00224820105b,Unknown,None,Reconciliation required,NO - dry-run evidence first,Dry-run reconciliation evidence first; no broad mutation in this pass.,Not written - dry-run ledger
Destined to Break the Curse,title; title,Unknown,Not located,af7e1ee0-b389-f111-ab10-000d3a14673b; 9c4b00d4-c27a-f111-ab0f-00224820105b,Unknown,None,Reconciliation required,NO - dry-run evidence first,Dry-run reconciliation evidence first; no broad mutation in this pass.,Not written - dry-run ledger
Discipline and Direction,title; title,Unknown,Not located,b17e1ee0-b389-f111-ab10-000d3a14673b; 80064bcd-c27a-f111-ab0f-00224820105b,Unknown,None,Reconciliation required,NO - dry-run evidence first,Dry-run reconciliation evidence first; no broad mutation in this pass.,Not written - dry-run ledger
Department of the Air Force: Mission Driven Leadership,title; title; title; title,Unknown,Not located,3354a0dd-b389-f111-ab10-6045bdd69435; 3154a0dd-b389-f111-ab10-6045bdd69435; 64106fd3-c27a-f111-ab0f-6045bdd69435; 2c966ac0-c37a-f111-ab0f-00224820105b,Unknown,None,Reconciliation required,NO - dry-run evidence first,Dry-run reconciliation evidence first; no broad mutation in this pass.,Not written - dry-run ledger
Destined To Break The Curse Devotional,title; title; title,Unknown,Not located,3654a0dd-b389-f111-ab10-6045bdd69435; 9b8797ca-c27a-f111-ab0f-7c1e525b15c2; 7b67a4c3-c37a-f111-ab0f-6045bdd69678,Unknown,None,Reconciliation required,NO - dry-run evidence first,Dry-run reconciliation evidence first; no broad mutation in this pass.,Not written - dry-run ledger
Delicious Ideas!,title; title; title,Unknown,Not located,ba0402da-b389-f111-ab10-000d3a14673b; c70f6fd3-c27a-f111-ab0f-6045bdd69435; 0a7e1ada-b389-f111-ab10-7c1e525b15c2,Unknown,None,Reconciliation required,NO - dry-run evidence first,Dry-run reconciliation evidence first; no broad mutation in this pass.,Not written - dry-run ledger
Damaged,title; title,Unknown,Not located,0cdac7dd-b389-f111-ab10-000d3a9eacee; 33106fd3-c27a-f111-ab0f-6045bdd69435,Unknown,None,Reconciliation required,NO - dry-run evidence first,Dry-run reconciliation evidence first; no broad mutation in this pass.,Not written - dry-run ledger
Conquer Your Fears and Win,title; title; title,Unknown,Not located,943582da-b389-f111-ab10-00224820105b; 139c7bde-b389-f111-ab10-6045bdd69678; 9a8797ca-c27a-f111-ab0f-7c1e525b15c2,Unknown,None,Reconciliation required,NO - dry-run evidence first,Dry-run reconciliation evidence first; no broad mutation in this pass.,Not written - dry-run ledger
Bodacious,title; title,Unknown,Not located,901a04cd-c27a-f111-ab0f-000d3a14673b; 07dac7dd-b389-f111-ab10-000d3a9eacee,Unknown,None,Reconciliation required,NO - dry-run evidence first,Dry-run reconciliation evidence first; no broad mutation in this pass.,Not written - dry-run ledger
Connected!,title; title; title,Unknown,Not located,911a04cd-c27a-f111-ab0f-000d3a14673b; 08dac7dd-b389-f111-ab10-000d3a9eacee; 7967a4c3-c37a-f111-ab0f-6045bdd69678,Unknown,None,Reconciliation required,NO - dry-run evidence first,Dry-run reconciliation evidence first; no broad mutation in this pass.,Not written - dry-run ledger
Come Out of Hiding,title; title; title,Unknown,Not located,933582da-b389-f111-ab10-00224820105b; 057e1ada-b389-f111-ab10-7c1e525b15c2; 938904ca-c27a-f111-ab0f-6045bdd69738,Unknown,None,Reconciliation required,NO - dry-run evidence first,Dry-run reconciliation evidence first; no broad mutation in this pass.,Not written - dry-run ledger
Biblical Prescriptions For Life's Troubles,title; title,Unknown,Not located,569a11da-b389-f111-ab10-6045bdd69738; 928904ca-c27a-f111-ab0f-6045bdd69738,Unknown,None,Reconciliation required,NO - dry-run evidence first,Dry-run reconciliation evidence first; no broad mutation in this pass.,Not written - dry-run ledger
BEE Careful,title; title; title; title; title,Unknown,Not located,a60402da-b389-f111-ab10-000d3a14673b; 04dac7dd-b389-f111-ab10-000d3a9eacee; 06dac7dd-b389-f111-ab10-000d3a9eacee; 079c7bde-b389-f111-ab10-6045bdd69678; 559a11da-b389-f111-ab10-6045bdd69738,Unknown,None,Reconciliation required,NO - dry-run evidence first,Dry-run reconciliation evidence first; no broad mutation in this pass.,Not written - dry-run ledger
Because the Lord is My Shepherd,title; title,Unknown,Not located,017e1ada-b389-f111-ab10-7c1e525b15c2; 9b4b00d4-c27a-f111-ab0f-00224820105b,Unknown,None,Reconciliation required,NO - dry-run evidence first,Dry-run reconciliation evidence first; no broad mutation in this pass.,Not written - dry-run ledger
Almost Happy,title; title; title,Unknown,Not located,a00402da-b389-f111-ab10-000d3a14673b; 7b064bcd-c27a-f111-ab0f-00224820105b; 539a11da-b389-f111-ab10-6045bdd69738,Unknown,None,Reconciliation required,NO - dry-run evidence first,Dry-run reconciliation evidence first; no broad mutation in this pass.,Not written - dry-run ledger
Aligned!,title; title,Unknown,Not located,7a064bcd-c27a-f111-ab0f-00224820105b; 8c3582da-b389-f111-ab10-00224820105b,Unknown,None,Reconciliation required,NO - dry-run evidence first,Dry-run reconciliation evidence first; no broad mutation in this pass.,Not written - dry-run ledger
Are You Sure That You Are Ready?,title; title,Unknown,Not located,4009d7cb-c27a-f111-ab0f-6045bdd69678; 549a11da-b389-f111-ab10-6045bdd69738,Unknown,None,Reconciliation required,NO - dry-run evidence first,Dry-run reconciliation evidence first; no broad mutation in this pass.,Not written - dry-run ledger
According to Mark,title; title; title; title,Unknown,Not located,509a11da-b389-f111-ab10-6045bdd69738; 2754a0dd-b389-f111-ab10-6045bdd69435; f87d1ada-b389-f111-ab10-7c1e525b15c2; 79064bcd-c27a-f111-ab0f-00224820105b,Unknown,None,Reconciliation required,NO - dry-run evidence first,Dry-run reconciliation evidence first; no broad mutation in this pass.,Not written - dry-run ledger
"A Truebies Guide, Part 1",title; title; title,Unknown,Not located,11d2c5d7-b389-f111-ab10-000d3a9eacee; aee382d8-b389-f111-ab10-6045bdd69678; 37ce3ac0-c37a-f111-ab0f-7c1e525b15c2,Unknown,None,Reconciliation required,NO - dry-run evidence first,Dry-run reconciliation evidence first; no broad mutation in this pass.,Not written - dry-run ledger
"A Truebies Guide, Part 2",title; title; title,Unknown,Not located,2554a0dd-b389-f111-ab10-6045bdd69435; afe382d8-b389-f111-ab10-6045bdd69678; 2c946ac0-c37a-f111-ab0f-00224820105b,Unknown,None,Reconciliation required,NO - dry-run evidence first,Dry-run reconciliation evidence first; no broad mutation in this pass.,Not written - dry-run ledger
Abortion!,title; title,Unknown,Not located,614797d0-c27a-f111-ab0f-7c1e525b15c2; f67d1ada-b389-f111-ab10-7c1e525b15c2,Unknown,None,Reconciliation required,NO - dry-run evidence first,Dry-run reconciliation evidence first; no broad mutation in this pass.,Not written - dry-run ledger
A Principal's Tale,title; title,Unknown,Not located,841a04cd-c27a-f111-ab0f-000d3a14673b; abe382d8-b389-f111-ab10-6045bdd69678,Unknown,None,Reconciliation required,NO - dry-run evidence first,Dry-run reconciliation evidence first; no broad mutation in this pass.,Not written - dry-run ledger
A Portrait of Paradise,title; title; title,Unknown,Not located,c74b00d4-c27a-f111-ab0f-00224820105b; a8e382d8-b389-f111-ab10-6045bdd69678; f57d1ada-b389-f111-ab10-7c1e525b15c2,Unknown,None,Reconciliation required,NO - dry-run evidence first,Dry-run reconciliation evidence first; no broad mutation in this pass.,Not written - dry-run ledger
A Little Bit of Everything,title; title; title,Unknown,Not located,a3e382d8-b389-f111-ab10-6045bdd69678; 9fe382d8-b389-f111-ab10-6045bdd69678; 778904ca-c27a-f111-ab0f-6045bdd69738,Unknown,None,Reconciliation required,NO - dry-run evidence first,Dry-run reconciliation evidence first; no broad mutation in this pass.,Not written - dry-run ledger
365 Days of Transparency,title; title,Unknown,Not located,69b21fc6-c27a-f111-ab0f-000d3a14673b; dee69bd7-b389-f111-ab10-6045bdd69435,Unknown,None,Reconciliation required,NO - dry-run evidence first,Dry-run reconciliation evidence first; no broad mutation in this pass.,Not written - dry-run ledger
7 Step Jumpstart to Becoming Your Best Self,title; title; title,Unknown,Not located,8e0402da-b389-f111-ab10-000d3a14673b; 3e09d7cb-c27a-f111-ab0f-6045bdd69678; 4a9a11da-b389-f111-ab10-6045bdd69738,Unknown,None,Reconciliation required,NO - dry-run evidence first,Dry-run reconciliation evidence first; no broad mutation in this pass.,Not written - dry-run ledger
A Blended Family,title; title; title,Unknown,Not located,6f8904ca-c27a-f111-ab0f-6045bdd69738; 4b9a11da-b389-f111-ab10-6045bdd69738; f47d1ada-b389-f111-ab10-7c1e525b15c2,Unknown,None,Reconciliation required,NO - dry-run evidence first,Dry-run reconciliation evidence first; no broad mutation in this pass.,Not written - dry-run ledger
27 Days to Overcoming Depression,title; title,Unknown,Not located,d0f603d3-c27a-f111-ab0f-000d3a14673b; d8e69bd7-b389-f111-ab10-6045bdd69435,Unknown,None,Reconciliation required,NO - dry-run evidence first,Dry-run reconciliation evidence first; no broad mutation in this pass.,Not written - dry-run ledger
100 Wisdom Lessons for Life and Living,title; title; title; title; title,Unknown,Not located,fad1c5d7-b389-f111-ab10-000d3a9eacee; 863582da-b389-f111-ab10-00224820105b; bfe69bd7-b389-f111-ab10-6045bdd69435; 833582da-b389-f111-ab10-00224820105b; 34926ac0-c37a-f111-ab0f-00224820105b,Unknown,None,Reconciliation required,NO - dry-run evidence first,Dry-run reconciliation evidence first; no broad mutation in this pass.,Not written - dry-run ledger
JM1 Preview Synthetic Artifact B,title; editorial_stage; approval_gate; editorial_artifact,Author Review,JM1 Preview Synthetic Artifact B,8de10c93-4a89-f111-ab10-7c1e525b15c2; 2c14e08d-4a89-f111-ab10-000d3a1a9efa; 8b9bc945-6f89-f111-ab10-000d3a9eacee; 36422691-4a89-f111-ab10-6045bdd69435,Proofreading,Author,Await Proofreading author response/full approval,NO - dry-run evidence first,Dry-run reconciliation evidence first; no broad mutation in this pass.,Not written - dry-run ledger
JM1 Preview Synthetic Artifact A,title; editorial_stage; approval_gate; editorial_artifact; editorial_artifact,Author Review,Preview Synthetic Artifact A - PR337-PREVIEW-AUTHOR-ISOLATION-2026-07-26T23-27-28-027Z,81c81786-4889-f111-ab10-000d3a14673b; e6043d8c-4989-f111-ab10-7c1e525b15c2; 8a6f4646-6f89-f111-ab10-000d3a14673b; 4abb2a8c-4989-f111-ab10-6045bdd69738; a9c8ce64-4a89-f111-ab10-6045bdd69678,Proofreading,Author,Await Proofreading author response/full approval,NO - dry-run evidence first,Dry-run reconciliation evidence first; no broad mutation in this pass.,Not written - dry-run ledger
The Fight for the Promiseland: Battle Strategies for Victorious People,title,Unknown,Not located,952556cd-c37a-f111-ab0f-00224820105b,Unknown,None,Reconciliation required,NO - dry-run evidence first,Dry-run reconciliation evidence first; no broad mutation in this pass.,Not written - dry-run ledger
Music Ministry Unplugged: Real Lessons for Those who Lead and Serve in Music Ministry,title,Unknown,Not located,982156cd-c37a-f111-ab0f-00224820105b,Unknown,None,Reconciliation required,NO - dry-run evidence first,Dry-run reconciliation evidence first; no broad mutation in this pass.,Not written - dry-run ledger
Memoir of a Black Christian Nationalist: Seeds of Liberation (Unabridged),title,Unknown,Not located,1159fcc8-c37a-f111-ab0f-000d3a14673b,Unknown,None,Reconciliation required,NO - dry-run evidence first,Dry-run reconciliation evidence first; no broad mutation in this pass.,Not written - dry-run ledger
The Long Watch,title; editorial_stage; editorial_stage; approval_gate; approval_gate,In Progress,Package Manifest v2 - Developmental Editing - The Long Watch,a69b9dfa-bb7b-f111-ab0f-7c1e525b15c2; 12d961fc-0f85-f111-ab0f-00224820105b; 8face475-8f80-f111-ab0f-00224820105b; f79d9b13-688e-f111-8077-000d3a14673b; 0fddf310-308e-f111-8077-6045bdd69738,Developmental Editing,Author,Await Developmental Editing author response/full approval,NO - dry-run evidence first,Dry-run reconciliation evidence first; no broad mutation in this pass.,Not written - dry-run ledger
The General’s Will and Last Testament,title; editorial_stage; editorial_stage; approval_gate; editorial_artifact,In Progress,Package Manifest v2 - Developmental Editing - The General’s Will and Last Testament,2d21ab5b-4d80-f111-ab0f-7c1e525b15c2; c2799c31-8f80-f111-ab0f-00224820105b; 24817d5a-4d80-f111-ab0f-6045bdd69435; 576b9a51-688e-f111-8077-7c1e525b15c2; a40b070b-b384-f111-ab0f-00224820105b,Developmental Editing,Author,Await Developmental Editing author response/full approval,NO - dry-run evidence first,Dry-run reconciliation evidence first; no broad mutation in this pass.,Not written - dry-run ledger
Before You Were Born,title; editorial_stage; editorial_stage; approval_gate; editorial_artifact,Author Review,Developmental Memo - Developmental Editing - Before You Were Born,91c5e1ef-2980-f111-ab0f-7c1e525b15c2; 88189235-8f80-f111-ab0f-6045bdd69435; 624a5e5f-4d80-f111-ab0f-6045bdd69738; e996abe7-2f8e-f111-8077-000d3a14673b; 2efc0111-b384-f111-ab0f-00224820105b,Developmental Editing,External,External dependency for Developmental Editing,NO - dry-run evidence first,Dry-run reconciliation evidence first; no broad mutation in this pass.,Not written - dry-run ledger
Establishing Glory: The Library,title; editorial_stage; editorial_stage; approval_gate; editorial_artifact,In Progress,Developmental Memo - Developmental Editing - Establishing Glory: The Library,f1908dc9-5775-f111-ab0f-6045bdd69435; 3362a1cb-1984-f111-ab0f-000d3a14673b; a20ec2b3-4d80-f111-ab0f-6045bdd69435; b2fdf644-678e-f111-8077-00224820105b; 78825683-b784-f111-ab0f-00224820105b,Developmental Editing,Author,Await Developmental Editing author response/full approval,NO - dry-run evidence first,Dry-run reconciliation evidence first; no broad mutation in this pass.,Not written - dry-run ledger
You're Still Not Crazy: You May Be An Empath Dealing With A Narcissist,title,Unknown,Not located,226386cf-c37a-f111-ab0f-000d3a14673b,Unknown,None,Reconciliation required,NO - dry-run evidence first,Dry-run reconciliation evidence first; no broad mutation in this pass.,Not written - dry-run ledger
Warriors and Angels: Liberating Inner Power in the Journey of Life,title,Unknown,Not located,4a37c9d0-c37a-f111-ab0f-6045bdd69678,Unknown,None,Reconciliation required,NO - dry-run evidence first,Dry-run reconciliation evidence first; no broad mutation in this pass.,Not written - dry-run ledger
Your Peace is a Priority: A Devotional Journal,title,Unknown,Not located,5837c9d0-c37a-f111-ab0f-6045bdd69678,Unknown,None,Reconciliation required,NO - dry-run evidence first,Dry-run reconciliation evidence first; no broad mutation in this pass.,Not written - dry-run ledger
The Journey: The Inspiration and Message Behind the Music,title,Unknown,Not located,0d6386cf-c37a-f111-ab0f-000d3a14673b,Unknown,None,Reconciliation required,NO - dry-run evidence first,Dry-run reconciliation evidence first; no broad mutation in this pass.,Not written - dry-run ledger
todays's new title,title,Unknown,Not located,b2838072-e23d-f111-88b5-7c1e525b15c2,Unknown,None,Reconciliation required,NO - dry-run evidence first,Dry-run reconciliation evidence first; no broad mutation in this pass.,Not written - dry-run ledger
The Great Hair Restart: The Journal,title,Unknown,Not located,0a6386cf-c37a-f111-ab0f-000d3a14673b,Unknown,None,Reconciliation required,NO - dry-run evidence first,Dry-run reconciliation evidence first; no broad mutation in this pass.,Not written - dry-run ledger
"The Essence of Life, Love Letters to Christ: Poems of Life and Love from the Pages of the Heart",title,Unknown,Not located,ab2156cd-c37a-f111-ab0f-00224820105b,Unknown,None,Reconciliation required,NO - dry-run evidence first,Dry-run reconciliation evidence first; no broad mutation in this pass.,Not written - dry-run ledger
The Great Hair Restart: The Ultimate Guide to Resetting Your Natural Hair Journey with Confidence,title,Unknown,Not located,9a2556cd-c37a-f111-ab0f-00224820105b,Unknown,None,Reconciliation required,NO - dry-run evidence first,Dry-run reconciliation evidence first; no broad mutation in this pass.,Not written - dry-run ledger
"Taylor Made: My Life, My Story",title,Unknown,Not located,b27835ca-c37a-f111-ab0f-6045bdd69678,Unknown,None,Reconciliation required,NO - dry-run evidence first,Dry-run reconciliation evidence first; no broad mutation in this pass.,Not written - dry-run ledger
More Than A Village: Raising Black Men in America,title,Unknown,Not located,1759fcc8-c37a-f111-ab0f-000d3a14673b,Unknown,None,Reconciliation required,NO - dry-run evidence first,Dry-run reconciliation evidence first; no broad mutation in this pass.,Not written - dry-run ledger
Speech Therapy Works!: Juliana's Story,title,Unknown,Not located,a32156cd-c37a-f111-ab0f-00224820105b,Unknown,None,Reconciliation required,NO - dry-run evidence first,Dry-run reconciliation evidence first; no broad mutation in this pass.,Not written - dry-run ledger
My ABCs,title,Unknown,Not located,887835ca-c37a-f111-ab0f-6045bdd69678,Unknown,None,Reconciliation required,NO - dry-run evidence first,Dry-run reconciliation evidence first; no broad mutation in this pass.,Not written - dry-run ledger
SHE: An Expose' of Her Insufficiencies,title,Unknown,Not located,a97835ca-c37a-f111-ab0f-6045bdd69678,Unknown,None,Reconciliation required,NO - dry-run evidence first,Dry-run reconciliation evidence first; no broad mutation in this pass.,Not written - dry-run ledger
Loving the Addict: While Taking Care of Yourself First,title,Unknown,Not located,08bf1ac7-c37a-f111-ab0f-00224820105b,Unknown,None,Reconciliation required,NO - dry-run evidence first,Dry-run reconciliation evidence first; no broad mutation in this pass.,Not written - dry-run ledger
Memoir of a Black Christian Nationalist: Seeds of Liberation,title,Unknown,Not located,b4c11ac7-c37a-f111-ab0f-00224820105b,Unknown,None,Reconciliation required,NO - dry-run evidence first,Dry-run reconciliation evidence first; no broad mutation in this pass.,Not written - dry-run ledger
Just What I Needed: Daily Devotional,title,Unknown,Not located,6f7835ca-c37a-f111-ab0f-6045bdd69678,Unknown,None,Reconciliation required,NO - dry-run evidence first,Dry-run reconciliation evidence first; no broad mutation in this pass.,Not written - dry-run ledger
Mirror of Refining Insight: An Introspective Look At Pursuing Your Purpose,title,Unknown,Not located,3b1405c7-c37a-f111-ab0f-7c1e525b15c2,Unknown,None,Reconciliation required,NO - dry-run evidence first,Dry-run reconciliation evidence first; no broad mutation in this pass.,Not written - dry-run ledger
Inspirations from God: God is Gooood!,title,Unknown,Not located,6e7835ca-c37a-f111-ab0f-6045bdd69678,Unknown,None,Reconciliation required,NO - dry-run evidence first,Dry-run reconciliation evidence first; no broad mutation in this pass.,Not written - dry-run ledger
Jewels by Lady J: A Book of Daily Devotion and Reflection One Day at a Time,title,Unknown,Not located,311405c7-c37a-f111-ab0f-7c1e525b15c2,Unknown,None,Reconciliation required,NO - dry-run evidence first,Dry-run reconciliation evidence first; no broad mutation in this pass.,Not written - dry-run ledger
Connected!: Unlocking the DNA of Authentic Prayer - 2nd Edition,title,Unknown,Not located,8742c1c2-c37a-f111-ab0f-000d3a14673b,Unknown,None,Reconciliation required,NO - dry-run evidence first,Dry-run reconciliation evidence first; no broad mutation in this pass.,Not written - dry-run ledger
Delicious Ideas!: The Legacy Cookbook,title,Unknown,Not located,7a67a4c3-c37a-f111-ab0f-6045bdd69678,Unknown,None,Reconciliation required,NO - dry-run evidence first,Dry-run reconciliation evidence first; no broad mutation in this pass.,Not written - dry-run ledger
Discipline and Direction: God's Leadership Style,title,Unknown,Not located,7c67a4c3-c37a-f111-ab0f-6045bdd69678,Unknown,None,Reconciliation required,NO - dry-run evidence first,Dry-run reconciliation evidence first; no broad mutation in this pass.,Not written - dry-run ledger
Divinely Inspired: Trauma Triumphed,title,Unknown,Not located,7d67a4c3-c37a-f111-ab0f-6045bdd69678,Unknown,None,Reconciliation required,NO - dry-run evidence first,Dry-run reconciliation evidence first; no broad mutation in this pass.,Not written - dry-run ledger
Come Out Of Hiding: Activating Deliverance,title,Unknown,Not located,7867a4c3-c37a-f111-ab0f-6045bdd69678,Unknown,None,Reconciliation required,NO - dry-run evidence first,Dry-run reconciliation evidence first; no broad mutation in this pass.,Not written - dry-run ledger
Because the Lord is My Shepherd: Psalm 23 and Me,title,Unknown,Not located,7942c1c2-c37a-f111-ab0f-000d3a14673b,Unknown,None,Reconciliation required,NO - dry-run evidence first,Dry-run reconciliation evidence first; no broad mutation in this pass.,Not written - dry-run ledger
Bodacious: Controversial and Provocative,title,Unknown,Not located,8642c1c2-c37a-f111-ab0f-000d3a14673b,Unknown,None,Reconciliation required,NO - dry-run evidence first,Dry-run reconciliation evidence first; no broad mutation in this pass.,Not written - dry-run ledger
Aligned!: Unlocking the DNA of Authentic Faith,title,Unknown,Not located,2d946ac0-c37a-f111-ab0f-00224820105b,Unknown,None,Reconciliation required,NO - dry-run evidence first,Dry-run reconciliation evidence first; no broad mutation in this pass.,Not written - dry-run ledger
Are You Sure That You Are Ready?: A Guide for Vendors,title,Unknown,Not located,dcbc7ebd-c37a-f111-ab0f-6045bdd69678,Unknown,None,Reconciliation required,NO - dry-run evidence first,Dry-run reconciliation evidence first; no broad mutation in this pass.,Not written - dry-run ledger
A Principal's Tale: A Self-Determined Leader,title,Unknown,Not located,6f27c7bc-c37a-f111-ab0f-000d3a14673b,Unknown,None,Reconciliation required,NO - dry-run evidence first,Dry-run reconciliation evidence first; no broad mutation in this pass.,Not written - dry-run ledger
Abortion!: George and Giovanna,title,Unknown,Not located,7742c1c2-c37a-f111-ab0f-000d3a14673b,Unknown,None,Reconciliation required,NO - dry-run evidence first,Dry-run reconciliation evidence first; no broad mutation in this pass.,Not written - dry-run ledger
27 Days to Overcoming Depression: Debunking All the Lies,title,Unknown,Not located,6e27c7bc-c37a-f111-ab0f-000d3a14673b,Unknown,None,Reconciliation required,NO - dry-run evidence first,Dry-run reconciliation evidence first; no broad mutation in this pass.,Not written - dry-run ledger
"The I Am In Me Part 2, Second Edition",title,Unknown,Not located,5e4797d0-c27a-f111-ab0f-7c1e525b15c2,Unknown,None,Reconciliation required,NO - dry-run evidence first,Dry-run reconciliation evidence first; no broad mutation in this pass.,Not written - dry-run ledger
"The I Am in Me, Second Edition",title,Unknown,Not located,5f4797d0-c27a-f111-ab0f-7c1e525b15c2,Unknown,None,Reconciliation required,NO - dry-run evidence first,Dry-run reconciliation evidence first; no broad mutation in this pass.,Not written - dry-run ledger
The ESSENCE of Life,title,Unknown,Not located,c1f603d3-c27a-f111-ab0f-000d3a14673b,Unknown,None,Reconciliation required,NO - dry-run evidence first,Dry-run reconciliation evidence first; no broad mutation in this pass.,Not written - dry-run ledger
The Doctrine of the Last Things,title,Unknown,Not located,d13274cd-c27a-f111-ab0f-6045bdd69435,Unknown,None,Reconciliation required,NO - dry-run evidence first,Dry-run reconciliation evidence first; no broad mutation in this pass.,Not written - dry-run ledger
"Grandmothers Educating Minds, 2nd Edition",title,Unknown,Not located,9a8904ca-c27a-f111-ab0f-6045bdd69738,Unknown,None,Reconciliation required,NO - dry-run evidence first,Dry-run reconciliation evidence first; no broad mutation in this pass.,Not written - dry-run ledger
Establishing Glory 3: The Marriage Handbook,title,Unknown,Not located,9c8797ca-c27a-f111-ab0f-7c1e525b15c2,Unknown,None,Reconciliation required,NO - dry-run evidence first,Dry-run reconciliation evidence first; no broad mutation in this pass.,Not written - dry-run ledger
Establishing Glory 2: The Relationship Handbook (2nd Edition),title,Unknown,Not located,fb3174cd-c27a-f111-ab0f-6045bdd69435,Unknown,None,Reconciliation required,NO - dry-run evidence first,Dry-run reconciliation evidence first; no broad mutation in this pass.,Not written - dry-run ledger
A Trubie's Guide Pt. 1,title,Unknown,Not located,3f09d7cb-c27a-f111-ab0f-6045bdd69678,Unknown,None,Reconciliation required,NO - dry-run evidence first,Dry-run reconciliation evidence first; no broad mutation in this pass.,Not written - dry-run ledger
A Trubie's Guide Pt. 2,title,Unknown,Not located,848904ca-c27a-f111-ab0f-6045bdd69738,Unknown,None,Reconciliation required,NO - dry-run evidence first,Dry-run reconciliation evidence first; no broad mutation in this pass.,Not written - dry-run ledger
101 Wisdom Lessons for Life and Living,title,Unknown,Not located,dcf603d3-c27a-f111-ab0f-000d3a14673b,Unknown,None,Reconciliation required,NO - dry-run evidence first,Dry-run reconciliation evidence first; no broad mutation in this pass.,Not written - dry-run ledger
The Intentional Leader,title; editorial_stage; editorial_stage; editorial_stage; editorial_stage,Complete,intentional-leader-final-pagination-corrected-proof-2026-08-03-v1,e797232b-da7a-f111-ab0f-00224820105b; c9dee533-4184-f111-ab0f-7c1e525b15c2; 11f3f9f8-4c81-f111-ab0f-7c1e525b15c2; cf06664b-ce80-f111-ab0f-7c1e525b15c2; a7713ff3-1e80-f111-ab0f-6045bdd69678,Editorial Internal QA,None,Confirm next boundary after Editorial Internal QA,NO - dry-run evidence first,Dry-run reconciliation evidence first; no broad mutation in this pass.,Not written - dry-run ledger
title_id:5aee90b0-9730-f111-88b4-6045bdd69738,title,Unknown,Not located,5aee90b0-9730-f111-88b4-6045bdd69738,Unknown,None,Reconciliation required,NO - dry-run evidence first,Dry-run reconciliation evidence first; no broad mutation in this pass.,Not written - dry-run ledger
title_id:9eb5559c-9630-f111-88b4-7c1e525b15c2,title,Unknown,Not located,9eb5559c-9630-f111-88b4-7c1e525b15c2,Unknown,None,Reconciliation required,NO - dry-run evidence first,Dry-run reconciliation evidence first; no broad mutation in this pass.,Not written - dry-run ledger
Indomitable Indomitable Escaping Witchcraft and Finding My Identity in Christ,editorial_diagnostic,Pending,Not located,572a89ef-cd95-f111-8076-7c1e525b15c2,Stage 0 / Editorial Review,None,Confirm next boundary after Stage 0 / Editorial Review,NO - dry-run evidence first,Dry-run reconciliation evidence first; no broad mutation in this pass.,Not written - dry-run ledger
INT-PUB-005 Stage 0 Handoff — JMP-INT-202607-0W5PTQ,editorial_diagnostic,Complete,Not located,18cb5c53-6076-f111-ab0f-000d3a9eacee,Stage 0 / Editorial Review,None,Confirm next boundary after Stage 0 / Editorial Review,NO - dry-run evidence first,Dry-run reconciliation evidence first; no broad mutation in this pass.,Not written - dry-run ledger
INT-PUB-005 Stage 0 Handoff — JMP-INT-202607-422JSZ,editorial_diagnostic,Complete,Not located,35059461-d589-f111-ab10-00224820105b,Stage 0 / Editorial Review,None,Confirm next boundary after Stage 0 / Editorial Review,NO - dry-run evidence first,Dry-run reconciliation evidence first; no broad mutation in this pass.,Not written - dry-run ledger
INT-PUB-005 Stage 0 Handoff — JMP-INT-202607-3R2ETT,editorial_diagnostic,Awaiting Jackie Review,Not located,77ac9e2f-6a8b-f111-ab10-7c1e525b15c2,Stage 0 / Editorial Review,Jackie,Publisher decision for Stage 0 / Editorial Review,NO - dry-run evidence first,Dry-run reconciliation evidence first; no broad mutation in this pass.,Not written - dry-run ledger
INT-PUB-005 Stage 0 Handoff — JMP-INT-202607-BUAKCY,editorial_diagnostic,Awaiting Jackie Review,Not located,9f245fc3-698b-f111-ab10-000d3a14673b,Stage 0 / Editorial Review,Jackie,Publisher decision for Stage 0 / Editorial Review,NO - dry-run evidence first,Dry-run reconciliation evidence first; no broad mutation in this pass.,Not written - dry-run ledger
INT-PUB-005 Stage 0 Handoff — JMP-INT-202607-YEUSKK,editorial_diagnostic,Awaiting Jackie Review,Not located,fb886fd9-418b-f111-ab10-6045bdd69738,Stage 0 / Editorial Review,Jackie,Publisher decision for Stage 0 / Editorial Review,NO - dry-run evidence first,Dry-run reconciliation evidence first; no broad mutation in this pass.,Not written - dry-run ledger
INT-PUB-005 Stage 0 Handoff — JMP-INT-202607-OYZKEI,editorial_diagnostic,Awaiting Jackie Review,Not located,ded6d0fb-408b-f111-ab10-6045bdd69435,Stage 0 / Editorial Review,Jackie,Publisher decision for Stage 0 / Editorial Review,NO - dry-run evidence first,Dry-run reconciliation evidence first; no broad mutation in this pass.,Not written - dry-run ledger
INT-PUB-005 Stage 0 Handoff — JMP-INT-202607-3VAMOM,editorial_diagnostic,Awaiting Jackie Review,Not located,f1adfde3-bd8a-f111-ab10-6045bdd69435,Stage 0 / Editorial Review,Jackie,Publisher decision for Stage 0 / Editorial Review,NO - dry-run evidence first,Dry-run reconciliation evidence first; no broad mutation in this pass.,Not written - dry-run ledger
INT-PUB-005 Stage 0 Handoff — JMP-INT-202607-H851LP,editorial_diagnostic,Awaiting Jackie Review,Not located,8d0602ad-778a-f111-ab10-6045bdd69738,Stage 0 / Editorial Review,Jackie,Publisher decision for Stage 0 / Editorial Review,NO - dry-run evidence first,Dry-run reconciliation evidence first; no broad mutation in this pass.,Not written - dry-run ledger
INT-PUB-005 Stage 0 Handoff — JMP-INT-202607-P79YWB,editorial_diagnostic,Awaiting Jackie Review,Not located,c2c2f24c-db89-f111-ab0f-70a8a58dd8b8,Stage 0 / Editorial Review,Jackie,Publisher decision for Stage 0 / Editorial Review,NO - dry-run evidence first,Dry-run reconciliation evidence first; no broad mutation in this pass.,Not written - dry-run ledger
INT-PUB-005 Stage 0 Handoff — JMP-INT-202607-DM8F79,editorial_diagnostic,Awaiting Jackie Review,Not located,9c8d31d5-da89-f111-ab10-00224820105b,Stage 0 / Editorial Review,Jackie,Publisher decision for Stage 0 / Editorial Review,NO - dry-run evidence first,Dry-run reconciliation evidence first; no broad mutation in this pass.,Not written - dry-run ledger
INT-PUB-005 Stage 0 Handoff — JMP-INT-202607-C3L2SG,editorial_diagnostic,Awaiting Jackie Review,Not located,c1be2184-d989-f111-ab10-000d3a9eacee,Stage 0 / Editorial Review,Jackie,Publisher decision for Stage 0 / Editorial Review,NO - dry-run evidence first,Dry-run reconciliation evidence first; no broad mutation in this pass.,Not written - dry-run ledger
INT-PUB-005 Stage 0 Handoff — JMP-INT-202607-LQPHEK,editorial_diagnostic,Awaiting Jackie Review,Not located,e71ea2ef-3b7c-f111-ab0f-6045bdd69435,Stage 0 / Editorial Review,Jackie,Publisher decision for Stage 0 / Editorial Review,NO - dry-run evidence first,Dry-run reconciliation evidence first; no broad mutation in this pass.,Not written - dry-run ledger
INT-PUB-005 Stage 0 Handoff — JMP-INT-202607-OXIZZP,editorial_diagnostic,Awaiting Jackie Review,Not located,cc32d83c-5376-f111-ab0f-000d3a14673b,Stage 0 / Editorial Review,Jackie,Publisher decision for Stage 0 / Editorial Review,NO - dry-run evidence first,Dry-run reconciliation evidence first; no broad mutation in this pass.,Not written - dry-run ledger
INT-PUB-005 Stage 0 Handoff — JMP-INT-202607-6BO5Z5,editorial_diagnostic,Awaiting Jackie Review,Not located,67af5a45-5076-f111-ab0f-6045bdd69738,Stage 0 / Editorial Review,Jackie,Publisher decision for Stage 0 / Editorial Review,NO - dry-run evidence first,Dry-run reconciliation evidence first; no broad mutation in this pass.,Not written - dry-run ledger
INT-PUB-005 Stage 0 Handoff — JMP-INT-202607-14G8DT,editorial_diagnostic,Awaiting Jackie Review,Not located,2400458a-1f76-f111-ab0f-000d3a14673b,Stage 0 / Editorial Review,Jackie,Publisher decision for Stage 0 / Editorial Review,NO - dry-run evidence first,Dry-run reconciliation evidence first; no broad mutation in this pass.,Not written - dry-run ledger
INT-PUB-005 Stage 0 Handoff — JMP-INT-202607-SJ8K0P,editorial_diagnostic,Awaiting Jackie Review,Not located,561ffec7-1d76-f111-ab0f-7c1e525b15c2,Stage 0 / Editorial Review,Jackie,Publisher decision for Stage 0 / Editorial Review,NO - dry-run evidence first,Dry-run reconciliation evidence first; no broad mutation in this pass.,Not written - dry-run ledger
TEST — Reusable Editorial Diagnostic Shell,editorial_diagnostic,Awaiting Jackie Review,Not located,9766f8d8-3d4b-f111-bec7-00224820105b,Stage 0 / Editorial Review,Jackie,Publisher decision for Stage 0 / Editorial Review,NO - dry-run evidence first,Dry-run reconciliation evidence first; no broad mutation in this pass.,Not written - dry-run ledger
INT-PUB-005 Stage 0 Handoff — TEST-FLOWD-GATE-003,editorial_diagnostic,Awaiting Jackie Review,Not located,6490a7de-b868-f111-a826-000d3a14673b,Stage 0 / Editorial Review,Jackie,Publisher decision for Stage 0 / Editorial Review,NO - dry-run evidence first,Dry-run reconciliation evidence first; no broad mutation in this pass.,Not written - dry-run ledger
Runner Contract Test,editorial_diagnostic,Awaiting Jackie Review,Not located,0e744c11-5969-f111-a826-00224820105b,Stage 0 / Editorial Review,Jackie,Publisher decision for Stage 0 / Editorial Review,NO - dry-run evidence first,Dry-run reconciliation evidence first; no broad mutation in this pass.,Not written - dry-run ledger
INT-PUB-005 Stage 0 Handoff — JMP-INT-202606-BA2HX9,editorial_diagnostic,Awaiting Jackie Review,Not located,d44a9ea2-726f-f111-ab0d-6045bdd69678,Stage 0 / Editorial Review,Jackie,Publisher decision for Stage 0 / Editorial Review,NO - dry-run evidence first,Dry-run reconciliation evidence first; no broad mutation in this pass.,Not written - dry-run ledger
INT-PUB-005 Stage 0 Handoff — JMP-INT-202606-IP82OF,editorial_diagnostic,Pending,Not located,e8b8c5be-5768-f111-a826-7c1e525b15c2,Stage 0 / Editorial Review,None,Confirm next boundary after Stage 0 / Editorial Review,NO - dry-run evidence first,Dry-run reconciliation evidence first; no broad mutation in this pass.,Not written - dry-run ledger
INT-PUB-005 Stage 0 Handoff — TEST-FLOWD-GATE-002,editorial_diagnostic,Awaiting Jackie Review,Not located,7ca609a6-ae68-f111-a826-7c1e525b15c2,Stage 0 / Editorial Review,Jackie,Publisher decision for Stage 0 / Editorial Review,NO - dry-run evidence first,Dry-run reconciliation evidence first; no broad mutation in this pass.,Not written - dry-run ledger
INT-PUB-005 Stage 0 Handoff — JMP-INT-202607-DL2T20,editorial_diagnostic,Awaiting Jackie Review,Not located,aa3858a7-6875-f111-ab0f-000d3a14673b,Stage 0 / Editorial Review,Jackie,Publisher decision for Stage 0 / Editorial Review,NO - dry-run evidence first,Dry-run reconciliation evidence first; no broad mutation in this pass.,Not written - dry-run ledger
INT-PUB-005 Stage 0 Handoff — JMP-INT-202606-UFYG6O,editorial_diagnostic,Jackie Approved,Not located,64e387e0-7e6a-f111-a826-00224820105b,Stage 0 / Editorial Review,Jackie,Publisher decision for Stage 0 / Editorial Review,NO - dry-run evidence first,Dry-run reconciliation evidence first; no broad mutation in this pass.,Not written - dry-run ledger
INT-PUB-005 Stage 0 Handoff — TEST-FLOWD-GATE-001,editorial_diagnostic; editorial_diagnostic,Pending,Not located,59fa8747-ad68-f111-a826-7c1e525b15c2; 9bc3f43a-ad68-f111-a826-000d3a14673b,Stage 0 / Editorial Review,None,Confirm next boundary after Stage 0 / Editorial Review,NO - dry-run evidence first,Dry-run reconciliation evidence first; no broad mutation in this pass.,Not written - dry-run ledger
unknown,editorial_stage,Author Review,Not located,e0e2e9ee-0883-f111-ab0f-000d3a14673b,Unknown,Author,Await Unknown author response/full approval,NO - dry-run evidence first,Dry-run reconciliation evidence first; no broad mutation in this pass.,Not written - dry-run ledger
Compilation-Reconciliation,sharepoint_folder,Stage 0 / Editorial Review,Not located,"/Users/jmerrillone/Library/CloudStorage/OneDrive-JMerrillFoundation,Inc/JM1-PUB/01_Titles/01_Editorial-Review/Compilation-Reconciliation",Stage 0 / Editorial Review,None,Confirm next boundary after Stage 0 / Editorial Review,NO - dry-run evidence first,Dry-run reconciliation evidence first; no broad mutation in this pass.,Not written - dry-run ledger
02_Cover-Design,sharepoint_folder,Production / Downstream,Not located,"/Users/jmerrillone/Library/CloudStorage/OneDrive-JMerrillFoundation,Inc/JM1-PUB/01_Titles/06_Production/02_Cover-Design",Production / Downstream,None,Confirm next boundary after Production / Downstream,NO - dry-run evidence first,Dry-run reconciliation evidence first; no broad mutation in this pass.,Not written - dry-run ledger
02_Interior-Layout,sharepoint_folder,Production / Downstream,Not located,"/Users/jmerrillone/Library/CloudStorage/OneDrive-JMerrillFoundation,Inc/JM1-PUB/01_Titles/06_Production/02_Interior-Layout",Production / Downstream,None,Confirm next boundary after Production / Downstream,NO - dry-run evidence first,Dry-run reconciliation evidence first; no broad mutation in this pass.,Not written - dry-run ledger
