"Title / Working Title","Author Public/Pen Name","Project/Title ID","ReconciliationReason","DuplicateGroupKey","DuplicateGroupSize","OperationallyActive"
"You're Still Not Crazy","Carolyn Booker-Pierce","1b2ac7e9-b389-f111-ab10-000d3a9eacee","LEGACY_DUPLICATE","you re still not crazy carolyn booker pierce","2","NO"
"Your brain has too much what, mommy??","Essence Easley","1c2ac7e9-b389-f111-ab10-000d3a9eacee","LEGACY_DUPLICATE","your brain has too much what mommy essence easley","2","NO"
"Your Brain Has Too Much What, Mommy??","Essence Easley","cdd3f1ec-b389-f111-ab10-00224820105b","LEGACY_DUPLICATE","your brain has too much what mommy essence easley","2","NO"
"Your Peace Is a Priority","Kiena Hughley","2bc2cae9-b389-f111-ab10-6045bdd69435","LEGACY_DUPLICATE","your peace is priority kiena hughley","2","NO"
"Your Peace Is a Priority","Kiena Hughley","66137ed6-c27a-f111-ab0f-6045bdd69738","LEGACY_DUPLICATE","your peace is priority kiena hughley","2","NO"
"Words of A Troubled Soul","David Williams","bc4188ed-b389-f111-ab10-000d3a14673b","LEGACY_DUPLICATE","words of troubled soul david williams","3","NO"
"You're Still Not Crazy","Carolyn Booker-Pierce","a74b00d4-c27a-f111-ab0f-00224820105b","LEGACY_DUPLICATE","you re still not crazy carolyn booker pierce","2","NO"
"Words of a Troubled Soul","David Williams","c8d3f1ec-b389-f111-ab10-00224820105b","LEGACY_DUPLICATE","words of troubled soul david williams","3","NO"
"Why Faith Works For Some And Not For Others","Rodney Waller","e1b26aed-b389-f111-ab10-6045bdd69738","LEGACY_DUPLICATE","why faith works for some and not for others rodney waller","2","NO"
"Words of a Troubled Soul","David Williams","604797d0-c27a-f111-ab0f-7c1e525b15c2","LEGACY_DUPLICATE","words of troubled soul david williams","3","NO"
"Why Faith Works for Some and Not for Others","Rodney Waller","9e8ffdd6-c27a-f111-ab0f-7c1e525b15c2","LEGACY_DUPLICATE","why faith works for some and not for others rodney waller","2","NO"
"When Zuri Came to Earth","Gwendolyn Rucker-Carr","900464ec-b389-f111-ab10-7c1e525b15c2","LEGACY_DUPLICATE","when zuri came to earth gwendolyn rucker carr","2","NO"
"Warriors and Angels","Shelley McIntosh","d9f603d3-c27a-f111-ab0f-000d3a14673b","LEGACY_DUPLICATE","warriors and angels shelley mcintosh","2","NO"
"What Goes up Must Come down Let's Face It","Carol Roye","192ac7e9-b389-f111-ab10-000d3a9eacee","LEGACY_DUPLICATE","what goes up must come down let s face it carol roye","2","NO"
"When a Thug Meets Jesus","Mack Hughley","9a4b00d4-c27a-f111-ab0f-00224820105b","LEGACY_DUPLICATE","when thug meets jesus mack hughley","2","NO"
"Warriors and Angels","Shelley McIntosh","676290ea-b389-f111-ab10-6045bdd69678","LEGACY_DUPLICATE","warriors and angels shelley mcintosh","2","NO"
"When a Thug Meets Jesus","Mack Hughley","6c6290ea-b389-f111-ab10-6045bdd69678","LEGACY_DUPLICATE","when thug meets jesus mack hughley","2","NO"
"Warrior's Breed","Dean Wilson","935f72d0-c27a-f111-ab0f-6045bdd69738","LEGACY_DUPLICATE","warrior s breed dean wilson","2","NO"
"When Zuri Came to Earth","Gwendolyn Rucker-Carr","65137ed6-c27a-f111-ab0f-6045bdd69738","LEGACY_DUPLICATE","when zuri came to earth gwendolyn rucker carr","2","NO"
"What Goes Up Must Come Down Let's Face It","Carol Roye","810464ec-b389-f111-ab10-7c1e525b15c2","LEGACY_DUPLICATE","what goes up must come down let s face it carol roye","2","NO"
"Uncomfortable Conversations with God","Leslie Banks","c9f603d3-c27a-f111-ab0f-000d3a14673b","LEGACY_DUPLICATE","uncomfortable conversations with god leslie banks","2","NO"
"War Mother","Winter Dockery","128ce1e6-b389-f111-ab10-000d3a14673b","LEGACY_DUPLICATE","war mother winter dockery","2","NO"
"Understanding the Misunderstood","Tia Benincase","172ac7e9-b389-f111-ab10-000d3a9eacee","LEGACY_DUPLICATE","understanding misunderstood tia benincase","2","NO"
"Understanding the Misunderstood","Tia Benincase","994b00d4-c27a-f111-ab0f-00224820105b","LEGACY_DUPLICATE","understanding misunderstood tia benincase","2","NO"
"Warrior's Breed","Dean Wilson","fec27b7a-cc7a-f111-ab0f-6045bdd69435","LEGACY_DUPLICATE","warrior s breed dean wilson","2","NO"
"Uncomfortable Conversations with God","Leslie Banks","22c2cae9-b389-f111-ab10-6045bdd69435","LEGACY_DUPLICATE","uncomfortable conversations with god leslie banks","2","NO"
"The Sun, the Shadow, and the Silence","Devin Gilchrest","426290ea-b389-f111-ab10-6045bdd69678","LEGACY_DUPLICATE","sun shadow and silence devin gilchrest","2","NO"
"War Mother","Winter Dockery","9d8ffdd6-c27a-f111-ab0f-7c1e525b15c2","LEGACY_DUPLICATE","war mother winter dockery","2","NO"
"The Release of the Spirit","Lyle Goddard","d7f603d3-c27a-f111-ab0f-000d3a14673b","LEGACY_DUPLICATE","release of spirit lyle goddard","2","NO"
"The Release of the Spirit","Lyle Goddard","118ce1e6-b389-f111-ab10-000d3a14673b","LEGACY_DUPLICATE","release of spirit lyle goddard","2","NO"
"The Shift","Sean Crowley","112ac7e9-b389-f111-ab10-000d3a9eacee","LEGACY_DUPLICATE","shift sean crowley","2","NO"
"The Princess and the Black-eyed Pea","Deborah Eiland","9f8fefe6-b389-f111-ab10-00224820105b","LEGACY_DUPLICATE","princess and black eyed pea deborah eiland","3","NO"
"The Princess and the Black-eyed Pea","Deborah Eiland","16c2cae9-b389-f111-ab10-6045bdd69435","LEGACY_DUPLICATE","princess and black eyed pea deborah eiland","3","NO"
"The Sun, the Shadow, and the Silence","Devin Gilchrest","62137ed6-c27a-f111-ab0f-6045bdd69738","LEGACY_DUPLICATE","sun shadow and silence devin gilchrest","2","NO"
"The Shift","Sean Crowley","94c2a2e6-b389-f111-ab10-6045bdd69738","LEGACY_DUPLICATE","shift sean crowley","2","NO"
"The Messenger 2","Daphanny Baker","0e8ce1e6-b389-f111-ab10-000d3a14673b","LEGACY_DUPLICATE","messenger 2 daphanny baker","2","NO"
"The Never Before Told Story of the Gelatin Monster","Shaniqua Williams","0f8ce1e6-b389-f111-ab10-000d3a14673b","LEGACY_DUPLICATE","never before told story of gelatin monster shaniqua williams","2","NO"
"The Paper Champ","Felix Catheline","07106fd3-c27a-f111-ab0f-6045bdd69435","LEGACY_DUPLICATE","paper champ felix catheline","2","NO"
"The Paper Champ","Felix Catheline","06c2cae9-b389-f111-ab10-6045bdd69435","LEGACY_DUPLICATE","paper champ felix catheline","2","NO"
"The Princess and the Black-Eyed Pea","Deborah Eiland","19e01ad3-c27a-f111-ab0f-6045bdd69678","LEGACY_DUPLICATE","princess and black eyed pea deborah eiland","3","NO"
"The Never Before Told Story of the Gelatin Monster","Shaniqua Williams","276290ea-b389-f111-ab10-6045bdd69678","LEGACY_DUPLICATE","never before told story of gelatin monster shaniqua williams","2","NO"
"The Messenger 2","Daphanny Baker","69137ed6-c27a-f111-ab0f-6045bdd69738","LEGACY_DUPLICATE","messenger 2 daphanny baker","2","NO"
"The Messenger","Daphanny Baker","bfe16ae6-b389-f111-ab10-7c1e525b15c2","LEGACY_DUPLICATE","messenger daphanny baker","2","NO"
"The Master's Piece","Sylvia Benson","c3f603d3-c27a-f111-ab0f-000d3a14673b","LEGACY_DUPLICATE","master s piece sylvia benson","3","NO"
"The Journey","Rosetta Perry","0b2ac7e9-b389-f111-ab10-000d3a9eacee","LEGACY_DUPLICATE","journey rosetta perry","2","NO"
"The Journey","Rosetta Perry","944b00d4-c27a-f111-ab0f-00224820105b","LEGACY_DUPLICATE","journey rosetta perry","2","NO"
"The Little Girl with the Plow!","Christina Chislom","978fefe6-b389-f111-ab10-00224820105b","LEGACY_DUPLICATE","little girl with plow christina chislom","2","NO"
"The Messenger","Daphanny Baker","930f6fd3-c27a-f111-ab0f-6045bdd69435","LEGACY_DUPLICATE","messenger daphanny baker","2","NO"
"The I Am in Me Part 2","Tekisha Wimbush","e9c1cae9-b389-f111-ab10-6045bdd69435","LEGACY_DUPLICATE","i am in me part 2 tekisha wimbush","2","NO"
"The Master's Piece","Sylvia Benson","733cd77a-cc7a-f111-ab0f-6045bdd69678","LEGACY_DUPLICATE","master s piece sylvia benson","3","NO"
"The Master's Piece","Sylvia Benson","92c2a2e6-b389-f111-ab10-6045bdd69738","LEGACY_DUPLICATE","master s piece sylvia benson","3","NO"
"The Little Girl with the Plow!","Christina Chislom","95e16ae6-b389-f111-ab10-7c1e525b15c2","LEGACY_DUPLICATE","little girl with plow christina chislom","2","NO"
"The Hood","Randall Beverly","c2f603d3-c27a-f111-ab0f-000d3a14673b","LEGACY_DUPLICATE","hood randall beverly","2","NO"
"The Healed Me","Maurche Reed","098ce1e6-b389-f111-ab10-000d3a14673b","LEGACY_DUPLICATE","healed me maurche reed","3","NO"
"The Healed Me","Maurche Reed","072ac7e9-b389-f111-ab10-000d3a9eacee","LEGACY_DUPLICATE","healed me maurche reed","3","NO"
"The I Am in Me","Tekisha Wimbush","968fefe6-b389-f111-ab10-00224820105b","LEGACY_DUPLICATE","i am in me tekisha wimbush","2","NO"
"The I Am in Me","Tekisha Wimbush","e8c1cae9-b389-f111-ab10-6045bdd69435","LEGACY_DUPLICATE","i am in me tekisha wimbush","2","NO"
"The Hood","Randall Beverly","176290ea-b389-f111-ab10-6045bdd69678","LEGACY_DUPLICATE","hood randall beverly","2","NO"
"The Healed Me","Maurche Reed","885f72d0-c27a-f111-ab0f-6045bdd69738","LEGACY_DUPLICATE","healed me maurche reed","3","NO"
"The I Am in Me Part 2","Tekisha Wimbush","8fc2a2e6-b389-f111-ab10-6045bdd69738","LEGACY_DUPLICATE","i am in me part 2 tekisha wimbush","2","NO"
"The Girl with the Ebony Locs and the Three Bears","Deborah Eiland","fe8be1e6-b389-f111-ab10-000d3a14673b","LEGACY_DUPLICATE","girl with ebony locs and three bears deborah eiland","2","NO"
"The Great Hair Restart","Karen Hill","038ce1e6-b389-f111-ab10-000d3a14673b","LEGACY_DUPLICATE","great hair restart karen hill","6","NO"
"The Great Hair Restart","Karen Hill","dfc1cae9-b389-f111-ab10-6045bdd69435","LEGACY_DUPLICATE","great hair restart karen hill","6","NO"
"The Great Hair Restart","Karen Hill","e0c1cae9-b389-f111-ab10-6045bdd69435","LEGACY_DUPLICATE","great hair restart karen hill","6","NO"
"The Girl with the Ebony Locs and the Three Bears","Deborah Eiland","17e01ad3-c27a-f111-ab0f-6045bdd69678","LEGACY_DUPLICATE","girl with ebony locs and three bears deborah eiland","2","NO"
"The Great Hair Restart","Karen Hill","8dc2a2e6-b389-f111-ab10-6045bdd69738","LEGACY_DUPLICATE","great hair restart karen hill","6","NO"
"The Great Hair Restart","Karen Hill","5d4797d0-c27a-f111-ab0f-7c1e525b15c2","LEGACY_DUPLICATE","great hair restart karen hill","6","NO"
"The Great Hair Restart","Karen Hill","28e16ae6-b389-f111-ab10-7c1e525b15c2","LEGACY_DUPLICATE","great hair restart karen hill","6","NO"
"The Flame","Dennis Brown","d6f603d3-c27a-f111-ab0f-000d3a14673b","LEGACY_DUPLICATE","flame dennis brown","2","NO"
"The Fight for the Promiseland","Cheryl Cook","fd8be1e6-b389-f111-ab10-000d3a14673b","LEGACY_DUPLICATE","fight for promiseland cheryl cook","2","NO"
"The Fight for the Promiseland","Cheryl Cook","c84b00d4-c27a-f111-ab0f-00224820105b","LEGACY_DUPLICATE","fight for promiseland cheryl cook","2","NO"
"The Doctrine of Last Things","Obadiah Harris","8d8fefe6-b389-f111-ab10-00224820105b","LEGACY_DUPLICATE","doctrine of last things obadiah harris","3","NO"
"The Essence of Life, Love Letters to Christ","Tracy Norris","8edea4e3-b389-f111-ab10-6045bdd69435","LEGACY_DUPLICATE","essence of life love letters to christ tracy norris","2","NO"
"The Doctrine of Last Things","Obadiah Harris","1fef73e4-b389-f111-ab10-6045bdd69678","LEGACY_DUPLICATE","doctrine of last things obadiah harris","3","NO"
"The Essence of Life, Love Letters to Christ","Tracy Norris","23ef73e4-b389-f111-ab10-6045bdd69678","LEGACY_DUPLICATE","essence of life love letters to christ tracy norris","2","NO"
"The Flame","Dennis Brown","8cc2a2e6-b389-f111-ab10-6045bdd69738","LEGACY_DUPLICATE","flame dennis brown","2","NO"
"The Conquest of Azenga","Iyorwuese Hagher","fc8be1e6-b389-f111-ab10-000d3a14673b","LEGACY_DUPLICATE","conquest of azenga iyorwuese hagher","3","NO"
"The Celestial Advantage","Obadiah Harris","cda6c7e3-b389-f111-ab10-000d3a9eacee","LEGACY_DUPLICATE","celestial advantage obadiah harris","3","NO"
"The Celestial Advantage","Obadiah Harris","cea6c7e3-b389-f111-ab10-000d3a9eacee","LEGACY_DUPLICATE","celestial advantage obadiah harris","3","NO"
"The Conquest of Azenga","Iyorwuese Hagher","c44b00d4-c27a-f111-ab0f-00224820105b","LEGACY_DUPLICATE","conquest of azenga iyorwuese hagher","3","NO"
"The Conquest of Azenga","Iyorwuese Hagher","8bdea4e3-b389-f111-ab10-6045bdd69435","LEGACY_DUPLICATE","conquest of azenga iyorwuese hagher","3","NO"
"The Celestial Advantage","Obadiah Harris","16e01ad3-c27a-f111-ab0f-6045bdd69678","LEGACY_DUPLICATE","celestial advantage obadiah harris","3","NO"
"Taylor Made","Will Harris","89c2a2e6-b389-f111-ab10-6045bdd69738","LEGACY_DUPLICATE","taylor made will harris","4","NO"
"Taylor Made","Will Harris","8b8fefe6-b389-f111-ab10-00224820105b","LEGACY_DUPLICATE","taylor made will harris","4","NO"
"Taylor Made","Will Harris","8c8fefe6-b389-f111-ab10-00224820105b","LEGACY_DUPLICATE","taylor made will harris","4","NO"
"Taylor Made","Will Harris","60137ed6-c27a-f111-ab0f-6045bdd69738","LEGACY_DUPLICATE","taylor made will harris","4","NO"
"Speech Therapy Works!","Cynthia Sloan","bff603d3-c27a-f111-ab0f-000d3a14673b","LEGACY_DUPLICATE","speech therapy works cynthia sloan","2","NO"
"SHE","M Darlene Carson","caa6c7e3-b389-f111-ab10-000d3a9eacee","LEGACY_DUPLICATE","she m darlene carson","2","NO"
"Speech Therapy Works!","Cynthia Sloan","8a8fefe6-b389-f111-ab10-00224820105b","LEGACY_DUPLICATE","speech therapy works cynthia sloan","2","NO"
"Support Beyond the Cycle","Brandyn McElroy","89dea4e3-b389-f111-ab10-6045bdd69435","LEGACY_DUPLICATE","support beyond cycle brandyn mcelroy","2","NO"
"Support Beyond the Cycle","Brandyn McElroy","15e01ad3-c27a-f111-ab0f-6045bdd69678","LEGACY_DUPLICATE","support beyond cycle brandyn mcelroy","2","NO"
"Pieces of Me All Over the Place","Ashanti Flemister","f68be1e6-b389-f111-ab10-000d3a14673b","LEGACY_DUPLICATE","pieces of me all over place ashanti flemister","2","NO"
"Pretty Wings","Natasha Gilchrest","f78be1e6-b389-f111-ab10-000d3a14673b","LEGACY_DUPLICATE","pretty wings natasha gilchrest","2","NO"
"She","M Darlene Carson","f88be1e6-b389-f111-ab10-000d3a14673b","LEGACY_DUPLICATE","she m darlene carson","2","NO"
"Rhyming It up with Church Stuff","Juanita Travis","c7a6c7e3-b389-f111-ab10-000d3a9eacee","LEGACY_DUPLICATE","rhyming it up with church stuff juanita travis","2","NO"
"Pieces of Me All over the Place","Ashanti Flemister","f0084bcd-c27a-f111-ab0f-00224820105b","LEGACY_DUPLICATE","pieces of me all over place ashanti flemister","2","NO"
"Seasons of Life","Kurt Broadnax","b73274cd-c27a-f111-ab0f-6045bdd69435","LEGACY_DUPLICATE","seasons of life kurt broadnax","2","NO"
"Rhyming It up with Church Stuff","Juanita Travis","87c2a2e6-b389-f111-ab10-6045bdd69738","LEGACY_DUPLICATE","rhyming it up with church stuff juanita travis","2","NO"
"Seasons of Life","Kurt Broadnax","88c2a2e6-b389-f111-ab10-6045bdd69738","LEGACY_DUPLICATE","seasons of life kurt broadnax","2","NO"
"Pretty Wings","Natasha Gilchrest","52e06ae6-b389-f111-ab10-7c1e525b15c2","LEGACY_DUPLICATE","pretty wings natasha gilchrest","2","NO"
"Ordinary People Searching for Greatness","Earline Neal","878fefe6-b389-f111-ab10-00224820105b","LEGACY_DUPLICATE","ordinary people searching for greatness earline neal","3","NO"
"Ordinary People Searching for Greatness","Earline Neal","83dea4e3-b389-f111-ab10-6045bdd69435","LEGACY_DUPLICATE","ordinary people searching for greatness earline neal","3","NO"
"Peaches Can Do It!","Daphanny Baker","4be01ad3-c27a-f111-ab0f-6045bdd69678","LEGACY_DUPLICATE","peaches can do it daphanny baker","2","NO"
"One Soul","Veronica Brown","0cef73e4-b389-f111-ab10-6045bdd69678","LEGACY_DUPLICATE","one soul veronica brown","2","NO"
"Peaches Can Do It!","Daphanny Baker","10ef73e4-b389-f111-ab10-6045bdd69678","LEGACY_DUPLICATE","peaches can do it daphanny baker","2","NO"
"Ordinary People Searching for Greatness","Earline Neal","5c4797d0-c27a-f111-ab0f-7c1e525b15c2","LEGACY_DUPLICATE","ordinary people searching for greatness earline neal","3","NO"
"Number 23 and Me","Wayne Pounds","f58be1e6-b389-f111-ab10-000d3a14673b","LEGACY_DUPLICATE","number 23 and me wayne pounds","2","NO"
"Never Give Up On Love","Pamela Smith","bfa6c7e3-b389-f111-ab10-000d3a9eacee","LEGACY_DUPLICATE","never give up on love pamela smith","2","NO"
"Never Give up on Love","Pamela Smith","9e3274cd-c27a-f111-ab0f-6045bdd69435","LEGACY_DUPLICATE","never give up on love pamela smith","2","NO"
"Number 23 and Me","Wayne Pounds","865f72d0-c27a-f111-ab0f-6045bdd69738","LEGACY_DUPLICATE","number 23 and me wayne pounds","2","NO"
"One Soul","Veronica Brown","5b4797d0-c27a-f111-ab0f-7c1e525b15c2","LEGACY_DUPLICATE","one soul veronica brown","2","NO"
"My ABC's","Christy Grogg","d5084bcd-c27a-f111-ab0f-00224820105b","LEGACY_DUPLICATE","my abc s christy grogg","2","NO"
"Naughty Tales","Jaylonna Stevette","a05f72d0-c27a-f111-ab0f-6045bdd69738","LEGACY_DUPLICATE","naughty tales jaylonna stevette","2","NO"
"Music Ministry Unplugged","Will Harris","67137ed6-c27a-f111-ab0f-6045bdd69738","LEGACY_DUPLICATE","music ministry unplugged will harris","2","NO"
"Music Ministry Unplugged","Will Harris","82c2a2e6-b389-f111-ab10-6045bdd69738","LEGACY_DUPLICATE","music ministry unplugged will harris","2","NO"
"Naughty Tales","Jaylonna Stevette","83c2a2e6-b389-f111-ab10-6045bdd69738","LEGACY_DUPLICATE","naughty tales jaylonna stevette","2","NO"
"My ABC's","Christy Grogg","d6df6ae6-b389-f111-ab10-7c1e525b15c2","LEGACY_DUPLICATE","my abc s christy grogg","2","NO"
"More Than a Village","Carolyn Booker-Pierce","d4f603d3-c27a-f111-ab0f-000d3a14673b","LEGACY_DUPLICATE","more than village carolyn booker pierce","2","NO"
"Mirror of Refining Insight","Marvin Grayson","f48be1e6-b389-f111-ab10-000d3a14673b","LEGACY_DUPLICATE","mirror of refining insight marvin grayson","3","NO"
"Memoir of a Black Christian Nationalist","Shelley McIntosh","bca6c7e3-b389-f111-ab10-000d3a9eacee","LEGACY_DUPLICATE","memoir of black christian nationalist shelley mcintosh","4","NO"
"More Than A Village","Carolyn Booker-Pierce","fdee73e4-b389-f111-ab10-6045bdd69678","LEGACY_DUPLICATE","more than village carolyn booker pierce","2","NO"
"Memoir of a Black Christian Nationalist","Shelley McIntosh","63a0a0e0-b389-f111-ab10-6045bdd69738","LEGACY_DUPLICATE","memoir of black christian nationalist shelley mcintosh","4","NO"
"Memoir of a Black Christian Nationalist","Shelley McIntosh","7fc2a2e6-b389-f111-ab10-6045bdd69738","LEGACY_DUPLICATE","memoir of black christian nationalist shelley mcintosh","4","NO"
"Mirror of Refining Insight","Marvin Grayson","594797d0-c27a-f111-ab0f-7c1e525b15c2","LEGACY_DUPLICATE","mirror of refining insight marvin grayson","3","NO"
"Mirror of Refining Insight","Marvin Grayson","a9df6ae6-b389-f111-ab10-7c1e525b15c2","LEGACY_DUPLICATE","mirror of refining insight marvin grayson","3","NO"
"Love of My Life","Thaddues Smith","9a1a04cd-c27a-f111-ab0f-000d3a14673b","LEGACY_DUPLICATE","love of my life thaddues smith","3","NO"
"Love of My Life","Thaddues Smith","474097e0-b389-f111-ab10-00224820105b","LEGACY_DUPLICATE","love of my life thaddues smith","3","NO"
"Love of My Life","Thaddues Smith","484097e0-b389-f111-ab10-00224820105b","LEGACY_DUPLICATE","love of my life thaddues smith","3","NO"
"Memoir of a Black Christian Nationalist","Shelley McIntosh","903274cd-c27a-f111-ab0f-6045bdd69435","LEGACY_DUPLICATE","memoir of black christian nationalist shelley mcintosh","4","NO"
"Loving the Addict","Carolyn Booker-Pierce","ec0f6fd3-c27a-f111-ab0f-6045bdd69435","LEGACY_DUPLICATE","loving addict carolyn booker pierce","2","NO"
"Melodies From Heaven","Bailery Cunningham","7edea4e3-b389-f111-ab10-6045bdd69435","LEGACY_DUPLICATE","melodies from heaven bailery cunningham","2","NO"
"Melodies from Heaven","Bailery Cunningham","f9ee73e4-b389-f111-ab10-6045bdd69678","LEGACY_DUPLICATE","melodies from heaven bailery cunningham","2","NO"
"Loving the Addict","Carolyn Booker-Pierce","955c72e0-b389-f111-ab10-7c1e525b15c2","LEGACY_DUPLICATE","loving addict carolyn booker pierce","2","NO"
"Love Lucy","Diane Johnson","991a04cd-c27a-f111-ab0f-000d3a14673b","LEGACY_DUPLICATE","love lucy diane johnson","2","NO"
"Life after Detour","Deanna Jones","b3084bcd-c27a-f111-ab0f-00224820105b","LEGACY_DUPLICATE","life after detour deanna jones","2","NO"
"Life After Detour","Deanna Jones","464097e0-b389-f111-ab10-00224820105b","LEGACY_DUPLICATE","life after detour deanna jones","2","NO"
"Let Me Tell You About It","Lisa Clark","6909d7cb-c27a-f111-ab0f-6045bdd69678","LEGACY_DUPLICATE","let me tell you about it lisa clark","2","NO"
"Love Is an Action Word","Kurt Broadnax","835f72d0-c27a-f111-ab0f-6045bdd69738","LEGACY_DUPLICATE","love is action word kurt broadnax","2","NO"
"Love Is An Action Word","Kurt Broadnax","62a0a0e0-b389-f111-ab10-6045bdd69738","LEGACY_DUPLICATE","love is action word kurt broadnax","2","NO"
"Let Me Tell You about It","Lisa Clark","665c72e0-b389-f111-ab10-7c1e525b15c2","LEGACY_DUPLICATE","let me tell you about it lisa clark","2","NO"
"Love Lucy","Diane Johnson","845c72e0-b389-f111-ab10-7c1e525b15c2","LEGACY_DUPLICATE","love lucy diane johnson","2","NO"
"Just What I Needed","Adrean Young","c27e1ee0-b389-f111-ab10-000d3a14673b","LEGACY_DUPLICATE","just what i needed adrean young","2","NO"
"Jewels by Lady J","Janet Stephens","b6a6c7e3-b389-f111-ab10-000d3a9eacee","LEGACY_DUPLICATE","jewels by lady j janet stephens","3","NO"
"Kingdom Equipment 101","Terry Stephens","aa084bcd-c27a-f111-ab0f-00224820105b","LEGACY_DUPLICATE","kingdom equipment 101 terry stephens","2","NO"
"Lady Daphanny's Altar","Daphanny Baker","ab084bcd-c27a-f111-ab0f-00224820105b","LEGACY_DUPLICATE","lady daphanny s altar daphanny baker","2","NO"
"Just What I Needed","Adrean Young","454097e0-b389-f111-ab10-00224820105b","LEGACY_DUPLICATE","just what i needed adrean young","2","NO"
"Jewels by Lady J","Janet Stephens","79dea4e3-b389-f111-ab10-6045bdd69435","LEGACY_DUPLICATE","jewels by lady j janet stephens","3","NO"
"Kingdom Equipment 101","Terry Stephens","7ddea4e3-b389-f111-ab10-6045bdd69435","LEGACY_DUPLICATE","kingdom equipment 101 terry stephens","2","NO"
"Lady Daphanny's Altar","Daphanny Baker","ecee73e4-b389-f111-ab10-6045bdd69678","LEGACY_DUPLICATE","lady daphanny s altar daphanny baker","2","NO"
"Inspirations from God","Edith Clay","971a04cd-c27a-f111-ab0f-000d3a14673b","LEGACY_DUPLICATE","inspirations from god edith clay","2","NO"
"Jalen Becomes a Big Brother","Deborah Eiland","c17e1ee0-b389-f111-ab10-000d3a14673b","LEGACY_DUPLICATE","jalen becomes big brother deborah eiland","3","NO"
"Jewels by Lady J","Janet Stephens","a5084bcd-c27a-f111-ab0f-00224820105b","LEGACY_DUPLICATE","jewels by lady j janet stephens","3","NO"
"Inner Peace Through Life's Storms","KD Heard","df0f6fd3-c27a-f111-ab0f-6045bdd69435","LEGACY_DUPLICATE","inner peace through life s storms kd heard","2","NO"
"Jalen Becomes a Big Brother","Deborah Eiland","26e01ad3-c27a-f111-ab0f-6045bdd69678","LEGACY_DUPLICATE","jalen becomes big brother deborah eiland","3","NO"
"Inner Peace Through Life's Storms","KD Heard","c0ee73e4-b389-f111-ab10-6045bdd69678","LEGACY_DUPLICATE","inner peace through life s storms kd heard","2","NO"
"Jalen Becomes a Big Brother","Deborah Eiland","c4ee73e4-b389-f111-ab10-6045bdd69678","LEGACY_DUPLICATE","jalen becomes big brother deborah eiland","3","NO"
"Inspirations from God","Edith Clay","61a0a0e0-b389-f111-ab10-6045bdd69738","LEGACY_DUPLICATE","inspirations from god edith clay","2","NO"
"Help God, I Am Sad","Cheryl Travis","bc7e1ee0-b389-f111-ab10-000d3a14673b","LEGACY_DUPLICATE","help god i am sad cheryl travis","2","NO"
"Hodge Podge of Life","Mildred Beard","bd7e1ee0-b389-f111-ab10-000d3a14673b","LEGACY_DUPLICATE","hodge podge of life mildred beard","2","NO"
"I Am My Worst Enemy!","Maurche Reed","bf7e1ee0-b389-f111-ab10-000d3a14673b","LEGACY_DUPLICATE","i am my worst enemy maurche reed","2","NO"
"Help God, I Am Lost","Cheryl Travis","b5a6c7e3-b389-f111-ab10-000d3a9eacee","LEGACY_DUPLICATE","help god i am lost cheryl travis","2","NO"
"I Am My Worst Enemy!","Maurche Reed","563274cd-c27a-f111-ab0f-6045bdd69435","LEGACY_DUPLICATE","i am my worst enemy maurche reed","2","NO"
"Hop, Hop, Hop","Tawana Mars","73dea4e3-b389-f111-ab10-6045bdd69435","LEGACY_DUPLICATE","hop hop hop tawana mars","2","NO"
"Help God, I Am Sad","Cheryl Travis","6509d7cb-c27a-f111-ab0f-6045bdd69678","LEGACY_DUPLICATE","help god i am sad cheryl travis","2","NO"
"Hodge Podge of Life","Mildred Beard","554797d0-c27a-f111-ab0f-7c1e525b15c2","LEGACY_DUPLICATE","hodge podge of life mildred beard","2","NO"
"Hop, Hop, Hop","Tawana Mars","1c5c72e0-b389-f111-ab10-7c1e525b15c2","LEGACY_DUPLICATE","hop hop hop tawana mars","2","NO"
"Help God, I Am Hurt","Cheryl Travis","b97e1ee0-b389-f111-ab10-000d3a14673b","LEGACY_DUPLICATE","help god i am hurt cheryl travis","2","NO"
"Help God, I Am Lonely","Cheryl Travis","b3a6c7e3-b389-f111-ab10-000d3a9eacee","LEGACY_DUPLICATE","help god i am lonely cheryl travis","2","NO"
"Help God, I Am Confused","Cheryl Travis","99064bcd-c27a-f111-ab0f-00224820105b","LEGACY_DUPLICATE","help god i am confused cheryl travis","2","NO"
"Help God, I Am Hurt","Cheryl Travis","343274cd-c27a-f111-ab0f-6045bdd69435","LEGACY_DUPLICATE","help god i am hurt cheryl travis","2","NO"
"Help God, I Am Lonely","Cheryl Travis","6409d7cb-c27a-f111-ab0f-6045bdd69678","LEGACY_DUPLICATE","help god i am lonely cheryl travis","2","NO"
"Help God, I Am Confused","Cheryl Travis","5ca0a0e0-b389-f111-ab10-6045bdd69738","LEGACY_DUPLICATE","help god i am confused cheryl travis","2","NO"
"Help God, I Am Lost","Cheryl Travis","9e8797ca-c27a-f111-ab0f-7c1e525b15c2","LEGACY_DUPLICATE","help god i am lost cheryl travis","2","NO"
"Help God, I Am Angry","Cheryl Travis","f05b72e0-b389-f111-ab10-7c1e525b15c2","LEGACY_DUPLICATE","help god i am angry cheryl travis","2","NO"
"Help God, I Am Afraid","Cheryl Travis","2a4097e0-b389-f111-ab10-00224820105b","LEGACY_DUPLICATE","help god i am afraid cheryl travis","2","NO"
"Help God, I Am Afraid","Cheryl Travis","293274cd-c27a-f111-ab0f-6045bdd69435","LEGACY_DUPLICATE","help god i am afraid cheryl travis","2","NO"
"Help God, I Am Angry","Cheryl Travis","6309d7cb-c27a-f111-ab0f-6045bdd69678","LEGACY_DUPLICATE","help god i am angry cheryl travis","2","NO"
"Help God, I Am - the Collection","Cheryl Travis","7b5f72d0-c27a-f111-ab0f-6045bdd69738","LEGACY_DUPLICATE","help god i am collection cheryl travis","2","NO"
"Have You Considered My Servant?","Jaylonna Stevette","624797d0-c27a-f111-ab0f-7c1e525b15c2","LEGACY_DUPLICATE","have you considered my servant jaylonna stevette","2","NO"
"Have You Considered My Servant?","Jaylonna Stevette","db5b72e0-b389-f111-ab10-7c1e525b15c2","LEGACY_DUPLICATE","have you considered my servant jaylonna stevette","2","NO"
"Help God, I Am - The Collection","Cheryl Travis","e55b72e0-b389-f111-ab10-7c1e525b15c2","LEGACY_DUPLICATE","help god i am collection cheryl travis","2","NO"
"God's Business Plan","Terry Stephens","82064bcd-c27a-f111-ab0f-00224820105b","LEGACY_DUPLICATE","god s business plan terry stephens","3","NO"
"Grandmothers Educating Minds","Toni Kleckley","294097e0-b389-f111-ab10-00224820105b","LEGACY_DUPLICATE","grandmothers educating minds toni kleckley","2","NO"
"God's Nudge","Tekisha Wimbush","1c3274cd-c27a-f111-ab0f-6045bdd69435","LEGACY_DUPLICATE","god s nudge tekisha wimbush","2","NO"
"God's Word for This World","Thomas Johnson","6b54a0dd-b389-f111-ab10-6045bdd69435","LEGACY_DUPLICATE","god s word for this world thomas johnson","2","NO"
"God’s Business Plan","Terry Stephens","57a0a0e0-b389-f111-ab10-6045bdd69738","LEGACY_DUPLICATE","god s business plan terry stephens","3","NO"
"God’s Business Plan","Terry Stephens","58a0a0e0-b389-f111-ab10-6045bdd69738","LEGACY_DUPLICATE","god s business plan terry stephens","3","NO"
"Grandmothers Educating Minds","Toni Kleckley","59a0a0e0-b389-f111-ab10-6045bdd69738","LEGACY_DUPLICATE","grandmothers educating minds toni kleckley","2","NO"
"God's Nudge","Tekisha Wimbush","7e000573-cc7a-f111-ab0f-7c1e525b15c2","LEGACY_DUPLICATE","god s nudge tekisha wimbush","2","NO"
"God's Word For This World","Thomas Johnson","cd5b72e0-b389-f111-ab10-7c1e525b15c2","LEGACY_DUPLICATE","god s word for this world thomas johnson","2","NO"
"Girl, Did You Know... ?","Kimberly Reeder","b34b00d4-c27a-f111-ab0f-00224820105b","LEGACY_DUPLICATE","girl did you know kimberly reeder","2","NO"
"From Stylist to CEO","Karen Hill","1d4097e0-b389-f111-ab10-00224820105b","LEGACY_DUPLICATE","from stylist to ceo karen hill","3","NO"
"Girl, Did You Know...?","Kimberly Reeder","1e4097e0-b389-f111-ab10-00224820105b","LEGACY_DUPLICATE","girl did you know kimberly reeder","2","NO"
"Girl, You're Not Crazy. You're Dealing With a Narcissist","Carolyn Booker-Pierce","6454a0dd-b389-f111-ab10-6045bdd69435","LEGACY_DUPLICATE","girl you re not crazy you re dealing with narcissist carolyn booker pierce","2","NO"
"Getting Back 2 Happy","Jaylonna Stevette","6109d7cb-c27a-f111-ab0f-6045bdd69678","LEGACY_DUPLICATE","getting back 2 happy jaylonna stevette","2","NO"
"Girl, You're Not Crazy. You're Dealing with a Narcissist","Carolyn Booker-Pierce","25e01ad3-c27a-f111-ab0f-6045bdd69678","LEGACY_DUPLICATE","girl you re not crazy you re dealing with narcissist carolyn booker pierce","2","NO"
"Getting Back 2 Happy","Jaylonna Stevette","a65b72e0-b389-f111-ab10-7c1e525b15c2","LEGACY_DUPLICATE","getting back 2 happy jaylonna stevette","2","NO"
"Focus, Trust, & Follow","Shana Byrd","921a04cd-c27a-f111-ab0f-000d3a14673b","LEGACY_DUPLICATE","focus trust follow shana byrd","2","NO"
"For What It's Worth","Kelli Milligan Stammen","b57e1ee0-b389-f111-ab10-000d3a14673b","LEGACY_DUPLICATE","for what it s worth kelli milligan stammen","2","NO"
"From Stylist to CEO","Karen Hill","b67e1ee0-b389-f111-ab10-000d3a14673b","LEGACY_DUPLICATE","from stylist to ceo karen hill","3","NO"
"Focus, Trust, & Follow","Shana Byrd","5154a0dd-b389-f111-ab10-6045bdd69435","LEGACY_DUPLICATE","focus trust follow shana byrd","2","NO"
"From Stylist to CEO","Karen Hill","24e01ad3-c27a-f111-ab0f-6045bdd69678","LEGACY_DUPLICATE","from stylist to ceo karen hill","3","NO"
"For What It's Worth","Kelli Milligan Stammen","958904ca-c27a-f111-ab0f-6045bdd69738","LEGACY_DUPLICATE","for what it s worth kelli milligan stammen","2","NO"
"Establishing Glory: The Praise and Worship Handbook","Jackie Smith, Jr.","56a0a0e0-b389-f111-ab10-6045bdd69738","LEGACY_DUPLICATE","establishing glory praise and worship handbook jackie smith jr","2","NO"
"Establishing Glory: The Praise and Worship Handbook","Jackie Smith, Jr.","b47e1ee0-b389-f111-ab10-000d3a14673b","LEGACY_DUPLICATE","establishing glory praise and worship handbook jackie smith jr","2","NO"
"Establishing Glory","Jackie Smith, Jr.","16dac7dd-b389-f111-ab10-000d3a9eacee","LEGACY_DUPLICATE","establishing glory jackie smith jr","9","NO"
"Establishing Glory 2","Jackie Smith, Jr.","174097e0-b389-f111-ab10-00224820105b","LEGACY_DUPLICATE","establishing glory 2 jackie smith jr","3","NO"
"Establishing Glory","Jackie Smith, Jr.","4554a0dd-b389-f111-ab10-6045bdd69435","LEGACY_DUPLICATE","establishing glory jackie smith jr","9","NO"
"Establishing Glory 2","Jackie Smith, Jr.","4654a0dd-b389-f111-ab10-6045bdd69435","LEGACY_DUPLICATE","establishing glory 2 jackie smith jr","3","NO"
"Establishing Glory 2","Jackie Smith, Jr.","299c7bde-b389-f111-ab10-6045bdd69678","LEGACY_DUPLICATE","establishing glory 2 jackie smith jr","3","NO"
"Establishing Glory 3","Jackie Smith, Jr.","2e9c7bde-b389-f111-ab10-6045bdd69678","LEGACY_DUPLICATE","establishing glory 3 jackie smith jr","3","NO"
"Establishing Glory 3","Jackie Smith, Jr.","a35b72e0-b389-f111-ab10-7c1e525b15c2","LEGACY_DUPLICATE","establishing glory 3 jackie smith jr","3","NO"
"Establishing Glory 3","Jackie Smith, Jr.","a45b72e0-b389-f111-ab10-7c1e525b15c2","LEGACY_DUPLICATE","establishing glory 3 jackie smith jr","3","NO"
"Divinely Inspired","Regina Scales","b27e1ee0-b389-f111-ab10-000d3a14673b","LEGACY_DUPLICATE","divinely inspired regina scales","3","NO"
"Establishing Glory","Jackie Smith, Jr.","b37e1ee0-b389-f111-ab10-000d3a14673b","LEGACY_DUPLICATE","establishing glory jackie smith jr","9","NO"
"Divinely Inspired","Regina Scales","15dac7dd-b389-f111-ab10-000d3a9eacee","LEGACY_DUPLICATE","divinely inspired regina scales","3","NO"
"Establishing Glory","Jackie Smith, Jr.","154097e0-b389-f111-ab10-00224820105b","LEGACY_DUPLICATE","establishing glory jackie smith jr","9","NO"
"Establishing Glory","Jackie Smith, Jr.","4454a0dd-b389-f111-ab10-6045bdd69435","LEGACY_DUPLICATE","establishing glory jackie smith jr","9","NO"
"Establishing Glory","Jackie Smith, Jr.","249c7bde-b389-f111-ab10-6045bdd69678","LEGACY_DUPLICATE","establishing glory jackie smith jr","9","NO"
"Establishing Glory","Jackie Smith, Jr.","54a0a0e0-b389-f111-ab10-6045bdd69738","LEGACY_DUPLICATE","establishing glory jackie smith jr","9","NO"
"Establishing Glory","Jackie Smith, Jr.","55a0a0e0-b389-f111-ab10-6045bdd69738","LEGACY_DUPLICATE","establishing glory jackie smith jr","9","NO"
"Establishing Glory","Jackie Smith, Jr.","9d5b72e0-b389-f111-ab10-7c1e525b15c2","LEGACY_DUPLICATE","establishing glory jackie smith jr","9","NO"
"Destined to Break the Curse","Sean Smith, Sr.","af7e1ee0-b389-f111-ab10-000d3a14673b","LEGACY_DUPLICATE","destined to break curse sean smith sr","2","NO"
"Discipline and Direction","Terry Stephens","b17e1ee0-b389-f111-ab10-000d3a14673b","LEGACY_DUPLICATE","discipline and direction terry stephens","2","NO"
"Discipline and Direction","Terry Stephens","80064bcd-c27a-f111-ab0f-00224820105b","LEGACY_DUPLICATE","discipline and direction terry stephens","2","NO"
"Destined to Break the Curse","Sean Smith, Sr.","9c4b00d4-c27a-f111-ab0f-00224820105b","LEGACY_DUPLICATE","destined to break curse sean smith sr","2","NO"
"Divinely Inspired","Regina Scales","cc4b00d4-c27a-f111-ab0f-00224820105b","LEGACY_DUPLICATE","divinely inspired regina scales","3","NO"
"Department of the Air Force: Mission Driven Leadership","USAF","3354a0dd-b389-f111-ab10-6045bdd69435","LEGACY_DUPLICATE","department of air force mission driven leadership usaf","2","NO"
"Destined To Break The Curse Devotional","Sean Smith, Sr.","3654a0dd-b389-f111-ab10-6045bdd69435","LEGACY_DUPLICATE","destined to break curse devotional sean smith sr","2","NO"
"Destined to Break the Curse Devotional","Sean Smith, Sr.","9b8797ca-c27a-f111-ab0f-7c1e525b15c2","LEGACY_DUPLICATE","destined to break curse devotional sean smith sr","2","NO"
"Delicious Ideas!","Agape International Cathedral","ba0402da-b389-f111-ab10-000d3a14673b","LEGACY_DUPLICATE","delicious ideas agape international cathedral","3","NO"
"Damaged","Lisa Taylor","0cdac7dd-b389-f111-ab10-000d3a9eacee","LEGACY_DUPLICATE","damaged lisa taylor","2","NO"
"Conquer Your Fears and Win","Gloria Patterson","943582da-b389-f111-ab10-00224820105b","LEGACY_DUPLICATE","conquer your fears and win gloria patterson","3","NO"
"Delicious Ideas!","Agape International Cathedral","c70f6fd3-c27a-f111-ab0f-6045bdd69435","LEGACY_DUPLICATE","delicious ideas agape international cathedral","3","NO"
"Damaged","Lisa Taylor","33106fd3-c27a-f111-ab0f-6045bdd69435","LEGACY_DUPLICATE","damaged lisa taylor","2","NO"
"Department of the Air Force Mission Driven Leadership","USAF","3154a0dd-b389-f111-ab10-6045bdd69435","LEGACY_DUPLICATE","department of air force mission driven leadership usaf","2","NO"
"Conquer Your Fears and Win","Gloria Patterson","139c7bde-b389-f111-ab10-6045bdd69678","LEGACY_DUPLICATE","conquer your fears and win gloria patterson","3","NO"
"Conquer Your Fears and Win","Gloria Patterson","9a8797ca-c27a-f111-ab0f-7c1e525b15c2","LEGACY_DUPLICATE","conquer your fears and win gloria patterson","3","NO"
"Delicious Ideas!","Agape International Cathedral","0a7e1ada-b389-f111-ab10-7c1e525b15c2","LEGACY_DUPLICATE","delicious ideas agape international cathedral","3","NO"
"Bodacious","Nathaniel Short","901a04cd-c27a-f111-ab0f-000d3a14673b","LEGACY_DUPLICATE","bodacious nathaniel short","2","NO"
"Connected!","Dennis Brown","911a04cd-c27a-f111-ab0f-000d3a14673b","LEGACY_DUPLICATE","connected dennis brown","2","NO"
"Bodacious","Nathaniel Short","07dac7dd-b389-f111-ab10-000d3a9eacee","LEGACY_DUPLICATE","bodacious nathaniel short","2","NO"
"Connected!","Dennis Brown","08dac7dd-b389-f111-ab10-000d3a9eacee","LEGACY_DUPLICATE","connected dennis brown","2","NO"
"Come Out of Hiding","Christina Chislom","933582da-b389-f111-ab10-00224820105b","LEGACY_DUPLICATE","come out of hiding christina chislom","2","NO"
"Biblical Prescriptions For Life's Troubles","Terry Stephens","569a11da-b389-f111-ab10-6045bdd69738","LEGACY_DUPLICATE","biblical prescriptions for life s troubles terry stephens","2","NO"
"Come Out of Hiding","Christina Chislom","057e1ada-b389-f111-ab10-7c1e525b15c2","LEGACY_DUPLICATE","come out of hiding christina chislom","2","NO"
"BEE Careful","Deborah Eiland","a60402da-b389-f111-ab10-000d3a14673b","LEGACY_DUPLICATE","bee careful deborah eiland","6","NO"
"BEE Careful","Deborah Eiland","04dac7dd-b389-f111-ab10-000d3a9eacee","LEGACY_DUPLICATE","bee careful deborah eiland","6","NO"
"BEE Careful","Deborah Eiland","06dac7dd-b389-f111-ab10-000d3a9eacee","LEGACY_DUPLICATE","bee careful deborah eiland","6","NO"
"BEE Careful","Deborah Eiland","079c7bde-b389-f111-ab10-6045bdd69678","LEGACY_DUPLICATE","bee careful deborah eiland","6","NO"
"Biblical Prescriptions for Life's Troubles","Terry Stephens","928904ca-c27a-f111-ab0f-6045bdd69738","LEGACY_DUPLICATE","biblical prescriptions for life s troubles terry stephens","2","NO"
"BEE Careful","Deborah Eiland","559a11da-b389-f111-ab10-6045bdd69738","LEGACY_DUPLICATE","bee careful deborah eiland","6","NO"
"BEE Careful","Deborah Eiland","998797ca-c27a-f111-ab0f-7c1e525b15c2","LEGACY_DUPLICATE","bee careful deborah eiland","6","NO"
"Because the Lord is My Shepherd","Carolyn Booker-Pierce","017e1ada-b389-f111-ab10-7c1e525b15c2","LEGACY_DUPLICATE","because lord is my shepherd carolyn booker pierce","2","NO"
"Almost Happy","Jaylonna Stevette","a00402da-b389-f111-ab10-000d3a14673b","LEGACY_DUPLICATE","almost happy jaylonna stevette","3","NO"
"Aligned!","Dennis Brown","7a064bcd-c27a-f111-ab0f-00224820105b","LEGACY_DUPLICATE","aligned dennis brown","2","NO"
"Almost Happy","Jaylonna Stevette","7b064bcd-c27a-f111-ab0f-00224820105b","LEGACY_DUPLICATE","almost happy jaylonna stevette","3","NO"
"Because the Lord Is My Shepherd","Carolyn Booker-Pierce","9b4b00d4-c27a-f111-ab0f-00224820105b","LEGACY_DUPLICATE","because lord is my shepherd carolyn booker pierce","2","NO"
"Aligned!","Dennis Brown","8c3582da-b389-f111-ab10-00224820105b","LEGACY_DUPLICATE","aligned dennis brown","2","NO"
"Are You Sure That You Are Ready?","Ericka Thornton","4009d7cb-c27a-f111-ab0f-6045bdd69678","LEGACY_DUPLICATE","are you sure that you are ready ericka thornton","2","NO"
"According to Mark","Alice Pryor","509a11da-b389-f111-ab10-6045bdd69738","LEGACY_DUPLICATE","according to mark alice pryor","3","NO"
"Almost Happy","Jaylonna Stevette","539a11da-b389-f111-ab10-6045bdd69738","LEGACY_DUPLICATE","almost happy jaylonna stevette","3","NO"
"Are You Sure That You Are Ready?","Ericka Thornton","549a11da-b389-f111-ab10-6045bdd69738","LEGACY_DUPLICATE","are you sure that you are ready ericka thornton","2","NO"
"A Truebies Guide, Part 1","Alesia Corpening","11d2c5d7-b389-f111-ab10-000d3a9eacee","LEGACY_DUPLICATE","truebies guide part 1 alesia corpening","2","NO"
"A Truebies Guide, Part 2","Alesia Corpening","2554a0dd-b389-f111-ab10-6045bdd69435","LEGACY_DUPLICATE","truebies guide part 2 alesia corpening","2","NO"
"According to Mark","Alice Pryor","2754a0dd-b389-f111-ab10-6045bdd69435","LEGACY_DUPLICATE","according to mark alice pryor","3","NO"
"A Truebies Guide, Part 1","Alesia Corpening","aee382d8-b389-f111-ab10-6045bdd69678","LEGACY_DUPLICATE","truebies guide part 1 alesia corpening","2","NO"
"A Truebies Guide, Part 2","Alesia Corpening","afe382d8-b389-f111-ab10-6045bdd69678","LEGACY_DUPLICATE","truebies guide part 2 alesia corpening","2","NO"
"Abortion!","Carolyn Booker-Pierce","614797d0-c27a-f111-ab0f-7c1e525b15c2","LEGACY_DUPLICATE","abortion carolyn booker pierce","2","NO"
"Abortion!","Carolyn Booker-Pierce","f67d1ada-b389-f111-ab10-7c1e525b15c2","LEGACY_DUPLICATE","abortion carolyn booker pierce","2","NO"
"According to Mark","Alice Pryor","f87d1ada-b389-f111-ab10-7c1e525b15c2","LEGACY_DUPLICATE","according to mark alice pryor","3","NO"
"A Principal's Tale","Shelley McIntosh","841a04cd-c27a-f111-ab0f-000d3a14673b","LEGACY_DUPLICATE","principal s tale shelley mcintosh","2","NO"
"A Portrait of Paradise","Iyorwuese Hagher","c74b00d4-c27a-f111-ab0f-00224820105b","LEGACY_DUPLICATE","portrait of paradise iyorwuese hagher","3","NO"
"A Little Bit of Everything","Eryonna Barrino","a3e382d8-b389-f111-ab10-6045bdd69678","LEGACY_DUPLICATE","little bit of everything eryonna barrino","2","NO"
"A Portrait of Paradise","Iyorwuese Hagher","a8e382d8-b389-f111-ab10-6045bdd69678","LEGACY_DUPLICATE","portrait of paradise iyorwuese hagher","3","NO"
"A Principal's Tale","Shelley McIntosh","abe382d8-b389-f111-ab10-6045bdd69678","LEGACY_DUPLICATE","principal s tale shelley mcintosh","2","NO"
"A Portrait of Paradise","Iyorwuese Hagher","f57d1ada-b389-f111-ab10-7c1e525b15c2","LEGACY_DUPLICATE","portrait of paradise iyorwuese hagher","3","NO"
"365 Days of Transparency","Daphanny Baker","69b21fc6-c27a-f111-ab0f-000d3a14673b","LEGACY_DUPLICATE","365 days of transparency daphanny baker","2","NO"
"7 Step Jumpstart to Becoming Your Best Self","Ericka Johnson Settles","8e0402da-b389-f111-ab10-000d3a14673b","LEGACY_DUPLICATE","7 step jumpstart to becoming your best self ericka johnson settles","3","NO"
"365 Days Of Transparency","Daphanny Baker","dee69bd7-b389-f111-ab10-6045bdd69435","LEGACY_DUPLICATE","365 days of transparency daphanny baker","2","NO"
"7 Step Jumpstart to Becoming Your Best Self","Ericka Johnson-Settles","3e09d7cb-c27a-f111-ab0f-6045bdd69678","LEGACY_DUPLICATE","7 step jumpstart to becoming your best self ericka johnson settles","3","NO"
"A Little Bit of Everything","Eryonna Barrino","9fe382d8-b389-f111-ab10-6045bdd69678","LEGACY_DUPLICATE","little bit of everything eryonna barrino","2","NO"
"A Blended Family","Shecara Norris","6f8904ca-c27a-f111-ab0f-6045bdd69738","LEGACY_DUPLICATE","blended family shecara norris","3","NO"
"7 Step Jumpstart to Becoming Your Best Self","Ericka Johnson Settles","4a9a11da-b389-f111-ab10-6045bdd69738","LEGACY_DUPLICATE","7 step jumpstart to becoming your best self ericka johnson settles","3","NO"
"A Blended Family","Shecara Norris","4b9a11da-b389-f111-ab10-6045bdd69738","LEGACY_DUPLICATE","blended family shecara norris","3","NO"
"A Blended Family","Shecara Norris","f47d1ada-b389-f111-ab10-7c1e525b15c2","LEGACY_DUPLICATE","blended family shecara norris","3","NO"
"27 Days to Overcoming Depression","Donjia Walls","d0f603d3-c27a-f111-ab0f-000d3a14673b","LEGACY_DUPLICATE","27 days to overcoming depression donjia walls","2","NO"
"100 Wisdom Lessons for Life and Living","J Derrick Johnson","fad1c5d7-b389-f111-ab10-000d3a9eacee","LEGACY_DUPLICATE","100 wisdom lessons for life and living j derrick johnson","4","NO"
"100 Wisdom Lessons for Life and Living","J Derrick Johnson","863582da-b389-f111-ab10-00224820105b","LEGACY_DUPLICATE","100 wisdom lessons for life and living j derrick johnson","4","NO"
"100 Wisdom Lessons for Life and Living","J Derrick Johnson","bfe69bd7-b389-f111-ab10-6045bdd69435","LEGACY_DUPLICATE","100 wisdom lessons for life and living j derrick johnson","4","NO"
"27 Days to Overcoming Depression","Donjia Walls","d8e69bd7-b389-f111-ab10-6045bdd69435","LEGACY_DUPLICATE","27 days to overcoming depression donjia walls","2","NO"
"100 Wisdom Lessons for Life and Living","J Derrick Johnson","833582da-b389-f111-ab10-00224820105b","LEGACY_DUPLICATE","100 wisdom lessons for life and living j derrick johnson","4","NO"
"God’s Word For This World","Thomas Johnson, Sr.","c2ed8074-cc7a-f111-ab0f-6045bdd69435","LEGACY_DUPLICATE","god s word for this world thomas johnson sr","2","NO"
"God's Word For This World","Thomas Johnson, Sr.","6209d7cb-c27a-f111-ab0f-6045bdd69678","LEGACY_DUPLICATE","god s word for this world thomas johnson sr","2","NO"
"The Doctrine of the Last Things","Obadiah Harris","d13274cd-c27a-f111-ab0f-6045bdd69435","LEGACY_DUPLICATE","doctrine of last things obadiah harris","3","NO"
"Untitled","","5aee90b0-9730-f111-88b4-6045bdd69738","LEGACY_DUPLICATE","untitled","2","NO"
"Untitled","","9eb5559c-9630-f111-88b4-7c1e525b15c2","LEGACY_DUPLICATE","untitled","2","NO"
