"Title / Working Title","Author Public/Pen Name","LifecycleContext","OperationallyActive","PortalWorkspaceState","Flags"
"'TIL DEATH DO US PART","Jackie Smith, Jr.","ACTIVE_EDITORIAL","YES","Workspace required now: YES; Identity exists: YES; Provisioned: workspace evidence present; URL redacted; Activated/login proven: NO; CTA/access mismatch: REVIEW_REQUIRED",""
"Indomitable Indomitable Escaping Witchcraft and Finding My Identity in Christ","Quanisha Dockery","EDITORIAL_REVIEW","YES","Workspace required now: NO_OR_OPTIONAL; Identity exists: YES; Provisioned: workspace evidence present; URL redacted; Activated/login proven: NO; CTA/access mismatch: NO_EVIDENCE",""
"Girl, You’re Not Crazy You’re Dealing With a Narcissist","Carolyn Pierce","EDITORIAL_REVIEW","YES","Workspace required now: NO_OR_OPTIONAL; Identity exists: YES; Provisioned: workspace evidence present; URL redacted; Activated/login proven: NO; CTA/access mismatch: NO_EVIDENCE",""
"Untitled","Atta Boateng","WAITING_PACKAGE_SELECTION","YES","Workspace required now: NO_OR_OPTIONAL; Identity exists: YES; Provisioned: workspace evidence present; URL redacted; Activated/login proven: NO; CTA/access mismatch: NO_EVIDENCE",""
"The Long Watch","Jackie Smith, Jr.","ACTIVE_EDITORIAL","YES","Workspace required now: NO_OR_OPTIONAL; Identity exists: YES; Provisioned: workspace evidence not confirmed; Activated/login proven: NO; CTA/access mismatch: NO_EVIDENCE","STALLED_JMP_OWNED"
"The Long Watch","Jackie Smith, Jr.","ACTIVE_EDITORIAL","YES","Workspace required now: NO_OR_OPTIONAL; Identity exists: YES; Provisioned: workspace evidence present; URL redacted; Activated/login proven: NO; CTA/access mismatch: NO_EVIDENCE","STALLED_JMP_OWNED"
"The General’s Will and Last Testament","Iyorwuese Hagher","ACTIVE_EDITORIAL","YES","Workspace required now: NO_OR_OPTIONAL; Identity exists: YES; Provisioned: workspace evidence present; URL redacted; Activated/login proven: NO; CTA/access mismatch: NO_EVIDENCE","STALLED_JMP_OWNED"
"Before You Were Born","Sean Crowley","EDITORIAL_REVIEW","YES","Workspace required now: NO_OR_OPTIONAL; Identity exists: YES; Provisioned: workspace evidence present; URL redacted; Activated/login proven: NO; CTA/access mismatch: NO_EVIDENCE","STALLED_JMP_OWNED"
"The Intentional Leader","Jackie Smith, jr.","ACTIVE_EDITORIAL","YES","Workspace required now: YES; Identity exists: YES; Provisioned: workspace evidence present; URL redacted; Activated/login proven: NO; CTA/access mismatch: REVIEW_REQUIRED",""
"The Intentional Leader","Jackie Smith, jr.","EDITORIAL_REVIEW","YES","Workspace required now: NO_OR_OPTIONAL; Identity exists: YES; Provisioned: workspace evidence present; URL redacted; Activated/login proven: NO; CTA/access mismatch: NO_EVIDENCE","STALLED_JMP_OWNED"
"The Intentional Leader","Jackie Smith, jr.","EDITORIAL_REVIEW","YES","Workspace required now: NO_OR_OPTIONAL; Identity exists: YES; Provisioned: workspace evidence not confirmed; Activated/login proven: NO; CTA/access mismatch: NO_EVIDENCE","STALLED_JMP_OWNED"
"The Long Watch","Jackie Smith Jr","ACTIVE_EDITORIAL","YES","Workspace required now: NO_OR_OPTIONAL; Identity exists: YES; Provisioned: workspace evidence present; URL redacted; Activated/login proven: NO; CTA/access mismatch: NO_EVIDENCE","STALLED_JMP_OWNED"
"Establishing Glory: The Library","Jackie Smith, Jr.","ACTIVE_EDITORIAL","YES","Workspace required now: YES; Identity exists: YES; Provisioned: workspace evidence present; URL redacted; Activated/login proven: NO; CTA/access mismatch: REVIEW_REQUIRED","STALLED_JMP_OWNED"
"You're Still Not Crazy","Carolyn Booker-Pierce","RECONCILIATION_REQUIRED","NO","Workspace state not resolved from title-only row; reconciliation required if external action is active.","RECONCILIATION_REQUIRED"
"Your brain has too much what, mommy??","Essence Easley","RECONCILIATION_REQUIRED","NO","Workspace state not resolved from title-only row; reconciliation required if external action is active.","RECONCILIATION_REQUIRED"
"Your Brain Has Too Much What, Mommy??","Essence Easley","RECONCILIATION_REQUIRED","NO","Workspace state not resolved from title-only row; reconciliation required if external action is active.","RECONCILIATION_REQUIRED"
"Your Peace Is a Priority","Kiena Hughley","RECONCILIATION_REQUIRED","NO","Workspace state not resolved from title-only row; reconciliation required if external action is active.","RECONCILIATION_REQUIRED"
"Your Peace Is a Priority","Kiena Hughley","RECONCILIATION_REQUIRED","NO","Workspace state not resolved from title-only row; reconciliation required if external action is active.","RECONCILIATION_REQUIRED"
"Words of A Troubled Soul","David Williams","RECONCILIATION_REQUIRED","NO","Workspace state not resolved from title-only row; reconciliation required if external action is active.","RECONCILIATION_REQUIRED"
"You're Still Not Crazy","Carolyn Booker-Pierce","RECONCILIATION_REQUIRED","NO","Workspace state not resolved from title-only row; reconciliation required if external action is active.","RECONCILIATION_REQUIRED"
"Words of a Troubled Soul","David Williams","RECONCILIATION_REQUIRED","NO","Workspace state not resolved from title-only row; reconciliation required if external action is active.","RECONCILIATION_REQUIRED"
"Why Faith Works For Some And Not For Others","Rodney Waller","RECONCILIATION_REQUIRED","NO","Workspace state not resolved from title-only row; reconciliation required if external action is active.","RECONCILIATION_REQUIRED"
"Words of a Troubled Soul","David Williams","RECONCILIATION_REQUIRED","NO","Workspace state not resolved from title-only row; reconciliation required if external action is active.","RECONCILIATION_REQUIRED"
"Why Faith Works for Some and Not for Others","Rodney Waller","RECONCILIATION_REQUIRED","NO","Workspace state not resolved from title-only row; reconciliation required if external action is active.","RECONCILIATION_REQUIRED"
"When Zuri Came to Earth","Gwendolyn Rucker-Carr","RECONCILIATION_REQUIRED","NO","Workspace state not resolved from title-only row; reconciliation required if external action is active.","RECONCILIATION_REQUIRED"
"Warriors and Angels","Shelley McIntosh","RECONCILIATION_REQUIRED","NO","Workspace state not resolved from title-only row; reconciliation required if external action is active.","RECONCILIATION_REQUIRED"
"What Goes up Must Come down Let's Face It","Carol Roye","RECONCILIATION_REQUIRED","NO","Workspace state not resolved from title-only row; reconciliation required if external action is active.","RECONCILIATION_REQUIRED"
"When a Thug Meets Jesus","Mack Hughley","RECONCILIATION_REQUIRED","NO","Workspace state not resolved from title-only row; reconciliation required if external action is active.","RECONCILIATION_REQUIRED"
"Warriors and Angels","Shelley McIntosh","RECONCILIATION_REQUIRED","NO","Workspace state not resolved from title-only row; reconciliation required if external action is active.","RECONCILIATION_REQUIRED"
"When a Thug Meets Jesus","Mack Hughley","RECONCILIATION_REQUIRED","NO","Workspace state not resolved from title-only row; reconciliation required if external action is active.","RECONCILIATION_REQUIRED"
"Warrior's Breed","Dean Wilson","RECONCILIATION_REQUIRED","NO","Workspace state not resolved from title-only row; reconciliation required if external action is active.","RECONCILIATION_REQUIRED"
"When Zuri Came to Earth","Gwendolyn Rucker-Carr","RECONCILIATION_REQUIRED","NO","Workspace state not resolved from title-only row; reconciliation required if external action is active.","RECONCILIATION_REQUIRED"
"What Goes Up Must Come Down Let's Face It","Carol Roye","RECONCILIATION_REQUIRED","NO","Workspace state not resolved from title-only row; reconciliation required if external action is active.","RECONCILIATION_REQUIRED"
"Uncomfortable Conversations with God","Leslie Banks","RECONCILIATION_REQUIRED","NO","Workspace state not resolved from title-only row; reconciliation required if external action is active.","RECONCILIATION_REQUIRED"
"War Mother","Winter Dockery","RECONCILIATION_REQUIRED","NO","Workspace state not resolved from title-only row; reconciliation required if external action is active.","RECONCILIATION_REQUIRED"
"Understanding the Misunderstood","Tia Benincase","RECONCILIATION_REQUIRED","NO","Workspace state not resolved from title-only row; reconciliation required if external action is active.","RECONCILIATION_REQUIRED"
"Understanding the Misunderstood","Tia Benincase","RECONCILIATION_REQUIRED","NO","Workspace state not resolved from title-only row; reconciliation required if external action is active.","RECONCILIATION_REQUIRED"
"Warrior's Breed","Dean Wilson","RECONCILIATION_REQUIRED","NO","Workspace state not resolved from title-only row; reconciliation required if external action is active.","RECONCILIATION_REQUIRED"
"Uncomfortable Conversations with God","Leslie Banks","RECONCILIATION_REQUIRED","NO","Workspace state not resolved from title-only row; reconciliation required if external action is active.","RECONCILIATION_REQUIRED"
"The Sun, the Shadow, and the Silence","Devin Gilchrest","RECONCILIATION_REQUIRED","NO","Workspace state not resolved from title-only row; reconciliation required if external action is active.","RECONCILIATION_REQUIRED"
"War Mother","Winter Dockery","RECONCILIATION_REQUIRED","NO","Workspace state not resolved from title-only row; reconciliation required if external action is active.","RECONCILIATION_REQUIRED"
"The Release of the Spirit","Lyle Goddard","RECONCILIATION_REQUIRED","NO","Workspace state not resolved from title-only row; reconciliation required if external action is active.","RECONCILIATION_REQUIRED"
"The Release of the Spirit","Lyle Goddard","RECONCILIATION_REQUIRED","NO","Workspace state not resolved from title-only row; reconciliation required if external action is active.","RECONCILIATION_REQUIRED"
"The Shift","Sean Crowley","RECONCILIATION_REQUIRED","NO","Workspace state not resolved from title-only row; reconciliation required if external action is active.","RECONCILIATION_REQUIRED"
"The Princess and the Black-eyed Pea","Deborah Eiland","RECONCILIATION_REQUIRED","NO","Workspace state not resolved from title-only row; reconciliation required if external action is active.","RECONCILIATION_REQUIRED"
"The Princess and the Black-eyed Pea","Deborah Eiland","RECONCILIATION_REQUIRED","NO","Workspace state not resolved from title-only row; reconciliation required if external action is active.","RECONCILIATION_REQUIRED"
"The Sun, the Shadow, and the Silence","Devin Gilchrest","RECONCILIATION_REQUIRED","NO","Workspace state not resolved from title-only row; reconciliation required if external action is active.","RECONCILIATION_REQUIRED"
"The Shift","Sean Crowley","RECONCILIATION_REQUIRED","NO","Workspace state not resolved from title-only row; reconciliation required if external action is active.","RECONCILIATION_REQUIRED"
"The Messenger 2","Daphanny Baker","RECONCILIATION_REQUIRED","NO","Workspace state not resolved from title-only row; reconciliation required if external action is active.","RECONCILIATION_REQUIRED"
"The Never Before Told Story of the Gelatin Monster","Shaniqua Williams","RECONCILIATION_REQUIRED","NO","Workspace state not resolved from title-only row; reconciliation required if external action is active.","RECONCILIATION_REQUIRED"
"The Paper Champ","Felix Catheline","RECONCILIATION_REQUIRED","NO","Workspace state not resolved from title-only row; reconciliation required if external action is active.","RECONCILIATION_REQUIRED"
"The Paper Champ","Felix Catheline","RECONCILIATION_REQUIRED","NO","Workspace state not resolved from title-only row; reconciliation required if external action is active.","RECONCILIATION_REQUIRED"
"The Princess and the Black-Eyed Pea","Deborah Eiland","RECONCILIATION_REQUIRED","NO","Workspace state not resolved from title-only row; reconciliation required if external action is active.","RECONCILIATION_REQUIRED"
"The Never Before Told Story of the Gelatin Monster","Shaniqua Williams","RECONCILIATION_REQUIRED","NO","Workspace state not resolved from title-only row; reconciliation required if external action is active.","RECONCILIATION_REQUIRED"
"The Messenger 2","Daphanny Baker","RECONCILIATION_REQUIRED","NO","Workspace state not resolved from title-only row; reconciliation required if external action is active.","RECONCILIATION_REQUIRED"
"The Messenger","Daphanny Baker","RECONCILIATION_REQUIRED","NO","Workspace state not resolved from title-only row; reconciliation required if external action is active.","RECONCILIATION_REQUIRED"
"The Master's Piece","Sylvia Benson","RECONCILIATION_REQUIRED","NO","Workspace state not resolved from title-only row; reconciliation required if external action is active.","RECONCILIATION_REQUIRED"
"The Journey","Rosetta Perry","RECONCILIATION_REQUIRED","NO","Workspace state not resolved from title-only row; reconciliation required if external action is active.","RECONCILIATION_REQUIRED"
"The Journey","Rosetta Perry","RECONCILIATION_REQUIRED","NO","Workspace state not resolved from title-only row; reconciliation required if external action is active.","RECONCILIATION_REQUIRED"
"The Little Girl with the Plow!","Christina Chislom","RECONCILIATION_REQUIRED","NO","Workspace state not resolved from title-only row; reconciliation required if external action is active.","RECONCILIATION_REQUIRED"
"The Messenger","Daphanny Baker","RECONCILIATION_REQUIRED","NO","Workspace state not resolved from title-only row; reconciliation required if external action is active.","RECONCILIATION_REQUIRED"
"The I Am in Me Part 2","Tekisha Wimbush","RECONCILIATION_REQUIRED","NO","Workspace state not resolved from title-only row; reconciliation required if external action is active.","RECONCILIATION_REQUIRED"
"The Master's Piece","Sylvia Benson","RECONCILIATION_REQUIRED","NO","Workspace state not resolved from title-only row; reconciliation required if external action is active.","RECONCILIATION_REQUIRED"
"The Master's Piece","Sylvia Benson","RECONCILIATION_REQUIRED","NO","Workspace state not resolved from title-only row; reconciliation required if external action is active.","RECONCILIATION_REQUIRED"
"The Little Girl with the Plow!","Christina Chislom","RECONCILIATION_REQUIRED","NO","Workspace state not resolved from title-only row; reconciliation required if external action is active.","RECONCILIATION_REQUIRED"
"The Hood","Randall Beverly","RECONCILIATION_REQUIRED","NO","Workspace state not resolved from title-only row; reconciliation required if external action is active.","RECONCILIATION_REQUIRED"
"The Healed Me","Maurche Reed","RECONCILIATION_REQUIRED","NO","Workspace state not resolved from title-only row; reconciliation required if external action is active.","RECONCILIATION_REQUIRED"
"The Healed Me","Maurche Reed","RECONCILIATION_REQUIRED","NO","Workspace state not resolved from title-only row; reconciliation required if external action is active.","RECONCILIATION_REQUIRED"
"The I Am in Me","Tekisha Wimbush","RECONCILIATION_REQUIRED","NO","Workspace state not resolved from title-only row; reconciliation required if external action is active.","RECONCILIATION_REQUIRED"
"The I Am in Me","Tekisha Wimbush","RECONCILIATION_REQUIRED","NO","Workspace state not resolved from title-only row; reconciliation required if external action is active.","RECONCILIATION_REQUIRED"
"The Hood","Randall Beverly","RECONCILIATION_REQUIRED","NO","Workspace state not resolved from title-only row; reconciliation required if external action is active.","RECONCILIATION_REQUIRED"
"The Healed Me","Maurche Reed","RECONCILIATION_REQUIRED","NO","Workspace state not resolved from title-only row; reconciliation required if external action is active.","RECONCILIATION_REQUIRED"
"The I Am in Me Part 2","Tekisha Wimbush","RECONCILIATION_REQUIRED","NO","Workspace state not resolved from title-only row; reconciliation required if external action is active.","RECONCILIATION_REQUIRED"
"The Girl with the Ebony Locs and the Three Bears","Deborah Eiland","RECONCILIATION_REQUIRED","NO","Workspace state not resolved from title-only row; reconciliation required if external action is active.","RECONCILIATION_REQUIRED"
"The Great Hair Restart","Karen Hill","RECONCILIATION_REQUIRED","NO","Workspace state not resolved from title-only row; reconciliation required if external action is active.","RECONCILIATION_REQUIRED"
"The Great Hair Restart","Karen Hill","RECONCILIATION_REQUIRED","NO","Workspace state not resolved from title-only row; reconciliation required if external action is active.","RECONCILIATION_REQUIRED"
"The Great Hair Restart","Karen Hill","RECONCILIATION_REQUIRED","NO","Workspace state not resolved from title-only row; reconciliation required if external action is active.","RECONCILIATION_REQUIRED"
"The Girl with the Ebony Locs and the Three Bears","Deborah Eiland","RECONCILIATION_REQUIRED","NO","Workspace state not resolved from title-only row; reconciliation required if external action is active.","RECONCILIATION_REQUIRED"
"The Great Hair Restart","Karen Hill","RECONCILIATION_REQUIRED","NO","Workspace state not resolved from title-only row; reconciliation required if external action is active.","RECONCILIATION_REQUIRED"
"The Great Hair Restart","Karen Hill","RECONCILIATION_REQUIRED","NO","Workspace state not resolved from title-only row; reconciliation required if external action is active.","RECONCILIATION_REQUIRED"
"The Great Hair Restart","Karen Hill","RECONCILIATION_REQUIRED","NO","Workspace state not resolved from title-only row; reconciliation required if external action is active.","RECONCILIATION_REQUIRED"
"The Flame","Dennis Brown","RECONCILIATION_REQUIRED","NO","Workspace state not resolved from title-only row; reconciliation required if external action is active.","RECONCILIATION_REQUIRED"
"The Fight for the Promiseland","Cheryl Cook","RECONCILIATION_REQUIRED","NO","Workspace state not resolved from title-only row; reconciliation required if external action is active.","RECONCILIATION_REQUIRED"
"The Fight for the Promiseland","Cheryl Cook","RECONCILIATION_REQUIRED","NO","Workspace state not resolved from title-only row; reconciliation required if external action is active.","RECONCILIATION_REQUIRED"
"The Doctrine of Last Things","Obadiah Harris","RECONCILIATION_REQUIRED","NO","Workspace state not resolved from title-only row; reconciliation required if external action is active.","RECONCILIATION_REQUIRED"
"The Essence of Life, Love Letters to Christ","Tracy Norris","RECONCILIATION_REQUIRED","NO","Workspace state not resolved from title-only row; reconciliation required if external action is active.","RECONCILIATION_REQUIRED"
"The Doctrine of Last Things","Obadiah Harris","RECONCILIATION_REQUIRED","NO","Workspace state not resolved from title-only row; reconciliation required if external action is active.","RECONCILIATION_REQUIRED"
"The Essence of Life, Love Letters to Christ","Tracy Norris","RECONCILIATION_REQUIRED","NO","Workspace state not resolved from title-only row; reconciliation required if external action is active.","RECONCILIATION_REQUIRED"
"The Flame","Dennis Brown","RECONCILIATION_REQUIRED","NO","Workspace state not resolved from title-only row; reconciliation required if external action is active.","RECONCILIATION_REQUIRED"
"The Conquest of Azenga","Iyorwuese Hagher","RECONCILIATION_REQUIRED","NO","Workspace state not resolved from title-only row; reconciliation required if external action is active.","RECONCILIATION_REQUIRED"
"The Celestial Advantage","Obadiah Harris","RECONCILIATION_REQUIRED","NO","Workspace state not resolved from title-only row; reconciliation required if external action is active.","RECONCILIATION_REQUIRED"
"The Celestial Advantage","Obadiah Harris","RECONCILIATION_REQUIRED","NO","Workspace state not resolved from title-only row; reconciliation required if external action is active.","RECONCILIATION_REQUIRED"
"The Conquest of Azenga","Iyorwuese Hagher","RECONCILIATION_REQUIRED","NO","Workspace state not resolved from title-only row; reconciliation required if external action is active.","RECONCILIATION_REQUIRED"
"The Conquest of Azenga","Iyorwuese Hagher","RECONCILIATION_REQUIRED","NO","Workspace state not resolved from title-only row; reconciliation required if external action is active.","RECONCILIATION_REQUIRED"
"The Celestial Advantage","Obadiah Harris","RECONCILIATION_REQUIRED","NO","Workspace state not resolved from title-only row; reconciliation required if external action is active.","RECONCILIATION_REQUIRED"
"Taylor Made","Will Harris","RECONCILIATION_REQUIRED","NO","Workspace state not resolved from title-only row; reconciliation required if external action is active.","RECONCILIATION_REQUIRED"
"Taylor Made","Will Harris","RECONCILIATION_REQUIRED","NO","Workspace state not resolved from title-only row; reconciliation required if external action is active.","RECONCILIATION_REQUIRED"
"Taylor Made","Will Harris","RECONCILIATION_REQUIRED","NO","Workspace state not resolved from title-only row; reconciliation required if external action is active.","RECONCILIATION_REQUIRED"
"Taylor Made","Will Harris","RECONCILIATION_REQUIRED","NO","Workspace state not resolved from title-only row; reconciliation required if external action is active.","RECONCILIATION_REQUIRED"
"Speech Therapy Works!","Cynthia Sloan","RECONCILIATION_REQUIRED","NO","Workspace state not resolved from title-only row; reconciliation required if external action is active.","RECONCILIATION_REQUIRED"
"SHE","M Darlene Carson","RECONCILIATION_REQUIRED","NO","Workspace state not resolved from title-only row; reconciliation required if external action is active.","RECONCILIATION_REQUIRED"
"Speech Therapy Works!","Cynthia Sloan","RECONCILIATION_REQUIRED","NO","Workspace state not resolved from title-only row; reconciliation required if external action is active.","RECONCILIATION_REQUIRED"
"Support Beyond the Cycle","Brandyn McElroy","RECONCILIATION_REQUIRED","NO","Workspace state not resolved from title-only row; reconciliation required if external action is active.","RECONCILIATION_REQUIRED"
"Support Beyond the Cycle","Brandyn McElroy","RECONCILIATION_REQUIRED","NO","Workspace state not resolved from title-only row; reconciliation required if external action is active.","RECONCILIATION_REQUIRED"
"Pieces of Me All Over the Place","Ashanti Flemister","RECONCILIATION_REQUIRED","NO","Workspace state not resolved from title-only row; reconciliation required if external action is active.","RECONCILIATION_REQUIRED"
"Pretty Wings","Natasha Gilchrest","RECONCILIATION_REQUIRED","NO","Workspace state not resolved from title-only row; reconciliation required if external action is active.","RECONCILIATION_REQUIRED"
"She","M Darlene Carson","RECONCILIATION_REQUIRED","NO","Workspace state not resolved from title-only row; reconciliation required if external action is active.","RECONCILIATION_REQUIRED"
"Rhyming It up with Church Stuff","Juanita Travis","RECONCILIATION_REQUIRED","NO","Workspace state not resolved from title-only row; reconciliation required if external action is active.","RECONCILIATION_REQUIRED"
"Pieces of Me All over the Place","Ashanti Flemister","RECONCILIATION_REQUIRED","NO","Workspace state not resolved from title-only row; reconciliation required if external action is active.","RECONCILIATION_REQUIRED"
"Seasons of Life","Kurt Broadnax","RECONCILIATION_REQUIRED","NO","Workspace state not resolved from title-only row; reconciliation required if external action is active.","RECONCILIATION_REQUIRED"
"Rhyming It up with Church Stuff","Juanita Travis","RECONCILIATION_REQUIRED","NO","Workspace state not resolved from title-only row; reconciliation required if external action is active.","RECONCILIATION_REQUIRED"
"Seasons of Life","Kurt Broadnax","RECONCILIATION_REQUIRED","NO","Workspace state not resolved from title-only row; reconciliation required if external action is active.","RECONCILIATION_REQUIRED"
"Pretty Wings","Natasha Gilchrest","RECONCILIATION_REQUIRED","NO","Workspace state not resolved from title-only row; reconciliation required if external action is active.","RECONCILIATION_REQUIRED"
"Ordinary People Searching for Greatness","Earline Neal","RECONCILIATION_REQUIRED","NO","Workspace state not resolved from title-only row; reconciliation required if external action is active.","RECONCILIATION_REQUIRED"
"Ordinary People Searching for Greatness","Earline Neal","RECONCILIATION_REQUIRED","NO","Workspace state not resolved from title-only row; reconciliation required if external action is active.","RECONCILIATION_REQUIRED"
"Peaches Can Do It!","Daphanny Baker","RECONCILIATION_REQUIRED","NO","Workspace state not resolved from title-only row; reconciliation required if external action is active.","RECONCILIATION_REQUIRED"
"One Soul","Veronica Brown","RECONCILIATION_REQUIRED","NO","Workspace state not resolved from title-only row; reconciliation required if external action is active.","RECONCILIATION_REQUIRED"
"Peaches Can Do It!","Daphanny Baker","RECONCILIATION_REQUIRED","NO","Workspace state not resolved from title-only row; reconciliation required if external action is active.","RECONCILIATION_REQUIRED"
"Ordinary People Searching for Greatness","Earline Neal","RECONCILIATION_REQUIRED","NO","Workspace state not resolved from title-only row; reconciliation required if external action is active.","RECONCILIATION_REQUIRED"
"Number 23 and Me","Wayne Pounds","RECONCILIATION_REQUIRED","NO","Workspace state not resolved from title-only row; reconciliation required if external action is active.","RECONCILIATION_REQUIRED"
"Never Give Up On Love","Pamela Smith","RECONCILIATION_REQUIRED","NO","Workspace state not resolved from title-only row; reconciliation required if external action is active.","RECONCILIATION_REQUIRED"
"Never Give up on Love","Pamela Smith","RECONCILIATION_REQUIRED","NO","Workspace state not resolved from title-only row; reconciliation required if external action is active.","RECONCILIATION_REQUIRED"
"Number 23 and Me","Wayne Pounds","RECONCILIATION_REQUIRED","NO","Workspace state not resolved from title-only row; reconciliation required if external action is active.","RECONCILIATION_REQUIRED"
"One Soul","Veronica Brown","RECONCILIATION_REQUIRED","NO","Workspace state not resolved from title-only row; reconciliation required if external action is active.","RECONCILIATION_REQUIRED"
"My ABC's","Christy Grogg","RECONCILIATION_REQUIRED","NO","Workspace state not resolved from title-only row; reconciliation required if external action is active.","RECONCILIATION_REQUIRED"
"Naughty Tales","Jaylonna Stevette","RECONCILIATION_REQUIRED","NO","Workspace state not resolved from title-only row; reconciliation required if external action is active.","RECONCILIATION_REQUIRED"
"Music Ministry Unplugged","Will Harris","RECONCILIATION_REQUIRED","NO","Workspace state not resolved from title-only row; reconciliation required if external action is active.","RECONCILIATION_REQUIRED"
"Music Ministry Unplugged","Will Harris","RECONCILIATION_REQUIRED","NO","Workspace state not resolved from title-only row; reconciliation required if external action is active.","RECONCILIATION_REQUIRED"
"Naughty Tales","Jaylonna Stevette","RECONCILIATION_REQUIRED","NO","Workspace state not resolved from title-only row; reconciliation required if external action is active.","RECONCILIATION_REQUIRED"
"My ABC's","Christy Grogg","RECONCILIATION_REQUIRED","NO","Workspace state not resolved from title-only row; reconciliation required if external action is active.","RECONCILIATION_REQUIRED"
"More Than a Village","Carolyn Booker-Pierce","RECONCILIATION_REQUIRED","NO","Workspace state not resolved from title-only row; reconciliation required if external action is active.","RECONCILIATION_REQUIRED"
"Mirror of Refining Insight","Marvin Grayson","RECONCILIATION_REQUIRED","NO","Workspace state not resolved from title-only row; reconciliation required if external action is active.","RECONCILIATION_REQUIRED"
"Memoir of a Black Christian Nationalist","Shelley McIntosh","RECONCILIATION_REQUIRED","NO","Workspace state not resolved from title-only row; reconciliation required if external action is active.","RECONCILIATION_REQUIRED"
"More Than A Village","Carolyn Booker-Pierce","RECONCILIATION_REQUIRED","NO","Workspace state not resolved from title-only row; reconciliation required if external action is active.","RECONCILIATION_REQUIRED"
"Memoir of a Black Christian Nationalist","Shelley McIntosh","RECONCILIATION_REQUIRED","NO","Workspace state not resolved from title-only row; reconciliation required if external action is active.","RECONCILIATION_REQUIRED"
"Memoir of a Black Christian Nationalist","Shelley McIntosh","RECONCILIATION_REQUIRED","NO","Workspace state not resolved from title-only row; reconciliation required if external action is active.","RECONCILIATION_REQUIRED"
"Mirror of Refining Insight","Marvin Grayson","RECONCILIATION_REQUIRED","NO","Workspace state not resolved from title-only row; reconciliation required if external action is active.","RECONCILIATION_REQUIRED"
"Mirror of Refining Insight","Marvin Grayson","RECONCILIATION_REQUIRED","NO","Workspace state not resolved from title-only row; reconciliation required if external action is active.","RECONCILIATION_REQUIRED"
"Love of My Life","Thaddues Smith","RECONCILIATION_REQUIRED","NO","Workspace state not resolved from title-only row; reconciliation required if external action is active.","RECONCILIATION_REQUIRED"
"Love of My Life","Thaddues Smith","RECONCILIATION_REQUIRED","NO","Workspace state not resolved from title-only row; reconciliation required if external action is active.","RECONCILIATION_REQUIRED"
"Love of My Life","Thaddues Smith","RECONCILIATION_REQUIRED","NO","Workspace state not resolved from title-only row; reconciliation required if external action is active.","RECONCILIATION_REQUIRED"
"Memoir of a Black Christian Nationalist","Shelley McIntosh","RECONCILIATION_REQUIRED","NO","Workspace state not resolved from title-only row; reconciliation required if external action is active.","RECONCILIATION_REQUIRED"
"Loving the Addict","Carolyn Booker-Pierce","RECONCILIATION_REQUIRED","NO","Workspace state not resolved from title-only row; reconciliation required if external action is active.","RECONCILIATION_REQUIRED"
"Melodies From Heaven","Bailery Cunningham","RECONCILIATION_REQUIRED","NO","Workspace state not resolved from title-only row; reconciliation required if external action is active.","RECONCILIATION_REQUIRED"
"Melodies from Heaven","Bailery Cunningham","RECONCILIATION_REQUIRED","NO","Workspace state not resolved from title-only row; reconciliation required if external action is active.","RECONCILIATION_REQUIRED"
"Loving the Addict","Carolyn Booker-Pierce","RECONCILIATION_REQUIRED","NO","Workspace state not resolved from title-only row; reconciliation required if external action is active.","RECONCILIATION_REQUIRED"
"Love Lucy","Diane Johnson","RECONCILIATION_REQUIRED","NO","Workspace state not resolved from title-only row; reconciliation required if external action is active.","RECONCILIATION_REQUIRED"
"Life after Detour","Deanna Jones","RECONCILIATION_REQUIRED","NO","Workspace state not resolved from title-only row; reconciliation required if external action is active.","RECONCILIATION_REQUIRED"
"Life After Detour","Deanna Jones","RECONCILIATION_REQUIRED","NO","Workspace state not resolved from title-only row; reconciliation required if external action is active.","RECONCILIATION_REQUIRED"
"Let Me Tell You About It","Lisa Clark","RECONCILIATION_REQUIRED","NO","Workspace state not resolved from title-only row; reconciliation required if external action is active.","RECONCILIATION_REQUIRED"
"Love Is an Action Word","Kurt Broadnax","RECONCILIATION_REQUIRED","NO","Workspace state not resolved from title-only row; reconciliation required if external action is active.","RECONCILIATION_REQUIRED"
"Love Is An Action Word","Kurt Broadnax","RECONCILIATION_REQUIRED","NO","Workspace state not resolved from title-only row; reconciliation required if external action is active.","RECONCILIATION_REQUIRED"
"Let Me Tell You about It","Lisa Clark","RECONCILIATION_REQUIRED","NO","Workspace state not resolved from title-only row; reconciliation required if external action is active.","RECONCILIATION_REQUIRED"
"Love Lucy","Diane Johnson","RECONCILIATION_REQUIRED","NO","Workspace state not resolved from title-only row; reconciliation required if external action is active.","RECONCILIATION_REQUIRED"
"Just What I Needed","Adrean Young","RECONCILIATION_REQUIRED","NO","Workspace state not resolved from title-only row; reconciliation required if external action is active.","RECONCILIATION_REQUIRED"
"Jewels by Lady J","Janet Stephens","RECONCILIATION_REQUIRED","NO","Workspace state not resolved from title-only row; reconciliation required if external action is active.","RECONCILIATION_REQUIRED"
"Kingdom Equipment 101","Terry Stephens","RECONCILIATION_REQUIRED","NO","Workspace state not resolved from title-only row; reconciliation required if external action is active.","RECONCILIATION_REQUIRED"
"Lady Daphanny's Altar","Daphanny Baker","RECONCILIATION_REQUIRED","NO","Workspace state not resolved from title-only row; reconciliation required if external action is active.","RECONCILIATION_REQUIRED"
"Just What I Needed","Adrean Young","RECONCILIATION_REQUIRED","NO","Workspace state not resolved from title-only row; reconciliation required if external action is active.","RECONCILIATION_REQUIRED"
"Jewels by Lady J","Janet Stephens","RECONCILIATION_REQUIRED","NO","Workspace state not resolved from title-only row; reconciliation required if external action is active.","RECONCILIATION_REQUIRED"
"Kingdom Equipment 101","Terry Stephens","RECONCILIATION_REQUIRED","NO","Workspace state not resolved from title-only row; reconciliation required if external action is active.","RECONCILIATION_REQUIRED"
"Lady Daphanny's Altar","Daphanny Baker","RECONCILIATION_REQUIRED","NO","Workspace state not resolved from title-only row; reconciliation required if external action is active.","RECONCILIATION_REQUIRED"
"Inspirations from God","Edith Clay","RECONCILIATION_REQUIRED","NO","Workspace state not resolved from title-only row; reconciliation required if external action is active.","RECONCILIATION_REQUIRED"
"Jalen Becomes a Big Brother","Deborah Eiland","RECONCILIATION_REQUIRED","NO","Workspace state not resolved from title-only row; reconciliation required if external action is active.","RECONCILIATION_REQUIRED"
"Jewels by Lady J","Janet Stephens","RECONCILIATION_REQUIRED","NO","Workspace state not resolved from title-only row; reconciliation required if external action is active.","RECONCILIATION_REQUIRED"
"Inner Peace Through Life's Storms","KD Heard","RECONCILIATION_REQUIRED","NO","Workspace state not resolved from title-only row; reconciliation required if external action is active.","RECONCILIATION_REQUIRED"
"Jalen Becomes a Big Brother","Deborah Eiland","RECONCILIATION_REQUIRED","NO","Workspace state not resolved from title-only row; reconciliation required if external action is active.","RECONCILIATION_REQUIRED"
"Inner Peace Through Life's Storms","KD Heard","RECONCILIATION_REQUIRED","NO","Workspace state not resolved from title-only row; reconciliation required if external action is active.","RECONCILIATION_REQUIRED"
"Jalen Becomes a Big Brother","Deborah Eiland","RECONCILIATION_REQUIRED","NO","Workspace state not resolved from title-only row; reconciliation required if external action is active.","RECONCILIATION_REQUIRED"
"Inspirations from God","Edith Clay","RECONCILIATION_REQUIRED","NO","Workspace state not resolved from title-only row; reconciliation required if external action is active.","RECONCILIATION_REQUIRED"
"Help God, I Am Sad","Cheryl Travis","RECONCILIATION_REQUIRED","NO","Workspace state not resolved from title-only row; reconciliation required if external action is active.","RECONCILIATION_REQUIRED"
"Hodge Podge of Life","Mildred Beard","RECONCILIATION_REQUIRED","NO","Workspace state not resolved from title-only row; reconciliation required if external action is active.","RECONCILIATION_REQUIRED"
"I Am My Worst Enemy!","Maurche Reed","RECONCILIATION_REQUIRED","NO","Workspace state not resolved from title-only row; reconciliation required if external action is active.","RECONCILIATION_REQUIRED"
"Help God, I Am Lost","Cheryl Travis","RECONCILIATION_REQUIRED","NO","Workspace state not resolved from title-only row; reconciliation required if external action is active.","RECONCILIATION_REQUIRED"
"I Am My Worst Enemy!","Maurche Reed","RECONCILIATION_REQUIRED","NO","Workspace state not resolved from title-only row; reconciliation required if external action is active.","RECONCILIATION_REQUIRED"
"Hop, Hop, Hop","Tawana Mars","RECONCILIATION_REQUIRED","NO","Workspace state not resolved from title-only row; reconciliation required if external action is active.","RECONCILIATION_REQUIRED"
"Help God, I Am Sad","Cheryl Travis","RECONCILIATION_REQUIRED","NO","Workspace state not resolved from title-only row; reconciliation required if external action is active.","RECONCILIATION_REQUIRED"
"Hodge Podge of Life","Mildred Beard","RECONCILIATION_REQUIRED","NO","Workspace state not resolved from title-only row; reconciliation required if external action is active.","RECONCILIATION_REQUIRED"
"Hop, Hop, Hop","Tawana Mars","RECONCILIATION_REQUIRED","NO","Workspace state not resolved from title-only row; reconciliation required if external action is active.","RECONCILIATION_REQUIRED"
"Help God, I Am Hurt","Cheryl Travis","RECONCILIATION_REQUIRED","NO","Workspace state not resolved from title-only row; reconciliation required if external action is active.","RECONCILIATION_REQUIRED"
"Help God, I Am Lonely","Cheryl Travis","RECONCILIATION_REQUIRED","NO","Workspace state not resolved from title-only row; reconciliation required if external action is active.","RECONCILIATION_REQUIRED"
"Help God, I Am Confused","Cheryl Travis","RECONCILIATION_REQUIRED","NO","Workspace state not resolved from title-only row; reconciliation required if external action is active.","RECONCILIATION_REQUIRED"
"Help God, I Am Hurt","Cheryl Travis","RECONCILIATION_REQUIRED","NO","Workspace state not resolved from title-only row; reconciliation required if external action is active.","RECONCILIATION_REQUIRED"
"Help God, I Am Lonely","Cheryl Travis","RECONCILIATION_REQUIRED","NO","Workspace state not resolved from title-only row; reconciliation required if external action is active.","RECONCILIATION_REQUIRED"
"Help God, I Am Confused","Cheryl Travis","RECONCILIATION_REQUIRED","NO","Workspace state not resolved from title-only row; reconciliation required if external action is active.","RECONCILIATION_REQUIRED"
"Help God, I Am Lost","Cheryl Travis","RECONCILIATION_REQUIRED","NO","Workspace state not resolved from title-only row; reconciliation required if external action is active.","RECONCILIATION_REQUIRED"
"Help God, I Am Angry","Cheryl Travis","RECONCILIATION_REQUIRED","NO","Workspace state not resolved from title-only row; reconciliation required if external action is active.","RECONCILIATION_REQUIRED"
"Help God, I Am Afraid","Cheryl Travis","RECONCILIATION_REQUIRED","NO","Workspace state not resolved from title-only row; reconciliation required if external action is active.","RECONCILIATION_REQUIRED"
"Help God, I Am Afraid","Cheryl Travis","RECONCILIATION_REQUIRED","NO","Workspace state not resolved from title-only row; reconciliation required if external action is active.","RECONCILIATION_REQUIRED"
"Help God, I Am Angry","Cheryl Travis","RECONCILIATION_REQUIRED","NO","Workspace state not resolved from title-only row; reconciliation required if external action is active.","RECONCILIATION_REQUIRED"
"Help God, I Am - the Collection","Cheryl Travis","RECONCILIATION_REQUIRED","NO","Workspace state not resolved from title-only row; reconciliation required if external action is active.","RECONCILIATION_REQUIRED"
"Have You Considered My Servant?","Jaylonna Stevette","RECONCILIATION_REQUIRED","NO","Workspace state not resolved from title-only row; reconciliation required if external action is active.","RECONCILIATION_REQUIRED"
"Have You Considered My Servant?","Jaylonna Stevette","RECONCILIATION_REQUIRED","NO","Workspace state not resolved from title-only row; reconciliation required if external action is active.","RECONCILIATION_REQUIRED"
"Help God, I Am - The Collection","Cheryl Travis","RECONCILIATION_REQUIRED","NO","Workspace state not resolved from title-only row; reconciliation required if external action is active.","RECONCILIATION_REQUIRED"
"God's Business Plan","Terry Stephens","RECONCILIATION_REQUIRED","NO","Workspace state not resolved from title-only row; reconciliation required if external action is active.","RECONCILIATION_REQUIRED"
"Grandmothers Educating Minds","Toni Kleckley","RECONCILIATION_REQUIRED","NO","Workspace state not resolved from title-only row; reconciliation required if external action is active.","RECONCILIATION_REQUIRED"
"God's Nudge","Tekisha Wimbush","RECONCILIATION_REQUIRED","NO","Workspace state not resolved from title-only row; reconciliation required if external action is active.","RECONCILIATION_REQUIRED"
"God's Word for This World","Thomas Johnson","RECONCILIATION_REQUIRED","NO","Workspace state not resolved from title-only row; reconciliation required if external action is active.","RECONCILIATION_REQUIRED"
"God’s Business Plan","Terry Stephens","RECONCILIATION_REQUIRED","NO","Workspace state not resolved from title-only row; reconciliation required if external action is active.","RECONCILIATION_REQUIRED"
"God’s Business Plan","Terry Stephens","RECONCILIATION_REQUIRED","NO","Workspace state not resolved from title-only row; reconciliation required if external action is active.","RECONCILIATION_REQUIRED"
"Grandmothers Educating Minds","Toni Kleckley","RECONCILIATION_REQUIRED","NO","Workspace state not resolved from title-only row; reconciliation required if external action is active.","RECONCILIATION_REQUIRED"
"God's Nudge","Tekisha Wimbush","RECONCILIATION_REQUIRED","NO","Workspace state not resolved from title-only row; reconciliation required if external action is active.","RECONCILIATION_REQUIRED"
"God's Word For This World","Thomas Johnson","RECONCILIATION_REQUIRED","NO","Workspace state not resolved from title-only row; reconciliation required if external action is active.","RECONCILIATION_REQUIRED"
"Girl, Did You Know... ?","Kimberly Reeder","RECONCILIATION_REQUIRED","NO","Workspace state not resolved from title-only row; reconciliation required if external action is active.","RECONCILIATION_REQUIRED"
"From Stylist to CEO","Karen Hill","RECONCILIATION_REQUIRED","NO","Workspace state not resolved from title-only row; reconciliation required if external action is active.","RECONCILIATION_REQUIRED"
"Girl, Did You Know...?","Kimberly Reeder","RECONCILIATION_REQUIRED","NO","Workspace state not resolved from title-only row; reconciliation required if external action is active.","RECONCILIATION_REQUIRED"
"Getting Back 2 Happy: The Chronicles of Tabby (Unabridged)","Jaylonna Stevette","RECONCILIATION_REQUIRED","NO","Workspace state not resolved from title-only row; reconciliation required if external action is active.","RECONCILIATION_REQUIRED"
"Girl, You're Not Crazy. You're Dealing With a Narcissist","Carolyn Booker-Pierce","RECONCILIATION_REQUIRED","NO","Workspace state not resolved from title-only row; reconciliation required if external action is active.","RECONCILIATION_REQUIRED"
"Getting Back 2 Happy","Jaylonna Stevette","RECONCILIATION_REQUIRED","NO","Workspace state not resolved from title-only row; reconciliation required if external action is active.","RECONCILIATION_REQUIRED"
"Girl, You're Not Crazy. You're Dealing with a Narcissist","Carolyn Booker-Pierce","RECONCILIATION_REQUIRED","NO","Workspace state not resolved from title-only row; reconciliation required if external action is active.","RECONCILIATION_REQUIRED"
"Getting Back 2 Happy","Jaylonna Stevette","RECONCILIATION_REQUIRED","NO","Workspace state not resolved from title-only row; reconciliation required if external action is active.","RECONCILIATION_REQUIRED"
"Focus, Trust, & Follow","Shana Byrd","RECONCILIATION_REQUIRED","NO","Workspace state not resolved from title-only row; reconciliation required if external action is active.","RECONCILIATION_REQUIRED"
"For What It's Worth","Kelli Milligan Stammen","RECONCILIATION_REQUIRED","NO","Workspace state not resolved from title-only row; reconciliation required if external action is active.","RECONCILIATION_REQUIRED"
"From Stylist to CEO","Karen Hill","RECONCILIATION_REQUIRED","NO","Workspace state not resolved from title-only row; reconciliation required if external action is active.","RECONCILIATION_REQUIRED"
"Establishing Glory: The Relationship Handbook","Jackie Smith, Jr.","RECONCILIATION_REQUIRED","NO","Workspace state not resolved from title-only row; reconciliation required if external action is active.","RECONCILIATION_REQUIRED"
"Focus, Trust, & Follow","Shana Byrd","RECONCILIATION_REQUIRED","NO","Workspace state not resolved from title-only row; reconciliation required if external action is active.","RECONCILIATION_REQUIRED"
"From Stylist to CEO","Karen Hill","RECONCILIATION_REQUIRED","NO","Workspace state not resolved from title-only row; reconciliation required if external action is active.","RECONCILIATION_REQUIRED"
"For What It's Worth","Kelli Milligan Stammen","RECONCILIATION_REQUIRED","NO","Workspace state not resolved from title-only row; reconciliation required if external action is active.","RECONCILIATION_REQUIRED"
"Establishing Glory: The Praise and Worship Handbook","Jackie Smith, Jr.","RECONCILIATION_REQUIRED","NO","Workspace state not resolved from title-only row; reconciliation required if external action is active.","RECONCILIATION_REQUIRED"
"Establishing Glory: The Praise and Worship Handbook (2nd Edition)","Jackie Smith, Jr.","RECONCILIATION_REQUIRED","NO","Workspace state not resolved from title-only row; reconciliation required if external action is active.","RECONCILIATION_REQUIRED"
"Establishing Glory: The Praise and Worship Handbook","Jackie Smith, Jr.","RECONCILIATION_REQUIRED","NO","Workspace state not resolved from title-only row; reconciliation required if external action is active.","RECONCILIATION_REQUIRED"
"Establishing Glory","Jackie Smith, Jr.","RECONCILIATION_REQUIRED","NO","Workspace state not resolved from title-only row; reconciliation required if external action is active.","RECONCILIATION_REQUIRED"
"Establishing Glory 2","Jackie Smith, Jr.","RECONCILIATION_REQUIRED","NO","Workspace state not resolved from title-only row; reconciliation required if external action is active.","RECONCILIATION_REQUIRED"
"Establishing Glory","Jackie Smith, Jr.","RECONCILIATION_REQUIRED","NO","Workspace state not resolved from title-only row; reconciliation required if external action is active.","RECONCILIATION_REQUIRED"
"Establishing Glory 2","Jackie Smith, Jr.","RECONCILIATION_REQUIRED","NO","Workspace state not resolved from title-only row; reconciliation required if external action is active.","RECONCILIATION_REQUIRED"
"Establishing Glory 2","Jackie Smith, Jr.","RECONCILIATION_REQUIRED","NO","Workspace state not resolved from title-only row; reconciliation required if external action is active.","RECONCILIATION_REQUIRED"
"Establishing Glory 3","Jackie Smith, Jr.","RECONCILIATION_REQUIRED","NO","Workspace state not resolved from title-only row; reconciliation required if external action is active.","RECONCILIATION_REQUIRED"
"Establishing Glory 3","Jackie Smith, Jr.","RECONCILIATION_REQUIRED","NO","Workspace state not resolved from title-only row; reconciliation required if external action is active.","RECONCILIATION_REQUIRED"
"Establishing Glory 3","Jackie Smith, Jr.","RECONCILIATION_REQUIRED","NO","Workspace state not resolved from title-only row; reconciliation required if external action is active.","RECONCILIATION_REQUIRED"
"Divinely Inspired","Regina Scales","RECONCILIATION_REQUIRED","NO","Workspace state not resolved from title-only row; reconciliation required if external action is active.","RECONCILIATION_REQUIRED"
"Establishing Glory","Jackie Smith, Jr.","RECONCILIATION_REQUIRED","NO","Workspace state not resolved from title-only row; reconciliation required if external action is active.","RECONCILIATION_REQUIRED"
"Divinely Inspired","Regina Scales","RECONCILIATION_REQUIRED","NO","Workspace state not resolved from title-only row; reconciliation required if external action is active.","RECONCILIATION_REQUIRED"
"Establishing Glory","Jackie Smith, Jr.","RECONCILIATION_REQUIRED","NO","Workspace state not resolved from title-only row; reconciliation required if external action is active.","RECONCILIATION_REQUIRED"
"Establishing Glory","Jackie Smith, Jr.","RECONCILIATION_REQUIRED","NO","Workspace state not resolved from title-only row; reconciliation required if external action is active.","RECONCILIATION_REQUIRED"
"Establishing Glory","Jackie Smith, Jr.","RECONCILIATION_REQUIRED","NO","Workspace state not resolved from title-only row; reconciliation required if external action is active.","RECONCILIATION_REQUIRED"
"Establishing Glory","Jackie Smith, Jr.","RECONCILIATION_REQUIRED","NO","Workspace state not resolved from title-only row; reconciliation required if external action is active.","RECONCILIATION_REQUIRED"
"Establishing Glory","Jackie Smith, Jr.","RECONCILIATION_REQUIRED","NO","Workspace state not resolved from title-only row; reconciliation required if external action is active.","RECONCILIATION_REQUIRED"
"Establishing Glory","Jackie Smith, Jr.","RECONCILIATION_REQUIRED","NO","Workspace state not resolved from title-only row; reconciliation required if external action is active.","RECONCILIATION_REQUIRED"
"Destined to Break the Curse","Sean Smith, Sr.","RECONCILIATION_REQUIRED","NO","Workspace state not resolved from title-only row; reconciliation required if external action is active.","RECONCILIATION_REQUIRED"
"Discipline and Direction","Terry Stephens","RECONCILIATION_REQUIRED","NO","Workspace state not resolved from title-only row; reconciliation required if external action is active.","RECONCILIATION_REQUIRED"
"Discipline and Direction","Terry Stephens","RECONCILIATION_REQUIRED","NO","Workspace state not resolved from title-only row; reconciliation required if external action is active.","RECONCILIATION_REQUIRED"
"Destined to Break the Curse","Sean Smith, Sr.","RECONCILIATION_REQUIRED","NO","Workspace state not resolved from title-only row; reconciliation required if external action is active.","RECONCILIATION_REQUIRED"
"Divinely Inspired","Regina Scales","RECONCILIATION_REQUIRED","NO","Workspace state not resolved from title-only row; reconciliation required if external action is active.","RECONCILIATION_REQUIRED"
"Department of the Air Force: Mission Driven Leadership","USAF","RECONCILIATION_REQUIRED","NO","Workspace state not resolved from title-only row; reconciliation required if external action is active.","RECONCILIATION_REQUIRED"
"Destined To Break The Curse Devotional","Sean Smith, Sr.","RECONCILIATION_REQUIRED","NO","Workspace state not resolved from title-only row; reconciliation required if external action is active.","RECONCILIATION_REQUIRED"
"Destined to Break the Curse Devotional","Sean Smith, Sr.","RECONCILIATION_REQUIRED","NO","Workspace state not resolved from title-only row; reconciliation required if external action is active.","RECONCILIATION_REQUIRED"
"Delicious Ideas!","Agape International Cathedral","RECONCILIATION_REQUIRED","NO","Workspace state not resolved from title-only row; reconciliation required if external action is active.","RECONCILIATION_REQUIRED"
"Damaged","Lisa Taylor","RECONCILIATION_REQUIRED","NO","Workspace state not resolved from title-only row; reconciliation required if external action is active.","RECONCILIATION_REQUIRED"
"Conquer Your Fears and Win","Gloria Patterson","RECONCILIATION_REQUIRED","NO","Workspace state not resolved from title-only row; reconciliation required if external action is active.","RECONCILIATION_REQUIRED"
"Delicious Ideas!","Agape International Cathedral","RECONCILIATION_REQUIRED","NO","Workspace state not resolved from title-only row; reconciliation required if external action is active.","RECONCILIATION_REQUIRED"
"Damaged","Lisa Taylor","RECONCILIATION_REQUIRED","NO","Workspace state not resolved from title-only row; reconciliation required if external action is active.","RECONCILIATION_REQUIRED"
"Department of the Air Force Mission Driven Leadership","USAF","RECONCILIATION_REQUIRED","NO","Workspace state not resolved from title-only row; reconciliation required if external action is active.","RECONCILIATION_REQUIRED"
"Conquer Your Fears and Win","Gloria Patterson","RECONCILIATION_REQUIRED","NO","Workspace state not resolved from title-only row; reconciliation required if external action is active.","RECONCILIATION_REQUIRED"
"Conquer Your Fears and Win","Gloria Patterson","RECONCILIATION_REQUIRED","NO","Workspace state not resolved from title-only row; reconciliation required if external action is active.","RECONCILIATION_REQUIRED"
"Delicious Ideas!","Agape International Cathedral","RECONCILIATION_REQUIRED","NO","Workspace state not resolved from title-only row; reconciliation required if external action is active.","RECONCILIATION_REQUIRED"
"Bodacious","Nathaniel Short","RECONCILIATION_REQUIRED","NO","Workspace state not resolved from title-only row; reconciliation required if external action is active.","RECONCILIATION_REQUIRED"
"Connected!","Dennis Brown","RECONCILIATION_REQUIRED","NO","Workspace state not resolved from title-only row; reconciliation required if external action is active.","RECONCILIATION_REQUIRED"
"Bodacious","Nathaniel Short","RECONCILIATION_REQUIRED","NO","Workspace state not resolved from title-only row; reconciliation required if external action is active.","RECONCILIATION_REQUIRED"
"Connected!","Dennis Brown","RECONCILIATION_REQUIRED","NO","Workspace state not resolved from title-only row; reconciliation required if external action is active.","RECONCILIATION_REQUIRED"
"Come Out of Hiding","Christina Chislom","RECONCILIATION_REQUIRED","NO","Workspace state not resolved from title-only row; reconciliation required if external action is active.","RECONCILIATION_REQUIRED"
"Biblical Prescriptions For Life's Troubles","Terry Stephens","RECONCILIATION_REQUIRED","NO","Workspace state not resolved from title-only row; reconciliation required if external action is active.","RECONCILIATION_REQUIRED"
"Come Out of Hiding","Christina Chislom","RECONCILIATION_REQUIRED","NO","Workspace state not resolved from title-only row; reconciliation required if external action is active.","RECONCILIATION_REQUIRED"
"BEE Careful","Deborah Eiland","RECONCILIATION_REQUIRED","NO","Workspace state not resolved from title-only row; reconciliation required if external action is active.","RECONCILIATION_REQUIRED"
"BEE Careful","Deborah Eiland","RECONCILIATION_REQUIRED","NO","Workspace state not resolved from title-only row; reconciliation required if external action is active.","RECONCILIATION_REQUIRED"
"BEE Careful","Deborah Eiland","RECONCILIATION_REQUIRED","NO","Workspace state not resolved from title-only row; reconciliation required if external action is active.","RECONCILIATION_REQUIRED"
"BEE Careful","Deborah Eiland","RECONCILIATION_REQUIRED","NO","Workspace state not resolved from title-only row; reconciliation required if external action is active.","RECONCILIATION_REQUIRED"
"Biblical Prescriptions for Life's Troubles","Terry Stephens","RECONCILIATION_REQUIRED","NO","Workspace state not resolved from title-only row; reconciliation required if external action is active.","RECONCILIATION_REQUIRED"
"BEE Careful","Deborah Eiland","RECONCILIATION_REQUIRED","NO","Workspace state not resolved from title-only row; reconciliation required if external action is active.","RECONCILIATION_REQUIRED"
"BEE Careful","Deborah Eiland","RECONCILIATION_REQUIRED","NO","Workspace state not resolved from title-only row; reconciliation required if external action is active.","RECONCILIATION_REQUIRED"
"Because the Lord is My Shepherd","Carolyn Booker-Pierce","RECONCILIATION_REQUIRED","NO","Workspace state not resolved from title-only row; reconciliation required if external action is active.","RECONCILIATION_REQUIRED"
"Almost Happy","Jaylonna Stevette","RECONCILIATION_REQUIRED","NO","Workspace state not resolved from title-only row; reconciliation required if external action is active.","RECONCILIATION_REQUIRED"
"Aligned!","Dennis Brown","RECONCILIATION_REQUIRED","NO","Workspace state not resolved from title-only row; reconciliation required if external action is active.","RECONCILIATION_REQUIRED"
"Almost Happy","Jaylonna Stevette","RECONCILIATION_REQUIRED","NO","Workspace state not resolved from title-only row; reconciliation required if external action is active.","RECONCILIATION_REQUIRED"
"Because the Lord Is My Shepherd","Carolyn Booker-Pierce","RECONCILIATION_REQUIRED","NO","Workspace state not resolved from title-only row; reconciliation required if external action is active.","RECONCILIATION_REQUIRED"
"Aligned!","Dennis Brown","RECONCILIATION_REQUIRED","NO","Workspace state not resolved from title-only row; reconciliation required if external action is active.","RECONCILIATION_REQUIRED"
"Are You Sure That You Are Ready?","Ericka Thornton","RECONCILIATION_REQUIRED","NO","Workspace state not resolved from title-only row; reconciliation required if external action is active.","RECONCILIATION_REQUIRED"
"According to Mark","Alice Pryor","RECONCILIATION_REQUIRED","NO","Workspace state not resolved from title-only row; reconciliation required if external action is active.","RECONCILIATION_REQUIRED"
"Almost Happy","Jaylonna Stevette","RECONCILIATION_REQUIRED","NO","Workspace state not resolved from title-only row; reconciliation required if external action is active.","RECONCILIATION_REQUIRED"
"Are You Sure That You Are Ready?","Ericka Thornton","RECONCILIATION_REQUIRED","NO","Workspace state not resolved from title-only row; reconciliation required if external action is active.","RECONCILIATION_REQUIRED"
"A Truebies Guide, Part 1","Alesia Corpening","RECONCILIATION_REQUIRED","NO","Workspace state not resolved from title-only row; reconciliation required if external action is active.","RECONCILIATION_REQUIRED"
"A Truebies Guide, Part 2","Alesia Corpening","RECONCILIATION_REQUIRED","NO","Workspace state not resolved from title-only row; reconciliation required if external action is active.","RECONCILIATION_REQUIRED"
"According to Mark","Alice Pryor","RECONCILIATION_REQUIRED","NO","Workspace state not resolved from title-only row; reconciliation required if external action is active.","RECONCILIATION_REQUIRED"
"A Truebies Guide, Part 1","Alesia Corpening","RECONCILIATION_REQUIRED","NO","Workspace state not resolved from title-only row; reconciliation required if external action is active.","RECONCILIATION_REQUIRED"
"A Truebies Guide, Part 2","Alesia Corpening","RECONCILIATION_REQUIRED","NO","Workspace state not resolved from title-only row; reconciliation required if external action is active.","RECONCILIATION_REQUIRED"
"Abortion!","Carolyn Booker-Pierce","RECONCILIATION_REQUIRED","NO","Workspace state not resolved from title-only row; reconciliation required if external action is active.","RECONCILIATION_REQUIRED"
"Abortion!","Carolyn Booker-Pierce","RECONCILIATION_REQUIRED","NO","Workspace state not resolved from title-only row; reconciliation required if external action is active.","RECONCILIATION_REQUIRED"
"According to Mark","Alice Pryor","RECONCILIATION_REQUIRED","NO","Workspace state not resolved from title-only row; reconciliation required if external action is active.","RECONCILIATION_REQUIRED"
"A Principal's Tale","Shelley McIntosh","RECONCILIATION_REQUIRED","NO","Workspace state not resolved from title-only row; reconciliation required if external action is active.","RECONCILIATION_REQUIRED"
"A Portrait of Paradise","Iyorwuese Hagher","RECONCILIATION_REQUIRED","NO","Workspace state not resolved from title-only row; reconciliation required if external action is active.","RECONCILIATION_REQUIRED"
"A Little Bit of Everything","Eryonna Barrino","RECONCILIATION_REQUIRED","NO","Workspace state not resolved from title-only row; reconciliation required if external action is active.","RECONCILIATION_REQUIRED"
"A Portrait of Paradise","Iyorwuese Hagher","RECONCILIATION_REQUIRED","NO","Workspace state not resolved from title-only row; reconciliation required if external action is active.","RECONCILIATION_REQUIRED"
"A Principal's Tale","Shelley McIntosh","RECONCILIATION_REQUIRED","NO","Workspace state not resolved from title-only row; reconciliation required if external action is active.","RECONCILIATION_REQUIRED"
"A Portrait of Paradise","Iyorwuese Hagher","RECONCILIATION_REQUIRED","NO","Workspace state not resolved from title-only row; reconciliation required if external action is active.","RECONCILIATION_REQUIRED"
"365 Days of Transparency","Daphanny Baker","RECONCILIATION_REQUIRED","NO","Workspace state not resolved from title-only row; reconciliation required if external action is active.","RECONCILIATION_REQUIRED"
"7 Step Jumpstart to Becoming Your Best Self","Ericka Johnson Settles","RECONCILIATION_REQUIRED","NO","Workspace state not resolved from title-only row; reconciliation required if external action is active.","RECONCILIATION_REQUIRED"
"365 Days Of Transparency","Daphanny Baker","RECONCILIATION_REQUIRED","NO","Workspace state not resolved from title-only row; reconciliation required if external action is active.","RECONCILIATION_REQUIRED"
"7 Step Jumpstart to Becoming Your Best Self","Ericka Johnson-Settles","RECONCILIATION_REQUIRED","NO","Workspace state not resolved from title-only row; reconciliation required if external action is active.","RECONCILIATION_REQUIRED"
"A Little Bit of Everything","Eryonna Barrino","RECONCILIATION_REQUIRED","NO","Workspace state not resolved from title-only row; reconciliation required if external action is active.","RECONCILIATION_REQUIRED"
"A Blended Family","Shecara Norris","RECONCILIATION_REQUIRED","NO","Workspace state not resolved from title-only row; reconciliation required if external action is active.","RECONCILIATION_REQUIRED"
"7 Step Jumpstart to Becoming Your Best Self","Ericka Johnson Settles","RECONCILIATION_REQUIRED","NO","Workspace state not resolved from title-only row; reconciliation required if external action is active.","RECONCILIATION_REQUIRED"
"A Blended Family","Shecara Norris","RECONCILIATION_REQUIRED","NO","Workspace state not resolved from title-only row; reconciliation required if external action is active.","RECONCILIATION_REQUIRED"
"A Blended Family","Shecara Norris","RECONCILIATION_REQUIRED","NO","Workspace state not resolved from title-only row; reconciliation required if external action is active.","RECONCILIATION_REQUIRED"
"27 Days to Overcoming Depression","Donjia Walls","RECONCILIATION_REQUIRED","NO","Workspace state not resolved from title-only row; reconciliation required if external action is active.","RECONCILIATION_REQUIRED"
"100 Wisdom Lessons for Life and Living","J Derrick Johnson","RECONCILIATION_REQUIRED","NO","Workspace state not resolved from title-only row; reconciliation required if external action is active.","RECONCILIATION_REQUIRED"
"100 Wisdom Lessons for Life and Living","J Derrick Johnson","RECONCILIATION_REQUIRED","NO","Workspace state not resolved from title-only row; reconciliation required if external action is active.","RECONCILIATION_REQUIRED"
"100 Wisdom Lessons for Life and Living","J Derrick Johnson","RECONCILIATION_REQUIRED","NO","Workspace state not resolved from title-only row; reconciliation required if external action is active.","RECONCILIATION_REQUIRED"
"27 Days to Overcoming Depression","Donjia Walls","RECONCILIATION_REQUIRED","NO","Workspace state not resolved from title-only row; reconciliation required if external action is active.","RECONCILIATION_REQUIRED"
"100 Wisdom Lessons for Life and Living","J Derrick Johnson","RECONCILIATION_REQUIRED","NO","Workspace state not resolved from title-only row; reconciliation required if external action is active.","RECONCILIATION_REQUIRED"
"Melodies from Heaven","Bailey Cunningham","RECONCILIATION_REQUIRED","YES","Workspace state not resolved from title-only row; reconciliation required if external action is active.","RECONCILIATION_REQUIRED"
"A Truebies Guide, Part 1","","RECONCILIATION_REQUIRED","NO","Workspace state not resolved from title-only row; reconciliation required if external action is active.","RECONCILIATION_REQUIRED"
"Focus, Trust, & Follow","","RECONCILIATION_REQUIRED","NO","Workspace state not resolved from title-only row; reconciliation required if external action is active.","RECONCILIATION_REQUIRED"
"What Goes up Must Come down Let's Face It","","RECONCILIATION_REQUIRED","NO","Workspace state not resolved from title-only row; reconciliation required if external action is active.","RECONCILIATION_REQUIRED"
"God’s Business Plan","","RECONCILIATION_REQUIRED","NO","Workspace state not resolved from title-only row; reconciliation required if external action is active.","RECONCILIATION_REQUIRED"
"The Essence of Life, Love Letters to Christ","","RECONCILIATION_REQUIRED","NO","Workspace state not resolved from title-only row; reconciliation required if external action is active.","RECONCILIATION_REQUIRED"
"The I Am in Me Part 2","","RECONCILIATION_REQUIRED","NO","Workspace state not resolved from title-only row; reconciliation required if external action is active.","RECONCILIATION_REQUIRED"
"A Little Bit of Everything","Eryonna Noelle","RECONCILIATION_REQUIRED","YES","Workspace state not resolved from title-only row; reconciliation required if external action is active.","RECONCILIATION_REQUIRED"
"Come Out of Hiding","Chistina Chislom","RECONCILIATION_REQUIRED","YES","Workspace state not resolved from title-only row; reconciliation required if external action is active.","RECONCILIATION_REQUIRED"
"The Never Before Told Story of the Gelatin Monster","Nicky Williams","RECONCILIATION_REQUIRED","YES","Workspace state not resolved from title-only row; reconciliation required if external action is active.","RECONCILIATION_REQUIRED"
"Hop, Hop, Hop","Tawanna Mars","RECONCILIATION_REQUIRED","YES","Workspace state not resolved from title-only row; reconciliation required if external action is active.","RECONCILIATION_REQUIRED"
"Just What I Needed","Andrean Young","RECONCILIATION_REQUIRED","YES","Workspace state not resolved from title-only row; reconciliation required if external action is active.","RECONCILIATION_REQUIRED"
"Department of the Air Force: Mission Driven Leadership","Andrew Bowens, Lenetta Banks Williams, Jamichael Hill Beard, Anthony Cain","RECONCILIATION_REQUIRED","YES","Workspace state not resolved from title-only row; reconciliation required if external action is active.","RECONCILIATION_REQUIRED"
"God’s Word For This World","Thomas Johnson, Sr.","RECONCILIATION_REQUIRED","NO","Workspace state not resolved from title-only row; reconciliation required if external action is active.","RECONCILIATION_REQUIRED"
"God's Word For This World","Thomas Johnson, Sr.","RECONCILIATION_REQUIRED","NO","Workspace state not resolved from title-only row; reconciliation required if external action is active.","RECONCILIATION_REQUIRED"
"The Little Girl with the Plow","Chistina Chislom","RECONCILIATION_REQUIRED","YES","Workspace state not resolved from title-only row; reconciliation required if external action is active.","RECONCILIATION_REQUIRED"
"Connected!","","RECONCILIATION_REQUIRED","NO","Workspace state not resolved from title-only row; reconciliation required if external action is active.","RECONCILIATION_REQUIRED"
"Destined to Break the Curse Devotional","","RECONCILIATION_REQUIRED","NO","Workspace state not resolved from title-only row; reconciliation required if external action is active.","RECONCILIATION_REQUIRED"
"Establishing Glory 3","","RECONCILIATION_REQUIRED","NO","Workspace state not resolved from title-only row; reconciliation required if external action is active.","RECONCILIATION_REQUIRED"
"Department of the Air Force Mission Driven Leadership","","RECONCILIATION_REQUIRED","NO","Workspace state not resolved from title-only row; reconciliation required if external action is active.","RECONCILIATION_REQUIRED"
"Establishing Glory: The Praise and Worship Handbook","","RECONCILIATION_REQUIRED","NO","Workspace state not resolved from title-only row; reconciliation required if external action is active.","RECONCILIATION_REQUIRED"
"Establishing Glory: The Relationship Handbook","","RECONCILIATION_REQUIRED","NO","Workspace state not resolved from title-only row; reconciliation required if external action is active.","RECONCILIATION_REQUIRED"
"Girl, Did You Know…?","","RECONCILIATION_REQUIRED","NO","Workspace state not resolved from title-only row; reconciliation required if external action is active.","RECONCILIATION_REQUIRED"
"Help God, I Am - the Collection","","RECONCILIATION_REQUIRED","NO","Workspace state not resolved from title-only row; reconciliation required if external action is active.","RECONCILIATION_REQUIRED"
"Peaches Can Do It!","","RECONCILIATION_REQUIRED","NO","Workspace state not resolved from title-only row; reconciliation required if external action is active.","RECONCILIATION_REQUIRED"
"The Little Girl with the Plow!","","RECONCILIATION_REQUIRED","NO","Workspace state not resolved from title-only row; reconciliation required if external action is active.","RECONCILIATION_REQUIRED"
"Your brain has too much what, mommy","Essence Unique","RECONCILIATION_REQUIRED","YES","Workspace state not resolved from title-only row; reconciliation required if external action is active.","RECONCILIATION_REQUIRED"
"Grandmothers Educating Minds","","RECONCILIATION_REQUIRED","NO","Workspace state not resolved from title-only row; reconciliation required if external action is active.","RECONCILIATION_REQUIRED"
"The Doctrine of Last Things","","RECONCILIATION_REQUIRED","NO","Workspace state not resolved from title-only row; reconciliation required if external action is active.","RECONCILIATION_REQUIRED"
"The I Am in Me","","RECONCILIATION_REQUIRED","NO","Workspace state not resolved from title-only row; reconciliation required if external action is active.","RECONCILIATION_REQUIRED"
"Your Brain Has Too Much What, Mommy??","","RECONCILIATION_REQUIRED","NO","Workspace state not resolved from title-only row; reconciliation required if external action is active.","RECONCILIATION_REQUIRED"
"According to Mark","Alice V. Pryor","RECONCILIATION_REQUIRED","YES","Workspace state not resolved from title-only row; reconciliation required if external action is active.","RECONCILIATION_REQUIRED"
"Pretty Wings","Natasha Gilchrist","RECONCILIATION_REQUIRED","YES","Workspace state not resolved from title-only row; reconciliation required if external action is active.","RECONCILIATION_REQUIRED"
"100 Wisdom Lessons for Life and Living","","RECONCILIATION_REQUIRED","NO","Workspace state not resolved from title-only row; reconciliation required if external action is active.","RECONCILIATION_REQUIRED"
"A Truebies Guide, Part 2","","RECONCILIATION_REQUIRED","NO","Workspace state not resolved from title-only row; reconciliation required if external action is active.","RECONCILIATION_REQUIRED"
"She","Darlene Carson","RECONCILIATION_REQUIRED","YES","Workspace state not resolved from title-only row; reconciliation required if external action is active.","RECONCILIATION_REQUIRED"
"Rhyming It up with Church Stuff","Junaita Travis","RECONCILIATION_REQUIRED","YES","Workspace state not resolved from title-only row; reconciliation required if external action is active.","RECONCILIATION_REQUIRED"
"Establishing Glory","","RECONCILIATION_REQUIRED","NO","Workspace state not resolved from title-only row; reconciliation required if external action is active.","RECONCILIATION_REQUIRED"
"Establishing Glory 2","","RECONCILIATION_REQUIRED","NO","Workspace state not resolved from title-only row; reconciliation required if external action is active.","RECONCILIATION_REQUIRED"
"Getting Back 2 Happy: The Chronicles of Tabby (Unabridged)","","RECONCILIATION_REQUIRED","NO","Workspace state not resolved from title-only row; reconciliation required if external action is active.","RECONCILIATION_REQUIRED"
"The Fight for the Promiseland: Battle Strategies for Victorious People","","RECONCILIATION_REQUIRED","NO","Workspace state not resolved from title-only row; reconciliation required if external action is active.","RECONCILIATION_REQUIRED"
"Music Ministry Unplugged: Real Lessons for Those who Lead and Serve in Music Ministry","","RECONCILIATION_REQUIRED","NO","Workspace state not resolved from title-only row; reconciliation required if external action is active.","RECONCILIATION_REQUIRED"
"Memoir of a Black Christian Nationalist: Seeds of Liberation (Unabridged)","","RECONCILIATION_REQUIRED","NO","Workspace state not resolved from title-only row; reconciliation required if external action is active.","RECONCILIATION_REQUIRED"
"You're Still Not Crazy: You May Be An Empath Dealing With A Narcissist","","RECONCILIATION_REQUIRED","YES","Workspace state not resolved from title-only row; reconciliation required if external action is active.","RECONCILIATION_REQUIRED"
"Warriors and Angels: Liberating Inner Power in the Journey of Life","","RECONCILIATION_REQUIRED","YES","Workspace state not resolved from title-only row; reconciliation required if external action is active.","RECONCILIATION_REQUIRED"
"Your Peace is a Priority: A Devotional Journal","","RECONCILIATION_REQUIRED","YES","Workspace state not resolved from title-only row; reconciliation required if external action is active.","RECONCILIATION_REQUIRED"
"The Journey: The Inspiration and Message Behind the Music","","RECONCILIATION_REQUIRED","YES","Workspace state not resolved from title-only row; reconciliation required if external action is active.","RECONCILIATION_REQUIRED"
"todays's new title","","RECONCILIATION_REQUIRED","YES","Workspace state not resolved from title-only row; reconciliation required if external action is active.","RECONCILIATION_REQUIRED"
"The Great Hair Restart: The Journal","","RECONCILIATION_REQUIRED","YES","Workspace state not resolved from title-only row; reconciliation required if external action is active.","RECONCILIATION_REQUIRED"
"The Essence of Life, Love Letters to Christ: Poems of Life and Love from the Pages of the Heart","","RECONCILIATION_REQUIRED","YES","Workspace state not resolved from title-only row; reconciliation required if external action is active.","RECONCILIATION_REQUIRED"
"The Great Hair Restart: The Ultimate Guide to Resetting Your Natural Hair Journey with Confidence","","RECONCILIATION_REQUIRED","YES","Workspace state not resolved from title-only row; reconciliation required if external action is active.","RECONCILIATION_REQUIRED"
"Taylor Made: My Life, My Story","","RECONCILIATION_REQUIRED","YES","Workspace state not resolved from title-only row; reconciliation required if external action is active.","RECONCILIATION_REQUIRED"
"More Than A Village: Raising Black Men in America","","RECONCILIATION_REQUIRED","YES","Workspace state not resolved from title-only row; reconciliation required if external action is active.","RECONCILIATION_REQUIRED"
"Speech Therapy Works!: Juliana's Story","","RECONCILIATION_REQUIRED","YES","Workspace state not resolved from title-only row; reconciliation required if external action is active.","RECONCILIATION_REQUIRED"
"My ABCs","","RECONCILIATION_REQUIRED","YES","Workspace state not resolved from title-only row; reconciliation required if external action is active.","RECONCILIATION_REQUIRED"
"SHE: An Expose' of Her Insufficiencies","","RECONCILIATION_REQUIRED","YES","Workspace state not resolved from title-only row; reconciliation required if external action is active.","RECONCILIATION_REQUIRED"
"Loving the Addict: While Taking Care of Yourself First","","RECONCILIATION_REQUIRED","YES","Workspace state not resolved from title-only row; reconciliation required if external action is active.","RECONCILIATION_REQUIRED"
"Memoir of a Black Christian Nationalist: Seeds of Liberation","","RECONCILIATION_REQUIRED","YES","Workspace state not resolved from title-only row; reconciliation required if external action is active.","RECONCILIATION_REQUIRED"
"Just What I Needed: Daily Devotional","","RECONCILIATION_REQUIRED","YES","Workspace state not resolved from title-only row; reconciliation required if external action is active.","RECONCILIATION_REQUIRED"
"Mirror of Refining Insight: An Introspective Look At Pursuing Your Purpose","","RECONCILIATION_REQUIRED","YES","Workspace state not resolved from title-only row; reconciliation required if external action is active.","RECONCILIATION_REQUIRED"
"Inspirations from God: God is Gooood!","","RECONCILIATION_REQUIRED","YES","Workspace state not resolved from title-only row; reconciliation required if external action is active.","RECONCILIATION_REQUIRED"
"Jewels by Lady J: A Book of Daily Devotion and Reflection One Day at a Time","","RECONCILIATION_REQUIRED","YES","Workspace state not resolved from title-only row; reconciliation required if external action is active.","RECONCILIATION_REQUIRED"
"Connected!: Unlocking the DNA of Authentic Prayer - 2nd Edition","","RECONCILIATION_REQUIRED","YES","Workspace state not resolved from title-only row; reconciliation required if external action is active.","RECONCILIATION_REQUIRED"
"Delicious Ideas!: The Legacy Cookbook","","RECONCILIATION_REQUIRED","YES","Workspace state not resolved from title-only row; reconciliation required if external action is active.","RECONCILIATION_REQUIRED"
"Discipline and Direction: God's Leadership Style","","RECONCILIATION_REQUIRED","YES","Workspace state not resolved from title-only row; reconciliation required if external action is active.","RECONCILIATION_REQUIRED"
"Divinely Inspired: Trauma Triumphed","","RECONCILIATION_REQUIRED","YES","Workspace state not resolved from title-only row; reconciliation required if external action is active.","RECONCILIATION_REQUIRED"
"Come Out Of Hiding: Activating Deliverance","","RECONCILIATION_REQUIRED","YES","Workspace state not resolved from title-only row; reconciliation required if external action is active.","RECONCILIATION_REQUIRED"
"Because the Lord is My Shepherd: Psalm 23 and Me","","RECONCILIATION_REQUIRED","YES","Workspace state not resolved from title-only row; reconciliation required if external action is active.","RECONCILIATION_REQUIRED"
"Bodacious: Controversial and Provocative","","RECONCILIATION_REQUIRED","YES","Workspace state not resolved from title-only row; reconciliation required if external action is active.","RECONCILIATION_REQUIRED"
"Aligned!: Unlocking the DNA of Authentic Faith","","RECONCILIATION_REQUIRED","YES","Workspace state not resolved from title-only row; reconciliation required if external action is active.","RECONCILIATION_REQUIRED"
"Are You Sure That You Are Ready?: A Guide for Vendors","","RECONCILIATION_REQUIRED","YES","Workspace state not resolved from title-only row; reconciliation required if external action is active.","RECONCILIATION_REQUIRED"
"A Principal's Tale: A Self-Determined Leader","","RECONCILIATION_REQUIRED","YES","Workspace state not resolved from title-only row; reconciliation required if external action is active.","RECONCILIATION_REQUIRED"
"Abortion!: George and Giovanna","","RECONCILIATION_REQUIRED","YES","Workspace state not resolved from title-only row; reconciliation required if external action is active.","RECONCILIATION_REQUIRED"
"27 Days to Overcoming Depression: Debunking All the Lies","","RECONCILIATION_REQUIRED","YES","Workspace state not resolved from title-only row; reconciliation required if external action is active.","RECONCILIATION_REQUIRED"
"The I Am In Me Part 2, Second Edition","Tekisha Wimbush","RECONCILIATION_REQUIRED","YES","Workspace state not resolved from title-only row; reconciliation required if external action is active.","RECONCILIATION_REQUIRED"
"The I Am in Me, Second Edition","Tekisha Wimbush","RECONCILIATION_REQUIRED","YES","Workspace state not resolved from title-only row; reconciliation required if external action is active.","RECONCILIATION_REQUIRED"
"The ESSENCE of Life","Tracy Norris","RECONCILIATION_REQUIRED","YES","Workspace state not resolved from title-only row; reconciliation required if external action is active.","RECONCILIATION_REQUIRED"
"The Doctrine of the Last Things","Obadiah Harris","RECONCILIATION_REQUIRED","NO","Workspace state not resolved from title-only row; reconciliation required if external action is active.","RECONCILIATION_REQUIRED"
"Grandmothers Educating Minds, 2nd Edition","Toni Kleckley","RECONCILIATION_REQUIRED","YES","Workspace state not resolved from title-only row; reconciliation required if external action is active.","RECONCILIATION_REQUIRED"
"Establishing Glory 3: The Marriage Handbook","Jackie Smith, Jr.","RECONCILIATION_REQUIRED","YES","Workspace state not resolved from title-only row; reconciliation required if external action is active.","RECONCILIATION_REQUIRED"
"Establishing Glory 2: The Relationship Handbook (2nd Edition)","Jackie Smith, Jr.","RECONCILIATION_REQUIRED","YES","Workspace state not resolved from title-only row; reconciliation required if external action is active.","RECONCILIATION_REQUIRED"
"A Trubie's Guide Pt. 1","Alesia Corpening","RECONCILIATION_REQUIRED","YES","Workspace state not resolved from title-only row; reconciliation required if external action is active.","RECONCILIATION_REQUIRED"
"A Trubie's Guide Pt. 2","Alesia Corpening","RECONCILIATION_REQUIRED","YES","Workspace state not resolved from title-only row; reconciliation required if external action is active.","RECONCILIATION_REQUIRED"
"101 Wisdom Lessons for Life and Living","j. Derrick Johnson","RECONCILIATION_REQUIRED","YES","Workspace state not resolved from title-only row; reconciliation required if external action is active.","RECONCILIATION_REQUIRED"
"Untitled","","RECONCILIATION_REQUIRED","NO","Workspace state not resolved from title-only row; reconciliation required if external action is active.","RECONCILIATION_REQUIRED"
"Untitled","","RECONCILIATION_REQUIRED","NO","Workspace state not resolved from title-only row; reconciliation required if external action is active.","RECONCILIATION_REQUIRED"
