SOURCE_RECORD_ID,PROVEN_GOVERNED_STAGE,CURRENT_ARTIFACT_CLASS,ARTIFACT_STAGE_COMPATIBILITY,TRUST
W1-001,DATA_GAP,UNKNOWN_ARTIFACT,NOT_APPLICABLE,NO_CURRENT_ARTIFACT_REQUIRED
W1-002,DATA_GAP,UNKNOWN_ARTIFACT,NOT_APPLICABLE,NO_CURRENT_ARTIFACT_REQUIRED
W1-003,DATA_GAP,UNKNOWN_ARTIFACT,NOT_APPLICABLE,NO_CURRENT_ARTIFACT_REQUIRED
W1-004,DATA_GAP,UNKNOWN_ARTIFACT,NOT_APPLICABLE,NO_CURRENT_ARTIFACT_REQUIRED
W1-005,DATA_GAP,UNKNOWN_ARTIFACT,NOT_APPLICABLE,NO_CURRENT_ARTIFACT_REQUIRED
W1-006,DATA_GAP,UNKNOWN_ARTIFACT,NOT_APPLICABLE,NO_CURRENT_ARTIFACT_REQUIRED
W1-007,DATA_GAP,UNKNOWN_ARTIFACT,NOT_APPLICABLE,NO_CURRENT_ARTIFACT_REQUIRED
W1-008,DATA_GAP,UNKNOWN_ARTIFACT,NOT_APPLICABLE,NO_CURRENT_ARTIFACT_REQUIRED
W1-009,DATA_GAP,UNKNOWN_ARTIFACT,NOT_APPLICABLE,NO_CURRENT_ARTIFACT_REQUIRED
W1-010,DATA_GAP,UNKNOWN_ARTIFACT,NOT_APPLICABLE,NO_CURRENT_ARTIFACT_REQUIRED
W1-011,DATA_GAP,UNKNOWN_ARTIFACT,NOT_APPLICABLE,NO_CURRENT_ARTIFACT_REQUIRED
W1-012,DATA_GAP,UNKNOWN_ARTIFACT,NOT_APPLICABLE,NO_CURRENT_ARTIFACT_REQUIRED
W1-013,DATA_GAP,UNKNOWN_ARTIFACT,NOT_APPLICABLE,NO_CURRENT_ARTIFACT_REQUIRED
W1-014,DATA_GAP,UNKNOWN_ARTIFACT,NOT_APPLICABLE,NO_CURRENT_ARTIFACT_REQUIRED
W1-015,DATA_GAP,UNKNOWN_ARTIFACT,NOT_APPLICABLE,NO_CURRENT_ARTIFACT_REQUIRED
W1-016,DATA_GAP,UNKNOWN_ARTIFACT,NOT_APPLICABLE,NO_CURRENT_ARTIFACT_REQUIRED
W1-017,DATA_GAP,UNKNOWN_ARTIFACT,NOT_APPLICABLE,NO_CURRENT_ARTIFACT_REQUIRED
W1-018,DATA_GAP,UNKNOWN_ARTIFACT,NOT_APPLICABLE,NO_CURRENT_ARTIFACT_REQUIRED
W1-019,DATA_GAP,UNKNOWN_ARTIFACT,NOT_APPLICABLE,NO_CURRENT_ARTIFACT_REQUIRED
W1-020,DATA_GAP,UNKNOWN_ARTIFACT,NOT_APPLICABLE,NO_CURRENT_ARTIFACT_REQUIRED
W1-021,DATA_GAP,UNKNOWN_ARTIFACT,NOT_APPLICABLE,NO_CURRENT_ARTIFACT_REQUIRED
W1-022,DATA_GAP,UNKNOWN_ARTIFACT,NOT_APPLICABLE,NO_CURRENT_ARTIFACT_REQUIRED
W1-023,DATA_GAP,UNKNOWN_ARTIFACT,NOT_APPLICABLE,NO_CURRENT_ARTIFACT_REQUIRED
W1-024,DATA_GAP,UNKNOWN_ARTIFACT,NOT_APPLICABLE,NO_CURRENT_ARTIFACT_REQUIRED
W1-025,DATA_GAP,UNKNOWN_ARTIFACT,NOT_APPLICABLE,NO_CURRENT_ARTIFACT_REQUIRED
W1-026,DATA_GAP,UNKNOWN_ARTIFACT,NOT_APPLICABLE,NO_CURRENT_ARTIFACT_REQUIRED
W1-027,DATA_GAP,UNKNOWN_ARTIFACT,NOT_APPLICABLE,NO_CURRENT_ARTIFACT_REQUIRED
W1-028,DATA_GAP,UNKNOWN_ARTIFACT,NOT_APPLICABLE,NO_CURRENT_ARTIFACT_REQUIRED
W1-029,DATA_GAP,UNKNOWN_ARTIFACT,NOT_APPLICABLE,NO_CURRENT_ARTIFACT_REQUIRED
W1-030,DATA_GAP,UNKNOWN_ARTIFACT,NOT_APPLICABLE,NO_CURRENT_ARTIFACT_REQUIRED
W1-031,DATA_GAP,UNKNOWN_ARTIFACT,NOT_APPLICABLE,NO_CURRENT_ARTIFACT_REQUIRED
W1-032,DATA_GAP,UNKNOWN_ARTIFACT,NOT_APPLICABLE,NO_CURRENT_ARTIFACT_REQUIRED
W1-033,DATA_GAP,UNKNOWN_ARTIFACT,NOT_APPLICABLE,NO_CURRENT_ARTIFACT_REQUIRED
W1-034,DATA_GAP,UNKNOWN_ARTIFACT,NOT_APPLICABLE,NO_CURRENT_ARTIFACT_REQUIRED
W1-035,DATA_GAP,UNKNOWN_ARTIFACT,NOT_APPLICABLE,NO_CURRENT_ARTIFACT_REQUIRED
W1-036,DATA_GAP,UNKNOWN_ARTIFACT,NOT_APPLICABLE,NO_CURRENT_ARTIFACT_REQUIRED
W1-037,DATA_GAP,UNKNOWN_ARTIFACT,NOT_APPLICABLE,NO_CURRENT_ARTIFACT_REQUIRED
W1-038,DATA_GAP,UNKNOWN_ARTIFACT,NOT_APPLICABLE,NO_CURRENT_ARTIFACT_REQUIRED
W1-039,DATA_GAP,UNKNOWN_ARTIFACT,NOT_APPLICABLE,NO_CURRENT_ARTIFACT_REQUIRED
W1-040,DATA_GAP,UNKNOWN_ARTIFACT,NOT_APPLICABLE,NO_CURRENT_ARTIFACT_REQUIRED
W1-041,DATA_GAP,UNKNOWN_ARTIFACT,NOT_APPLICABLE,NO_CURRENT_ARTIFACT_REQUIRED
W1-042,DATA_GAP,UNKNOWN_ARTIFACT,NOT_APPLICABLE,RECONCILIATION_REQUIRED
W1-043,DATA_GAP,UNKNOWN_ARTIFACT,NOT_APPLICABLE,RECONCILIATION_REQUIRED
W1-044,DATA_GAP,UNKNOWN_ARTIFACT,NOT_APPLICABLE,RECONCILIATION_REQUIRED
W1-045,DATA_GAP,UNKNOWN_ARTIFACT,NOT_APPLICABLE,RECONCILIATION_REQUIRED
W1-046,DATA_GAP,UNKNOWN_ARTIFACT,NOT_APPLICABLE,RECONCILIATION_REQUIRED
W1-047,DATA_GAP,UNKNOWN_ARTIFACT,NOT_APPLICABLE,RECONCILIATION_REQUIRED
W1-048,DATA_GAP,UNKNOWN_ARTIFACT,NOT_APPLICABLE,NO_CURRENT_ARTIFACT_REQUIRED
W1-049,DATA_GAP,UNKNOWN_ARTIFACT,NOT_APPLICABLE,NO_CURRENT_ARTIFACT_REQUIRED
W1-050,DATA_GAP,UNKNOWN_ARTIFACT,NOT_APPLICABLE,NO_CURRENT_ARTIFACT_REQUIRED
W1-051,DATA_GAP,UNKNOWN_ARTIFACT,NOT_APPLICABLE,NO_CURRENT_ARTIFACT_REQUIRED
W1-052,DATA_GAP,UNKNOWN_ARTIFACT,NOT_APPLICABLE,NO_CURRENT_ARTIFACT_REQUIRED
W1-053,DATA_GAP,UNKNOWN_ARTIFACT,NOT_APPLICABLE,NO_CURRENT_ARTIFACT_REQUIRED
W1-054,DATA_GAP,UNKNOWN_ARTIFACT,NOT_APPLICABLE,NO_CURRENT_ARTIFACT_REQUIRED
W1-055,DATA_GAP,UNKNOWN_ARTIFACT,NOT_APPLICABLE,NO_CURRENT_ARTIFACT_REQUIRED
W1-056,DATA_GAP,UNKNOWN_ARTIFACT,NOT_APPLICABLE,NO_CURRENT_ARTIFACT_REQUIRED
W1-057,DATA_GAP,UNKNOWN_ARTIFACT,NOT_APPLICABLE,NO_CURRENT_ARTIFACT_REQUIRED
W1-058,DATA_GAP,UNKNOWN_ARTIFACT,NOT_APPLICABLE,NO_CURRENT_ARTIFACT_REQUIRED
W1-059,DATA_GAP,UNKNOWN_ARTIFACT,NOT_APPLICABLE,NO_CURRENT_ARTIFACT_REQUIRED
W1-060,DATA_GAP,UNKNOWN_ARTIFACT,NOT_APPLICABLE,NO_CURRENT_ARTIFACT_REQUIRED
W1-061,DATA_GAP,UNKNOWN_ARTIFACT,NOT_APPLICABLE,NO_CURRENT_ARTIFACT_REQUIRED
W1-062,DATA_GAP,UNKNOWN_ARTIFACT,NOT_APPLICABLE,NO_CURRENT_ARTIFACT_REQUIRED
W1-063,DATA_GAP,UNKNOWN_ARTIFACT,NOT_APPLICABLE,NO_CURRENT_ARTIFACT_REQUIRED
W1-064,DATA_GAP,UNKNOWN_ARTIFACT,NOT_APPLICABLE,NO_CURRENT_ARTIFACT_REQUIRED
W1-065,DATA_GAP,UNKNOWN_ARTIFACT,NOT_APPLICABLE,NO_CURRENT_ARTIFACT_REQUIRED
W1-066,DATA_GAP,UNKNOWN_ARTIFACT,NOT_APPLICABLE,NO_CURRENT_ARTIFACT_REQUIRED
W1-067,DATA_GAP,UNKNOWN_ARTIFACT,NOT_APPLICABLE,NO_CURRENT_ARTIFACT_REQUIRED
W1-068,DATA_GAP,UNKNOWN_ARTIFACT,NOT_APPLICABLE,NO_CURRENT_ARTIFACT_REQUIRED
W1-069,DATA_GAP,UNKNOWN_ARTIFACT,NOT_APPLICABLE,NO_CURRENT_ARTIFACT_REQUIRED
W1-070,DATA_GAP,UNKNOWN_ARTIFACT,NOT_APPLICABLE,NO_CURRENT_ARTIFACT_REQUIRED
W1-071,DATA_GAP,UNKNOWN_ARTIFACT,NOT_APPLICABLE,NO_CURRENT_ARTIFACT_REQUIRED
W1-072,DATA_GAP,UNKNOWN_ARTIFACT,NOT_APPLICABLE,NO_CURRENT_ARTIFACT_REQUIRED
W1-073,DATA_GAP,UNKNOWN_ARTIFACT,NOT_APPLICABLE,NO_CURRENT_ARTIFACT_REQUIRED
W1-074,DATA_GAP,UNKNOWN_ARTIFACT,NOT_APPLICABLE,NO_CURRENT_ARTIFACT_REQUIRED
W1-075,DATA_GAP,UNKNOWN_ARTIFACT,NOT_APPLICABLE,NO_CURRENT_ARTIFACT_REQUIRED
W1-076,DATA_GAP,UNKNOWN_ARTIFACT,NOT_APPLICABLE,NO_CURRENT_ARTIFACT_REQUIRED
W1-077,DATA_GAP,UNKNOWN_ARTIFACT,NOT_APPLICABLE,NO_CURRENT_ARTIFACT_REQUIRED
W1-078,DATA_GAP,UNKNOWN_ARTIFACT,NOT_APPLICABLE,NO_CURRENT_ARTIFACT_REQUIRED
W1-079,DATA_GAP,UNKNOWN_ARTIFACT,NOT_APPLICABLE,NO_CURRENT_ARTIFACT_REQUIRED
W1-080,DATA_GAP,UNKNOWN_ARTIFACT,NOT_APPLICABLE,NO_CURRENT_ARTIFACT_REQUIRED
W1-081,DATA_GAP,UNKNOWN_ARTIFACT,NOT_APPLICABLE,NO_CURRENT_ARTIFACT_REQUIRED
W1-082,DATA_GAP,UNKNOWN_ARTIFACT,NOT_APPLICABLE,NO_CURRENT_ARTIFACT_REQUIRED
W1-083,DATA_GAP,UNKNOWN_ARTIFACT,NOT_APPLICABLE,NO_CURRENT_ARTIFACT_REQUIRED
W1-084,DATA_GAP,UNKNOWN_ARTIFACT,NOT_APPLICABLE,NO_CURRENT_ARTIFACT_REQUIRED
W1-085,DATA_GAP,UNKNOWN_ARTIFACT,NOT_APPLICABLE,NO_CURRENT_ARTIFACT_REQUIRED
W1-086,DATA_GAP,UNKNOWN_ARTIFACT,NOT_APPLICABLE,NO_CURRENT_ARTIFACT_REQUIRED
W1-087,DATA_GAP,UNKNOWN_ARTIFACT,NOT_APPLICABLE,NO_CURRENT_ARTIFACT_REQUIRED
W1-088,DATA_GAP,UNKNOWN_ARTIFACT,NOT_APPLICABLE,NO_CURRENT_ARTIFACT_REQUIRED
W1-089,DATA_GAP,UNKNOWN_ARTIFACT,NOT_APPLICABLE,NO_CURRENT_ARTIFACT_REQUIRED
W1-090,DATA_GAP,UNKNOWN_ARTIFACT,NOT_APPLICABLE,NO_CURRENT_ARTIFACT_REQUIRED
W1-091,DATA_GAP,UNKNOWN_ARTIFACT,NOT_APPLICABLE,NO_CURRENT_ARTIFACT_REQUIRED
W1-092,DATA_GAP,UNKNOWN_ARTIFACT,NOT_APPLICABLE,NO_CURRENT_ARTIFACT_REQUIRED
W1-093,DATA_GAP,UNKNOWN_ARTIFACT,NOT_APPLICABLE,NO_CURRENT_ARTIFACT_REQUIRED
W1-094,DATA_GAP,UNKNOWN_ARTIFACT,NOT_APPLICABLE,NO_CURRENT_ARTIFACT_REQUIRED
W1-095,DATA_GAP,UNKNOWN_ARTIFACT,NOT_APPLICABLE,NO_CURRENT_ARTIFACT_REQUIRED
W1-096,DATA_GAP,UNKNOWN_ARTIFACT,NOT_APPLICABLE,NO_CURRENT_ARTIFACT_REQUIRED
W1-097,DATA_GAP,UNKNOWN_ARTIFACT,NOT_APPLICABLE,NO_CURRENT_ARTIFACT_REQUIRED
W1-098,DATA_GAP,UNKNOWN_ARTIFACT,NOT_APPLICABLE,NO_CURRENT_ARTIFACT_REQUIRED
W1-099,DATA_GAP,UNKNOWN_ARTIFACT,NOT_APPLICABLE,NO_CURRENT_ARTIFACT_REQUIRED
W1-100,DATA_GAP,UNKNOWN_ARTIFACT,NOT_APPLICABLE,NO_CURRENT_ARTIFACT_REQUIRED
W1-101,DATA_GAP,UNKNOWN_ARTIFACT,NOT_APPLICABLE,NO_CURRENT_ARTIFACT_REQUIRED
W1-102,DATA_GAP,UNKNOWN_ARTIFACT,NOT_APPLICABLE,NO_CURRENT_ARTIFACT_REQUIRED
W1-103,DATA_GAP,UNKNOWN_ARTIFACT,NOT_APPLICABLE,NO_CURRENT_ARTIFACT_REQUIRED
W1-104,DATA_GAP,UNKNOWN_ARTIFACT,NOT_APPLICABLE,NO_CURRENT_ARTIFACT_REQUIRED
W1-105,DATA_GAP,UNKNOWN_ARTIFACT,NOT_APPLICABLE,NO_CURRENT_ARTIFACT_REQUIRED
W1-106,DATA_GAP,UNKNOWN_ARTIFACT,NOT_APPLICABLE,NO_CURRENT_ARTIFACT_REQUIRED
W1-107,DATA_GAP,UNKNOWN_ARTIFACT,NOT_APPLICABLE,NO_CURRENT_ARTIFACT_REQUIRED
W1-108,DATA_GAP,UNKNOWN_ARTIFACT,NOT_APPLICABLE,NO_CURRENT_ARTIFACT_REQUIRED
W1-109,DATA_GAP,UNKNOWN_ARTIFACT,NOT_APPLICABLE,NO_CURRENT_ARTIFACT_REQUIRED
W1-110,DATA_GAP,UNKNOWN_ARTIFACT,NOT_APPLICABLE,NO_CURRENT_ARTIFACT_REQUIRED
W1-111,DATA_GAP,UNKNOWN_ARTIFACT,NOT_APPLICABLE,NO_CURRENT_ARTIFACT_REQUIRED
W1-112,DATA_GAP,UNKNOWN_ARTIFACT,NOT_APPLICABLE,NO_CURRENT_ARTIFACT_REQUIRED
W1-113,DATA_GAP,UNKNOWN_ARTIFACT,NOT_APPLICABLE,NO_CURRENT_ARTIFACT_REQUIRED
W1-114,DATA_GAP,UNKNOWN_ARTIFACT,NOT_APPLICABLE,NO_CURRENT_ARTIFACT_REQUIRED
W1-115,DATA_GAP,UNKNOWN_ARTIFACT,NOT_APPLICABLE,NO_CURRENT_ARTIFACT_REQUIRED
W1-116,DATA_GAP,UNKNOWN_ARTIFACT,NOT_APPLICABLE,NO_CURRENT_ARTIFACT_REQUIRED
W1-117,DATA_GAP,UNKNOWN_ARTIFACT,NOT_APPLICABLE,NO_CURRENT_ARTIFACT_REQUIRED
W1-118,DATA_GAP,UNKNOWN_ARTIFACT,NOT_APPLICABLE,NO_CURRENT_ARTIFACT_REQUIRED
W1-119,DATA_GAP,UNKNOWN_ARTIFACT,NOT_APPLICABLE,NO_CURRENT_ARTIFACT_REQUIRED
W1-120,DATA_GAP,UNKNOWN_ARTIFACT,NOT_APPLICABLE,NO_CURRENT_ARTIFACT_REQUIRED
W1-121,DATA_GAP,UNKNOWN_ARTIFACT,NOT_APPLICABLE,NO_CURRENT_ARTIFACT_REQUIRED
W1-122,DATA_GAP,UNKNOWN_ARTIFACT,NOT_APPLICABLE,NO_CURRENT_ARTIFACT_REQUIRED
W1-123,DATA_GAP,UNKNOWN_ARTIFACT,NOT_APPLICABLE,NO_CURRENT_ARTIFACT_REQUIRED
W1-124,DATA_GAP,UNKNOWN_ARTIFACT,NOT_APPLICABLE,NO_CURRENT_ARTIFACT_REQUIRED
W1-125,DATA_GAP,UNKNOWN_ARTIFACT,NOT_APPLICABLE,NO_CURRENT_ARTIFACT_REQUIRED
W1-126,DATA_GAP,UNKNOWN_ARTIFACT,NOT_APPLICABLE,NO_CURRENT_ARTIFACT_REQUIRED
W1-127,DATA_GAP,UNKNOWN_ARTIFACT,NOT_APPLICABLE,NO_CURRENT_ARTIFACT_REQUIRED
W1-128,DATA_GAP,UNKNOWN_ARTIFACT,NOT_APPLICABLE,NO_CURRENT_ARTIFACT_REQUIRED
W1-129,DATA_GAP,UNKNOWN_ARTIFACT,NOT_APPLICABLE,NO_CURRENT_ARTIFACT_REQUIRED
W1-130,DATA_GAP,UNKNOWN_ARTIFACT,NOT_APPLICABLE,NO_CURRENT_ARTIFACT_REQUIRED
W1-131,DATA_GAP,UNKNOWN_ARTIFACT,NOT_APPLICABLE,NO_CURRENT_ARTIFACT_REQUIRED
W1-132,DATA_GAP,UNKNOWN_ARTIFACT,NOT_APPLICABLE,NO_CURRENT_ARTIFACT_REQUIRED
W1-133,DATA_GAP,UNKNOWN_ARTIFACT,NOT_APPLICABLE,NO_CURRENT_ARTIFACT_REQUIRED
W1-134,DATA_GAP,UNKNOWN_ARTIFACT,NOT_APPLICABLE,NO_CURRENT_ARTIFACT_REQUIRED
W1-135,DATA_GAP,UNKNOWN_ARTIFACT,NOT_APPLICABLE,NO_CURRENT_ARTIFACT_REQUIRED
W1-136,DATA_GAP,UNKNOWN_ARTIFACT,NOT_APPLICABLE,NO_CURRENT_ARTIFACT_REQUIRED
W1-137,DATA_GAP,UNKNOWN_ARTIFACT,NOT_APPLICABLE,NO_CURRENT_ARTIFACT_REQUIRED
W1-138,DATA_GAP,UNKNOWN_ARTIFACT,NOT_APPLICABLE,NO_CURRENT_ARTIFACT_REQUIRED
W1-139,DATA_GAP,UNKNOWN_ARTIFACT,NOT_APPLICABLE,NO_CURRENT_ARTIFACT_REQUIRED
W1-140,DATA_GAP,UNKNOWN_ARTIFACT,NOT_APPLICABLE,NO_CURRENT_ARTIFACT_REQUIRED
W1-141,DATA_GAP,UNKNOWN_ARTIFACT,NOT_APPLICABLE,NO_CURRENT_ARTIFACT_REQUIRED
W1-142,DATA_GAP,UNKNOWN_ARTIFACT,NOT_APPLICABLE,NO_CURRENT_ARTIFACT_REQUIRED
W1-143,DATA_GAP,UNKNOWN_ARTIFACT,NOT_APPLICABLE,NO_CURRENT_ARTIFACT_REQUIRED
W1-144,DATA_GAP,UNKNOWN_ARTIFACT,NOT_APPLICABLE,NO_CURRENT_ARTIFACT_REQUIRED
W1-145,DATA_GAP,UNKNOWN_ARTIFACT,NOT_APPLICABLE,NO_CURRENT_ARTIFACT_REQUIRED
W1-146,DATA_GAP,UNKNOWN_ARTIFACT,NOT_APPLICABLE,NO_CURRENT_ARTIFACT_REQUIRED
W1-147,DATA_GAP,UNKNOWN_ARTIFACT,NOT_APPLICABLE,NO_CURRENT_ARTIFACT_REQUIRED
W1-148,DATA_GAP,UNKNOWN_ARTIFACT,NOT_APPLICABLE,NO_CURRENT_ARTIFACT_REQUIRED
W1-149,DATA_GAP,UNKNOWN_ARTIFACT,NOT_APPLICABLE,NO_CURRENT_ARTIFACT_REQUIRED
W1-150,DATA_GAP,UNKNOWN_ARTIFACT,NOT_APPLICABLE,NO_CURRENT_ARTIFACT_REQUIRED
W1-151,DATA_GAP,UNKNOWN_ARTIFACT,NOT_APPLICABLE,NO_CURRENT_ARTIFACT_REQUIRED
W1-152,DATA_GAP,UNKNOWN_ARTIFACT,NOT_APPLICABLE,NO_CURRENT_ARTIFACT_REQUIRED
W1-153,DATA_GAP,UNKNOWN_ARTIFACT,NOT_APPLICABLE,NO_CURRENT_ARTIFACT_REQUIRED
W1-154,DATA_GAP,UNKNOWN_ARTIFACT,NOT_APPLICABLE,NO_CURRENT_ARTIFACT_REQUIRED
W1-155,DATA_GAP,UNKNOWN_ARTIFACT,NOT_APPLICABLE,NO_CURRENT_ARTIFACT_REQUIRED
W1-156,DATA_GAP,UNKNOWN_ARTIFACT,NOT_APPLICABLE,NO_CURRENT_ARTIFACT_REQUIRED
W1-157,DATA_GAP,UNKNOWN_ARTIFACT,NOT_APPLICABLE,NO_CURRENT_ARTIFACT_REQUIRED
W1-158,DATA_GAP,UNKNOWN_ARTIFACT,NOT_APPLICABLE,NO_CURRENT_ARTIFACT_REQUIRED
W1-159,DATA_GAP,UNKNOWN_ARTIFACT,NOT_APPLICABLE,NO_CURRENT_ARTIFACT_REQUIRED
W1-160,DATA_GAP,UNKNOWN_ARTIFACT,NOT_APPLICABLE,NO_CURRENT_ARTIFACT_REQUIRED
W1-161,DATA_GAP,UNKNOWN_ARTIFACT,NOT_APPLICABLE,NO_CURRENT_ARTIFACT_REQUIRED
W1-162,DATA_GAP,UNKNOWN_ARTIFACT,NOT_APPLICABLE,NO_CURRENT_ARTIFACT_REQUIRED
W1-163,DATA_GAP,UNKNOWN_ARTIFACT,NOT_APPLICABLE,NO_CURRENT_ARTIFACT_REQUIRED
W1-164,DATA_GAP,UNKNOWN_ARTIFACT,NOT_APPLICABLE,NO_CURRENT_ARTIFACT_REQUIRED
W1-165,DATA_GAP,UNKNOWN_ARTIFACT,NOT_APPLICABLE,NO_CURRENT_ARTIFACT_REQUIRED
W1-166,DATA_GAP,UNKNOWN_ARTIFACT,NOT_APPLICABLE,NO_CURRENT_ARTIFACT_REQUIRED
W1-167,DATA_GAP,UNKNOWN_ARTIFACT,NOT_APPLICABLE,NO_CURRENT_ARTIFACT_REQUIRED
W1-168,DATA_GAP,UNKNOWN_ARTIFACT,NOT_APPLICABLE,NO_CURRENT_ARTIFACT_REQUIRED
W1-169,DATA_GAP,UNKNOWN_ARTIFACT,NOT_APPLICABLE,NO_CURRENT_ARTIFACT_REQUIRED
W1-170,DATA_GAP,UNKNOWN_ARTIFACT,NOT_APPLICABLE,NO_CURRENT_ARTIFACT_REQUIRED
W1-171,DATA_GAP,UNKNOWN_ARTIFACT,NOT_APPLICABLE,NO_CURRENT_ARTIFACT_REQUIRED
W1-172,DATA_GAP,UNKNOWN_ARTIFACT,NOT_APPLICABLE,NO_CURRENT_ARTIFACT_REQUIRED
W1-173,DATA_GAP,UNKNOWN_ARTIFACT,NOT_APPLICABLE,NO_CURRENT_ARTIFACT_REQUIRED
W1-174,DATA_GAP,UNKNOWN_ARTIFACT,NOT_APPLICABLE,NO_CURRENT_ARTIFACT_REQUIRED
W1-175,POST_PUBLICATION,UNKNOWN_ARTIFACT,NOT_APPLICABLE,NO_CURRENT_ARTIFACT_REQUIRED
W1-176,POST_PUBLICATION,UNKNOWN_ARTIFACT,NOT_APPLICABLE,NO_CURRENT_ARTIFACT_REQUIRED
W1-177,POST_PUBLICATION,UNKNOWN_ARTIFACT,NOT_APPLICABLE,NO_CURRENT_ARTIFACT_REQUIRED
W1-178,POST_PUBLICATION,UNKNOWN_ARTIFACT,NOT_APPLICABLE,NO_CURRENT_ARTIFACT_REQUIRED
W1-179,POST_PUBLICATION,UNKNOWN_ARTIFACT,NOT_APPLICABLE,NO_CURRENT_ARTIFACT_REQUIRED
W1-180,POST_PUBLICATION,UNKNOWN_ARTIFACT,NOT_APPLICABLE,NO_CURRENT_ARTIFACT_REQUIRED
W1-181,POST_PUBLICATION,UNKNOWN_ARTIFACT,NOT_APPLICABLE,NO_CURRENT_ARTIFACT_REQUIRED
W1-182,POST_PUBLICATION,UNKNOWN_ARTIFACT,NOT_APPLICABLE,NO_CURRENT_ARTIFACT_REQUIRED
W1-183,POST_PUBLICATION,UNKNOWN_ARTIFACT,NOT_APPLICABLE,NO_CURRENT_ARTIFACT_REQUIRED
W1-184,POST_PUBLICATION,UNKNOWN_ARTIFACT,NOT_APPLICABLE,NO_CURRENT_ARTIFACT_REQUIRED
W1-185,POST_PUBLICATION,UNKNOWN_ARTIFACT,NOT_APPLICABLE,NO_CURRENT_ARTIFACT_REQUIRED
W1-186,POST_PUBLICATION,UNKNOWN_ARTIFACT,NOT_APPLICABLE,NO_CURRENT_ARTIFACT_REQUIRED
W1-187,POST_PUBLICATION,UNKNOWN_ARTIFACT,NOT_APPLICABLE,NO_CURRENT_ARTIFACT_REQUIRED
W1-188,POST_PUBLICATION,UNKNOWN_ARTIFACT,NOT_APPLICABLE,NO_CURRENT_ARTIFACT_REQUIRED
W1-189,DATA_GAP,UNKNOWN_ARTIFACT,NOT_APPLICABLE,NO_CURRENT_ARTIFACT_REQUIRED
W1-190,DATA_GAP,UNKNOWN_ARTIFACT,NOT_APPLICABLE,NO_CURRENT_ARTIFACT_REQUIRED
W1-191,DATA_GAP,UNKNOWN_ARTIFACT,NOT_APPLICABLE,NO_CURRENT_ARTIFACT_REQUIRED
W1-192,DATA_GAP,UNKNOWN_ARTIFACT,NOT_APPLICABLE,NO_CURRENT_ARTIFACT_REQUIRED
W1-193,DATA_GAP,UNKNOWN_ARTIFACT,NOT_APPLICABLE,NO_CURRENT_ARTIFACT_REQUIRED
W1-194,DATA_GAP,UNKNOWN_ARTIFACT,NOT_APPLICABLE,NO_CURRENT_ARTIFACT_REQUIRED
W1-195,DATA_GAP,UNKNOWN_ARTIFACT,NOT_APPLICABLE,NO_CURRENT_ARTIFACT_REQUIRED
W1-196,DATA_GAP,UNKNOWN_ARTIFACT,NOT_APPLICABLE,NO_CURRENT_ARTIFACT_REQUIRED
W1-197,DATA_GAP,UNKNOWN_ARTIFACT,NOT_APPLICABLE,NO_CURRENT_ARTIFACT_REQUIRED
W1-198,DATA_GAP,UNKNOWN_ARTIFACT,NOT_APPLICABLE,NO_CURRENT_ARTIFACT_REQUIRED
W1-199,DATA_GAP,UNKNOWN_ARTIFACT,NOT_APPLICABLE,NO_CURRENT_ARTIFACT_REQUIRED
W1-200,DATA_GAP,UNKNOWN_ARTIFACT,NOT_APPLICABLE,NO_CURRENT_ARTIFACT_REQUIRED
W1-201,DATA_GAP,UNKNOWN_ARTIFACT,NOT_APPLICABLE,NO_CURRENT_ARTIFACT_REQUIRED
W1-202,DATA_GAP,UNKNOWN_ARTIFACT,NOT_APPLICABLE,NO_CURRENT_ARTIFACT_REQUIRED
W1-203,DATA_GAP,UNKNOWN_ARTIFACT,NOT_APPLICABLE,NO_CURRENT_ARTIFACT_REQUIRED
W1-204,DATA_GAP,UNKNOWN_ARTIFACT,NOT_APPLICABLE,NO_CURRENT_ARTIFACT_REQUIRED
W1-205,DATA_GAP,UNKNOWN_ARTIFACT,NOT_APPLICABLE,NO_CURRENT_ARTIFACT_REQUIRED
W1-206,DATA_GAP,UNKNOWN_ARTIFACT,NOT_APPLICABLE,NO_CURRENT_ARTIFACT_REQUIRED
W1-207,DATA_GAP,UNKNOWN_ARTIFACT,NOT_APPLICABLE,NO_CURRENT_ARTIFACT_REQUIRED
W1-208,DATA_GAP,UNKNOWN_ARTIFACT,NOT_APPLICABLE,NO_CURRENT_ARTIFACT_REQUIRED
W1-209,DATA_GAP,UNKNOWN_ARTIFACT,NOT_APPLICABLE,NO_CURRENT_ARTIFACT_REQUIRED
W1-210,DATA_GAP,UNKNOWN_ARTIFACT,NOT_APPLICABLE,NO_CURRENT_ARTIFACT_REQUIRED
W1-211,DATA_GAP,UNKNOWN_ARTIFACT,NOT_APPLICABLE,NO_CURRENT_ARTIFACT_REQUIRED
W1-212,DATA_GAP,UNKNOWN_ARTIFACT,NOT_APPLICABLE,NO_CURRENT_ARTIFACT_REQUIRED
W1-213,DATA_GAP,UNKNOWN_ARTIFACT,NOT_APPLICABLE,NO_CURRENT_ARTIFACT_REQUIRED
W1-214,DATA_GAP,UNKNOWN_ARTIFACT,NOT_APPLICABLE,NO_CURRENT_ARTIFACT_REQUIRED
W1-215,DATA_GAP,UNKNOWN_ARTIFACT,NOT_APPLICABLE,NO_CURRENT_ARTIFACT_REQUIRED
W1-216,DATA_GAP,UNKNOWN_ARTIFACT,NOT_APPLICABLE,NO_CURRENT_ARTIFACT_REQUIRED
W1-217,DATA_GAP,UNKNOWN_ARTIFACT,NOT_APPLICABLE,NO_CURRENT_ARTIFACT_REQUIRED
W1-218,DATA_GAP,UNKNOWN_ARTIFACT,NOT_APPLICABLE,NO_CURRENT_ARTIFACT_REQUIRED
W1-219,DATA_GAP,UNKNOWN_ARTIFACT,NOT_APPLICABLE,NO_CURRENT_ARTIFACT_REQUIRED
W1-220,DATA_GAP,UNKNOWN_ARTIFACT,NOT_APPLICABLE,NO_CURRENT_ARTIFACT_REQUIRED
W1-221,DATA_GAP,UNKNOWN_ARTIFACT,NOT_APPLICABLE,NO_CURRENT_ARTIFACT_REQUIRED
W1-222,DATA_GAP,UNKNOWN_ARTIFACT,NOT_APPLICABLE,NO_CURRENT_ARTIFACT_REQUIRED
W1-223,DATA_GAP,UNKNOWN_ARTIFACT,NOT_APPLICABLE,NO_CURRENT_ARTIFACT_REQUIRED
W1-224,DATA_GAP,UNKNOWN_ARTIFACT,NOT_APPLICABLE,NO_CURRENT_ARTIFACT_REQUIRED
W1-225,DATA_GAP,UNKNOWN_ARTIFACT,NOT_APPLICABLE,NO_CURRENT_ARTIFACT_REQUIRED
W1-226,DATA_GAP,UNKNOWN_ARTIFACT,NOT_APPLICABLE,NO_CURRENT_ARTIFACT_REQUIRED
W1-227,DATA_GAP,UNKNOWN_ARTIFACT,NOT_APPLICABLE,NO_CURRENT_ARTIFACT_REQUIRED
W1-228,DATA_GAP,UNKNOWN_ARTIFACT,NOT_APPLICABLE,NO_CURRENT_ARTIFACT_REQUIRED
W1-229,DATA_GAP,UNKNOWN_ARTIFACT,NOT_APPLICABLE,NO_CURRENT_ARTIFACT_REQUIRED
W1-230,DATA_GAP,UNKNOWN_ARTIFACT,NOT_APPLICABLE,NO_CURRENT_ARTIFACT_REQUIRED
W1-231,DATA_GAP,UNKNOWN_ARTIFACT,NOT_APPLICABLE,NO_CURRENT_ARTIFACT_REQUIRED
W1-232,DATA_GAP,UNKNOWN_ARTIFACT,NOT_APPLICABLE,NO_CURRENT_ARTIFACT_REQUIRED
W1-233,DATA_GAP,UNKNOWN_ARTIFACT,NOT_APPLICABLE,NO_CURRENT_ARTIFACT_REQUIRED
W1-234,DATA_GAP,UNKNOWN_ARTIFACT,NOT_APPLICABLE,NO_CURRENT_ARTIFACT_REQUIRED
W1-235,DATA_GAP,UNKNOWN_ARTIFACT,NOT_APPLICABLE,NO_CURRENT_ARTIFACT_REQUIRED
W1-236,DATA_GAP,UNKNOWN_ARTIFACT,NOT_APPLICABLE,NO_CURRENT_ARTIFACT_REQUIRED
W1-237,DATA_GAP,UNKNOWN_ARTIFACT,NOT_APPLICABLE,NO_CURRENT_ARTIFACT_REQUIRED
W1-238,DATA_GAP,UNKNOWN_ARTIFACT,NOT_APPLICABLE,NO_CURRENT_ARTIFACT_REQUIRED
W1-239,DATA_GAP,UNKNOWN_ARTIFACT,NOT_APPLICABLE,NO_CURRENT_ARTIFACT_REQUIRED
W1-240,DATA_GAP,UNKNOWN_ARTIFACT,NOT_APPLICABLE,NO_CURRENT_ARTIFACT_REQUIRED
W1-241,DATA_GAP,UNKNOWN_ARTIFACT,NOT_APPLICABLE,NO_CURRENT_ARTIFACT_REQUIRED
W1-242,DATA_GAP,UNKNOWN_ARTIFACT,NOT_APPLICABLE,NO_CURRENT_ARTIFACT_REQUIRED
W1-243,DATA_GAP,UNKNOWN_ARTIFACT,NOT_APPLICABLE,NO_CURRENT_ARTIFACT_REQUIRED
W1-244,DATA_GAP,UNKNOWN_ARTIFACT,NOT_APPLICABLE,NO_CURRENT_ARTIFACT_REQUIRED
W1-245,DATA_GAP,UNKNOWN_ARTIFACT,NOT_APPLICABLE,NO_CURRENT_ARTIFACT_REQUIRED
W1-246,DATA_GAP,UNKNOWN_ARTIFACT,NOT_APPLICABLE,NO_CURRENT_ARTIFACT_REQUIRED
W1-247,DATA_GAP,UNKNOWN_ARTIFACT,NOT_APPLICABLE,NO_CURRENT_ARTIFACT_REQUIRED
W1-248,DATA_GAP,UNKNOWN_ARTIFACT,NOT_APPLICABLE,NO_CURRENT_ARTIFACT_REQUIRED
W1-249,DATA_GAP,UNKNOWN_ARTIFACT,NOT_APPLICABLE,NO_CURRENT_ARTIFACT_REQUIRED
W1-250,DATA_GAP,UNKNOWN_ARTIFACT,NOT_APPLICABLE,NO_CURRENT_ARTIFACT_REQUIRED
W1-251,DATA_GAP,UNKNOWN_ARTIFACT,NOT_APPLICABLE,NO_CURRENT_ARTIFACT_REQUIRED
W1-252,DATA_GAP,UNKNOWN_ARTIFACT,NOT_APPLICABLE,NO_CURRENT_ARTIFACT_REQUIRED
W1-253,DATA_GAP,UNKNOWN_ARTIFACT,NOT_APPLICABLE,NO_CURRENT_ARTIFACT_REQUIRED
W1-254,DATA_GAP,UNKNOWN_ARTIFACT,NOT_APPLICABLE,NO_CURRENT_ARTIFACT_REQUIRED
W1-255,DATA_GAP,UNKNOWN_ARTIFACT,NOT_APPLICABLE,NO_CURRENT_ARTIFACT_REQUIRED
W1-256,DATA_GAP,UNKNOWN_ARTIFACT,NOT_APPLICABLE,NO_CURRENT_ARTIFACT_REQUIRED
W1-257,DATA_GAP,UNKNOWN_ARTIFACT,NOT_APPLICABLE,NO_CURRENT_ARTIFACT_REQUIRED
W1-258,DATA_GAP,UNKNOWN_ARTIFACT,NOT_APPLICABLE,NO_CURRENT_ARTIFACT_REQUIRED
W1-259,DATA_GAP,UNKNOWN_ARTIFACT,NOT_APPLICABLE,NO_CURRENT_ARTIFACT_REQUIRED
W1-260,DATA_GAP,UNKNOWN_ARTIFACT,NOT_APPLICABLE,NO_CURRENT_ARTIFACT_REQUIRED
W1-261,DATA_GAP,UNKNOWN_ARTIFACT,NOT_APPLICABLE,NO_CURRENT_ARTIFACT_REQUIRED
W1-262,DATA_GAP,UNKNOWN_ARTIFACT,NOT_APPLICABLE,NO_CURRENT_ARTIFACT_REQUIRED
W1-263,DATA_GAP,UNKNOWN_ARTIFACT,NOT_APPLICABLE,NO_CURRENT_ARTIFACT_REQUIRED
W1-264,DATA_GAP,UNKNOWN_ARTIFACT,NOT_APPLICABLE,NO_CURRENT_ARTIFACT_REQUIRED
W1-265,DATA_GAP,UNKNOWN_ARTIFACT,NOT_APPLICABLE,NO_CURRENT_ARTIFACT_REQUIRED
W1-266,DATA_GAP,UNKNOWN_ARTIFACT,NOT_APPLICABLE,NO_CURRENT_ARTIFACT_REQUIRED
W1-267,DATA_GAP,UNKNOWN_ARTIFACT,NOT_APPLICABLE,NO_CURRENT_ARTIFACT_REQUIRED
W1-268,DATA_GAP,UNKNOWN_ARTIFACT,NOT_APPLICABLE,NO_CURRENT_ARTIFACT_REQUIRED
W1-269,DATA_GAP,UNKNOWN_ARTIFACT,NOT_APPLICABLE,NO_CURRENT_ARTIFACT_REQUIRED
W1-270,DATA_GAP,UNKNOWN_ARTIFACT,NOT_APPLICABLE,NO_CURRENT_ARTIFACT_REQUIRED
W1-271,DATA_GAP,UNKNOWN_ARTIFACT,NOT_APPLICABLE,NO_CURRENT_ARTIFACT_REQUIRED
W1-272,DATA_GAP,UNKNOWN_ARTIFACT,NOT_APPLICABLE,NO_CURRENT_ARTIFACT_REQUIRED
W1-273,DATA_GAP,UNKNOWN_ARTIFACT,NOT_APPLICABLE,NO_CURRENT_ARTIFACT_REQUIRED
W1-274,DATA_GAP,UNKNOWN_ARTIFACT,NOT_APPLICABLE,NO_CURRENT_ARTIFACT_REQUIRED
W1-275,DATA_GAP,UNKNOWN_ARTIFACT,NOT_APPLICABLE,NO_CURRENT_ARTIFACT_REQUIRED
W1-276,DATA_GAP,UNKNOWN_ARTIFACT,NOT_APPLICABLE,NO_CURRENT_ARTIFACT_REQUIRED
W1-277,DATA_GAP,UNKNOWN_ARTIFACT,NOT_APPLICABLE,NO_CURRENT_ARTIFACT_REQUIRED
W1-278,DATA_GAP,UNKNOWN_ARTIFACT,NOT_APPLICABLE,NO_CURRENT_ARTIFACT_REQUIRED
W1-279,DATA_GAP,UNKNOWN_ARTIFACT,NOT_APPLICABLE,NO_CURRENT_ARTIFACT_REQUIRED
W1-280,DATA_GAP,UNKNOWN_ARTIFACT,NOT_APPLICABLE,NO_CURRENT_ARTIFACT_REQUIRED
W1-281,DATA_GAP,UNKNOWN_ARTIFACT,NOT_APPLICABLE,NO_CURRENT_ARTIFACT_REQUIRED
W1-282,DATA_GAP,UNKNOWN_ARTIFACT,NOT_APPLICABLE,NO_CURRENT_ARTIFACT_REQUIRED
W1-283,DATA_GAP,UNKNOWN_ARTIFACT,NOT_APPLICABLE,NO_CURRENT_ARTIFACT_REQUIRED
W1-284,DATA_GAP,UNKNOWN_ARTIFACT,NOT_APPLICABLE,NO_CURRENT_ARTIFACT_REQUIRED
W1-285,DATA_GAP,UNKNOWN_ARTIFACT,NOT_APPLICABLE,NO_CURRENT_ARTIFACT_REQUIRED
W1-286,DATA_GAP,UNKNOWN_ARTIFACT,NOT_APPLICABLE,NO_CURRENT_ARTIFACT_REQUIRED
W1-287,DATA_GAP,UNKNOWN_ARTIFACT,NOT_APPLICABLE,NO_CURRENT_ARTIFACT_REQUIRED
W1-288,DATA_GAP,UNKNOWN_ARTIFACT,NOT_APPLICABLE,NO_CURRENT_ARTIFACT_REQUIRED
W1-289,DATA_GAP,UNKNOWN_ARTIFACT,NOT_APPLICABLE,NO_CURRENT_ARTIFACT_REQUIRED
W1-290,DATA_GAP,UNKNOWN_ARTIFACT,NOT_APPLICABLE,NO_CURRENT_ARTIFACT_REQUIRED
W1-291,DATA_GAP,UNKNOWN_ARTIFACT,NOT_APPLICABLE,NO_CURRENT_ARTIFACT_REQUIRED
W1-292,DATA_GAP,UNKNOWN_ARTIFACT,NOT_APPLICABLE,NO_CURRENT_ARTIFACT_REQUIRED
W1-293,DATA_GAP,UNKNOWN_ARTIFACT,NOT_APPLICABLE,NO_CURRENT_ARTIFACT_REQUIRED
W1-294,DATA_GAP,UNKNOWN_ARTIFACT,NOT_APPLICABLE,NO_CURRENT_ARTIFACT_REQUIRED
W1-295,DATA_GAP,UNKNOWN_ARTIFACT,NOT_APPLICABLE,NO_CURRENT_ARTIFACT_REQUIRED
W1-296,DATA_GAP,UNKNOWN_ARTIFACT,NOT_APPLICABLE,NO_CURRENT_ARTIFACT_REQUIRED
W1-297,DATA_GAP,UNKNOWN_ARTIFACT,NOT_APPLICABLE,NO_CURRENT_ARTIFACT_REQUIRED
W1-298,DATA_GAP,UNKNOWN_ARTIFACT,NOT_APPLICABLE,NO_CURRENT_ARTIFACT_REQUIRED
W1-299,DATA_GAP,UNKNOWN_ARTIFACT,NOT_APPLICABLE,NO_CURRENT_ARTIFACT_REQUIRED
W1-300,DATA_GAP,UNKNOWN_ARTIFACT,NOT_APPLICABLE,NO_CURRENT_ARTIFACT_REQUIRED
W1-301,COMMERCIAL_ACTIVATION,UNKNOWN_ARTIFACT,NOT_APPLICABLE,NO_CURRENT_ARTIFACT_REQUIRED
W1-302,POST_PUBLICATION,UNKNOWN_ARTIFACT,NOT_APPLICABLE,NO_CURRENT_ARTIFACT_REQUIRED
W1-303,DATA_GAP,UNKNOWN_ARTIFACT,NOT_APPLICABLE,NO_CURRENT_ARTIFACT_REQUIRED
W1-304,DATA_GAP,UNKNOWN_ARTIFACT,NOT_APPLICABLE,NO_CURRENT_ARTIFACT_REQUIRED
W1-305,DATA_GAP,UNKNOWN_ARTIFACT,NOT_APPLICABLE,NO_CURRENT_ARTIFACT_REQUIRED
W1-306,DATA_GAP,UNKNOWN_ARTIFACT,NOT_APPLICABLE,NO_CURRENT_ARTIFACT_REQUIRED
W1-307,POST_PUBLICATION,UNKNOWN_ARTIFACT,NOT_APPLICABLE,NO_CURRENT_ARTIFACT_REQUIRED
W1-308,POST_PUBLICATION,UNKNOWN_ARTIFACT,NOT_APPLICABLE,NO_CURRENT_ARTIFACT_REQUIRED
W1-309,DATA_GAP,UNKNOWN_ARTIFACT,NOT_APPLICABLE,NO_CURRENT_ARTIFACT_REQUIRED
W1-310,DATA_GAP,UNKNOWN_ARTIFACT,NOT_APPLICABLE,NO_CURRENT_ARTIFACT_REQUIRED
W1-311,DATA_GAP,UNKNOWN_ARTIFACT,NOT_APPLICABLE,NO_CURRENT_ARTIFACT_REQUIRED
W1-312,DATA_GAP,UNKNOWN_ARTIFACT,NOT_APPLICABLE,NO_CURRENT_ARTIFACT_REQUIRED
W1-313,DATA_GAP,UNKNOWN_ARTIFACT,NOT_APPLICABLE,NO_CURRENT_ARTIFACT_REQUIRED
W1-314,DATA_GAP,UNKNOWN_ARTIFACT,NOT_APPLICABLE,NO_CURRENT_ARTIFACT_REQUIRED
W1-315,DATA_GAP,UNKNOWN_ARTIFACT,NOT_APPLICABLE,NO_CURRENT_ARTIFACT_REQUIRED
W1-316,DATA_GAP,UNKNOWN_ARTIFACT,NOT_APPLICABLE,NO_CURRENT_ARTIFACT_REQUIRED
W1-317,DATA_GAP,UNKNOWN_ARTIFACT,NOT_APPLICABLE,NO_CURRENT_ARTIFACT_REQUIRED
W1-318,DATA_GAP,UNKNOWN_ARTIFACT,NOT_APPLICABLE,NO_CURRENT_ARTIFACT_REQUIRED
W1-319,DATA_GAP,UNKNOWN_ARTIFACT,NOT_APPLICABLE,NO_CURRENT_ARTIFACT_REQUIRED
W1-320,DATA_GAP,UNKNOWN_ARTIFACT,NOT_APPLICABLE,NO_CURRENT_ARTIFACT_REQUIRED
W1-321,DATA_GAP,UNKNOWN_ARTIFACT,NOT_APPLICABLE,NO_CURRENT_ARTIFACT_REQUIRED
W1-322,DATA_GAP,UNKNOWN_ARTIFACT,NOT_APPLICABLE,NO_CURRENT_ARTIFACT_REQUIRED
W1-323,DATA_GAP,UNKNOWN_ARTIFACT,NOT_APPLICABLE,NO_CURRENT_ARTIFACT_REQUIRED
W1-324,DATA_GAP,UNKNOWN_ARTIFACT,NOT_APPLICABLE,NO_CURRENT_ARTIFACT_REQUIRED
W1-325,DATA_GAP,UNKNOWN_ARTIFACT,NOT_APPLICABLE,NO_CURRENT_ARTIFACT_REQUIRED
W1-326,DATA_GAP,UNKNOWN_ARTIFACT,NOT_APPLICABLE,NO_CURRENT_ARTIFACT_REQUIRED
W1-327,DATA_GAP,UNKNOWN_ARTIFACT,NOT_APPLICABLE,NO_CURRENT_ARTIFACT_REQUIRED
W1-328,DATA_GAP,UNKNOWN_ARTIFACT,NOT_APPLICABLE,NO_CURRENT_ARTIFACT_REQUIRED
W1-329,DATA_GAP,UNKNOWN_ARTIFACT,NOT_APPLICABLE,NO_CURRENT_ARTIFACT_REQUIRED
W1-330,DATA_GAP,UNKNOWN_ARTIFACT,NOT_APPLICABLE,NO_CURRENT_ARTIFACT_REQUIRED
W1-331,DATA_GAP,UNKNOWN_ARTIFACT,NOT_APPLICABLE,NO_CURRENT_ARTIFACT_REQUIRED
W1-332,DATA_GAP,UNKNOWN_ARTIFACT,NOT_APPLICABLE,NO_CURRENT_ARTIFACT_REQUIRED
W1-333,DATA_GAP,UNKNOWN_ARTIFACT,NOT_APPLICABLE,NO_CURRENT_ARTIFACT_REQUIRED
W1-334,DATA_GAP,UNKNOWN_ARTIFACT,NOT_APPLICABLE,NO_CURRENT_ARTIFACT_REQUIRED
W1-335,DATA_GAP,UNKNOWN_ARTIFACT,NOT_APPLICABLE,NO_CURRENT_ARTIFACT_REQUIRED
W1-336,DATA_GAP,UNKNOWN_ARTIFACT,NOT_APPLICABLE,NO_CURRENT_ARTIFACT_REQUIRED
W1-337,DATA_GAP,UNKNOWN_ARTIFACT,NOT_APPLICABLE,NO_CURRENT_ARTIFACT_REQUIRED
W1-338,DATA_GAP,UNKNOWN_ARTIFACT,NOT_APPLICABLE,NO_CURRENT_ARTIFACT_REQUIRED
W1-339,DATA_GAP,UNKNOWN_ARTIFACT,NOT_APPLICABLE,NO_CURRENT_ARTIFACT_REQUIRED
W1-340,DATA_GAP,UNKNOWN_ARTIFACT,NOT_APPLICABLE,NO_CURRENT_ARTIFACT_REQUIRED
W1-341,DATA_GAP,UNKNOWN_ARTIFACT,NOT_APPLICABLE,NO_CURRENT_ARTIFACT_REQUIRED
W1-342,DATA_GAP,UNKNOWN_ARTIFACT,NOT_APPLICABLE,NO_CURRENT_ARTIFACT_REQUIRED
W1-343,DATA_GAP,UNKNOWN_ARTIFACT,NOT_APPLICABLE,NO_CURRENT_ARTIFACT_REQUIRED
W1-344,DATA_GAP,UNKNOWN_ARTIFACT,NOT_APPLICABLE,NO_CURRENT_ARTIFACT_REQUIRED
W1-345,DATA_GAP,UNKNOWN_ARTIFACT,NOT_APPLICABLE,NO_CURRENT_ARTIFACT_REQUIRED
W1-346,DATA_GAP,UNKNOWN_ARTIFACT,NOT_APPLICABLE,NO_CURRENT_ARTIFACT_REQUIRED
W1-347,DATA_GAP,UNKNOWN_ARTIFACT,NOT_APPLICABLE,NO_CURRENT_ARTIFACT_REQUIRED
W1-348,DATA_GAP,UNKNOWN_ARTIFACT,NOT_APPLICABLE,NO_CURRENT_ARTIFACT_REQUIRED
W1-349,DATA_GAP,UNKNOWN_ARTIFACT,NOT_APPLICABLE,NO_CURRENT_ARTIFACT_REQUIRED
W1-350,DATA_GAP,UNKNOWN_ARTIFACT,NOT_APPLICABLE,NO_CURRENT_ARTIFACT_REQUIRED
W1-351,DATA_GAP,UNKNOWN_ARTIFACT,NOT_APPLICABLE,NO_CURRENT_ARTIFACT_REQUIRED
W1-352,DATA_GAP,UNKNOWN_ARTIFACT,NOT_APPLICABLE,NO_CURRENT_ARTIFACT_REQUIRED
W1-353,DATA_GAP,UNKNOWN_ARTIFACT,NOT_APPLICABLE,NO_CURRENT_ARTIFACT_REQUIRED
W1-354,DATA_GAP,UNKNOWN_ARTIFACT,NOT_APPLICABLE,NO_CURRENT_ARTIFACT_REQUIRED
W1-355,DATA_GAP,UNKNOWN_ARTIFACT,NOT_APPLICABLE,NO_CURRENT_ARTIFACT_REQUIRED
W1-356,DATA_GAP,UNKNOWN_ARTIFACT,NOT_APPLICABLE,NO_CURRENT_ARTIFACT_REQUIRED
W1-357,DATA_GAP,UNKNOWN_ARTIFACT,NOT_APPLICABLE,NO_CURRENT_ARTIFACT_REQUIRED
W1-358,DATA_GAP,UNKNOWN_ARTIFACT,NOT_APPLICABLE,NO_CURRENT_ARTIFACT_REQUIRED
W1-359,DATA_GAP,UNKNOWN_ARTIFACT,NOT_APPLICABLE,NO_CURRENT_ARTIFACT_REQUIRED
W1-360,DATA_GAP,UNKNOWN_ARTIFACT,NOT_APPLICABLE,NO_CURRENT_ARTIFACT_REQUIRED
W1-361,DATA_GAP,UNKNOWN_ARTIFACT,NOT_APPLICABLE,NO_CURRENT_ARTIFACT_REQUIRED
W1-362,DATA_GAP,UNKNOWN_ARTIFACT,NOT_APPLICABLE,NO_CURRENT_ARTIFACT_REQUIRED
W1-363,DATA_GAP,UNKNOWN_ARTIFACT,NOT_APPLICABLE,NO_CURRENT_ARTIFACT_REQUIRED
W1-364,DATA_GAP,UNKNOWN_ARTIFACT,NOT_APPLICABLE,NO_CURRENT_ARTIFACT_REQUIRED
W1-365,DATA_GAP,UNKNOWN_ARTIFACT,NOT_APPLICABLE,NO_CURRENT_ARTIFACT_REQUIRED
W1-366,DATA_GAP,UNKNOWN_ARTIFACT,NOT_APPLICABLE,NO_CURRENT_ARTIFACT_REQUIRED
W1-367,DATA_GAP,UNKNOWN_ARTIFACT,NOT_APPLICABLE,NO_CURRENT_ARTIFACT_REQUIRED
W1-368,DATA_GAP,UNKNOWN_ARTIFACT,NOT_APPLICABLE,NO_CURRENT_ARTIFACT_REQUIRED
W1-369,DATA_GAP,UNKNOWN_ARTIFACT,NOT_APPLICABLE,NO_CURRENT_ARTIFACT_REQUIRED
W1-370,DATA_GAP,UNKNOWN_ARTIFACT,NOT_APPLICABLE,NO_CURRENT_ARTIFACT_REQUIRED
W1-371,DATA_GAP,UNKNOWN_ARTIFACT,NOT_APPLICABLE,NO_CURRENT_ARTIFACT_REQUIRED
W1-372,DATA_GAP,UNKNOWN_ARTIFACT,NOT_APPLICABLE,NO_CURRENT_ARTIFACT_REQUIRED
W1-373,DATA_GAP,UNKNOWN_ARTIFACT,NOT_APPLICABLE,NO_CURRENT_ARTIFACT_REQUIRED
W1-374,DATA_GAP,UNKNOWN_ARTIFACT,NOT_APPLICABLE,NO_CURRENT_ARTIFACT_REQUIRED
W1-375,DATA_GAP,UNKNOWN_ARTIFACT,NOT_APPLICABLE,NO_CURRENT_ARTIFACT_REQUIRED
W1-376,DATA_GAP,UNKNOWN_ARTIFACT,NOT_APPLICABLE,NO_CURRENT_ARTIFACT_REQUIRED
W1-377,DATA_GAP,UNKNOWN_ARTIFACT,NOT_APPLICABLE,NO_CURRENT_ARTIFACT_REQUIRED
W1-378,DATA_GAP,UNKNOWN_ARTIFACT,NOT_APPLICABLE,NO_CURRENT_ARTIFACT_REQUIRED
W1-379,DATA_GAP,UNKNOWN_ARTIFACT,NOT_APPLICABLE,NO_CURRENT_ARTIFACT_REQUIRED
W1-380,DATA_GAP,UNKNOWN_ARTIFACT,NOT_APPLICABLE,NO_CURRENT_ARTIFACT_REQUIRED
W1-381,DATA_GAP,UNKNOWN_ARTIFACT,NOT_APPLICABLE,NO_CURRENT_ARTIFACT_REQUIRED
W1-382,DATA_GAP,UNKNOWN_ARTIFACT,NOT_APPLICABLE,NO_CURRENT_ARTIFACT_REQUIRED
W1-383,DATA_GAP,UNKNOWN_ARTIFACT,NOT_APPLICABLE,NO_CURRENT_ARTIFACT_REQUIRED
W1-384,DATA_GAP,UNKNOWN_ARTIFACT,NOT_APPLICABLE,NO_CURRENT_ARTIFACT_REQUIRED
W1-385,DATA_GAP,UNKNOWN_ARTIFACT,NOT_APPLICABLE,NO_CURRENT_ARTIFACT_REQUIRED
W1-386,DATA_GAP,UNKNOWN_ARTIFACT,NOT_APPLICABLE,NO_CURRENT_ARTIFACT_REQUIRED
W1-387,DATA_GAP,UNKNOWN_ARTIFACT,NOT_APPLICABLE,NO_CURRENT_ARTIFACT_REQUIRED
W1-388,DATA_GAP,UNKNOWN_ARTIFACT,NOT_APPLICABLE,NO_CURRENT_ARTIFACT_REQUIRED
W1-389,DATA_GAP,UNKNOWN_ARTIFACT,NOT_APPLICABLE,NO_CURRENT_ARTIFACT_REQUIRED
W1-390,DATA_GAP,UNKNOWN_ARTIFACT,NOT_APPLICABLE,NO_CURRENT_ARTIFACT_REQUIRED
W1-391,DATA_GAP,UNKNOWN_ARTIFACT,NOT_APPLICABLE,NO_CURRENT_ARTIFACT_REQUIRED
W1-392,DATA_GAP,UNKNOWN_ARTIFACT,NOT_APPLICABLE,NO_CURRENT_ARTIFACT_REQUIRED
W1-393,DATA_GAP,UNKNOWN_ARTIFACT,NOT_APPLICABLE,NO_CURRENT_ARTIFACT_REQUIRED
W1-394,DATA_GAP,UNKNOWN_ARTIFACT,NOT_APPLICABLE,NO_CURRENT_ARTIFACT_REQUIRED
W1-395,DATA_GAP,UNKNOWN_ARTIFACT,NOT_APPLICABLE,NO_CURRENT_ARTIFACT_REQUIRED
W1-396,DATA_GAP,UNKNOWN_ARTIFACT,NOT_APPLICABLE,NO_CURRENT_ARTIFACT_REQUIRED
W1-397,DATA_GAP,UNKNOWN_ARTIFACT,NOT_APPLICABLE,NO_CURRENT_ARTIFACT_REQUIRED
W1-398,DATA_GAP,UNKNOWN_ARTIFACT,NOT_APPLICABLE,NO_CURRENT_ARTIFACT_REQUIRED
W1-399,DATA_GAP,UNKNOWN_ARTIFACT,NOT_APPLICABLE,NO_CURRENT_ARTIFACT_REQUIRED
W1-400,DATA_GAP,UNKNOWN_ARTIFACT,NOT_APPLICABLE,NO_CURRENT_ARTIFACT_REQUIRED
W1-401,DATA_GAP,UNKNOWN_ARTIFACT,NOT_APPLICABLE,NO_CURRENT_ARTIFACT_REQUIRED
W1-402,DATA_GAP,UNKNOWN_ARTIFACT,NOT_APPLICABLE,NO_CURRENT_ARTIFACT_REQUIRED
W1-403,DATA_GAP,UNKNOWN_ARTIFACT,NOT_APPLICABLE,NO_CURRENT_ARTIFACT_REQUIRED
W1-404,DATA_GAP,UNKNOWN_ARTIFACT,NOT_APPLICABLE,NO_CURRENT_ARTIFACT_REQUIRED
W1-405,DATA_GAP,UNKNOWN_ARTIFACT,NOT_APPLICABLE,NO_CURRENT_ARTIFACT_REQUIRED
W1-406,POST_PUBLICATION,UNKNOWN_ARTIFACT,NOT_APPLICABLE,NO_CURRENT_ARTIFACT_REQUIRED
W1-407,POST_PUBLICATION,UNKNOWN_ARTIFACT,NOT_APPLICABLE,NO_CURRENT_ARTIFACT_REQUIRED
W1-408,POST_PUBLICATION,UNKNOWN_ARTIFACT,NOT_APPLICABLE,NO_CURRENT_ARTIFACT_REQUIRED
