SOURCE_RECORD_ID,CANONICAL_AUTHORITY_STATUS,PROVEN_GOVERNED_STAGE,CURRENT_ARTIFACT_ID,CURRENT_ARTIFACT_CLASS,CURRENT_ARTIFACT_VERSION,ARTIFACT_TITLE_BINDING,ARTIFACT_STAGE_COMPATIBILITY,ARTIFACT_APPROVAL_STATUS,ARTIFACT_TRUST_CLASSIFICATION,EXCEPTION_REASON
W1-001,PLACEHOLDER,DATA_GAP,DATA_GAP,UNKNOWN_ARTIFACT,DATA_GAP,NOT_REQUIRED,NOT_APPLICABLE,APPROVAL_NOT_REQUIRED,NO_CURRENT_ARTIFACT_REQUIRED,No current active artifact is required for this proven governed state.
W1-002,PLACEHOLDER,DATA_GAP,DATA_GAP,UNKNOWN_ARTIFACT,DATA_GAP,NOT_REQUIRED,NOT_APPLICABLE,APPROVAL_NOT_REQUIRED,NO_CURRENT_ARTIFACT_REQUIRED,No current active artifact is required for this proven governed state.
W1-003,LEGACY_TITLE_RECORD,DATA_GAP,DATA_GAP,UNKNOWN_ARTIFACT,DATA_GAP,NOT_REQUIRED,NOT_APPLICABLE,APPROVAL_NOT_REQUIRED,NO_CURRENT_ARTIFACT_REQUIRED,No current active artifact is required for this proven governed state.
W1-004,LEGACY_TITLE_RECORD,DATA_GAP,DATA_GAP,UNKNOWN_ARTIFACT,DATA_GAP,NOT_REQUIRED,NOT_APPLICABLE,APPROVAL_NOT_REQUIRED,NO_CURRENT_ARTIFACT_REQUIRED,No current active artifact is required for this proven governed state.
W1-005,LEGACY_TITLE_RECORD,DATA_GAP,DATA_GAP,UNKNOWN_ARTIFACT,DATA_GAP,NOT_REQUIRED,NOT_APPLICABLE,APPROVAL_NOT_REQUIRED,NO_CURRENT_ARTIFACT_REQUIRED,No current active artifact is required for this proven governed state.
W1-006,LEGACY_TITLE_RECORD,DATA_GAP,DATA_GAP,UNKNOWN_ARTIFACT,DATA_GAP,NOT_REQUIRED,NOT_APPLICABLE,APPROVAL_NOT_REQUIRED,NO_CURRENT_ARTIFACT_REQUIRED,No current active artifact is required for this proven governed state.
W1-007,LEGACY_TITLE_RECORD,DATA_GAP,DATA_GAP,UNKNOWN_ARTIFACT,DATA_GAP,NOT_REQUIRED,NOT_APPLICABLE,APPROVAL_NOT_REQUIRED,NO_CURRENT_ARTIFACT_REQUIRED,No current active artifact is required for this proven governed state.
W1-008,LEGACY_TITLE_RECORD,DATA_GAP,DATA_GAP,UNKNOWN_ARTIFACT,DATA_GAP,NOT_REQUIRED,NOT_APPLICABLE,APPROVAL_NOT_REQUIRED,NO_CURRENT_ARTIFACT_REQUIRED,No current active artifact is required for this proven governed state.
W1-009,LEGACY_TITLE_RECORD,DATA_GAP,DATA_GAP,UNKNOWN_ARTIFACT,DATA_GAP,NOT_REQUIRED,NOT_APPLICABLE,APPROVAL_NOT_REQUIRED,NO_CURRENT_ARTIFACT_REQUIRED,No current active artifact is required for this proven governed state.
W1-010,LEGACY_TITLE_RECORD,DATA_GAP,DATA_GAP,UNKNOWN_ARTIFACT,DATA_GAP,NOT_REQUIRED,NOT_APPLICABLE,APPROVAL_NOT_REQUIRED,NO_CURRENT_ARTIFACT_REQUIRED,No current active artifact is required for this proven governed state.
W1-011,LEGACY_TITLE_RECORD,DATA_GAP,DATA_GAP,UNKNOWN_ARTIFACT,DATA_GAP,NOT_REQUIRED,NOT_APPLICABLE,APPROVAL_NOT_REQUIRED,NO_CURRENT_ARTIFACT_REQUIRED,No current active artifact is required for this proven governed state.
W1-012,LEGACY_TITLE_RECORD,DATA_GAP,DATA_GAP,UNKNOWN_ARTIFACT,DATA_GAP,NOT_REQUIRED,NOT_APPLICABLE,APPROVAL_NOT_REQUIRED,NO_CURRENT_ARTIFACT_REQUIRED,No current active artifact is required for this proven governed state.
W1-013,LEGACY_TITLE_RECORD,DATA_GAP,DATA_GAP,UNKNOWN_ARTIFACT,DATA_GAP,NOT_REQUIRED,NOT_APPLICABLE,APPROVAL_NOT_REQUIRED,NO_CURRENT_ARTIFACT_REQUIRED,No current active artifact is required for this proven governed state.
W1-014,LEGACY_TITLE_RECORD,DATA_GAP,DATA_GAP,UNKNOWN_ARTIFACT,DATA_GAP,NOT_REQUIRED,NOT_APPLICABLE,APPROVAL_NOT_REQUIRED,NO_CURRENT_ARTIFACT_REQUIRED,No current active artifact is required for this proven governed state.
W1-015,LEGACY_TITLE_RECORD,DATA_GAP,DATA_GAP,UNKNOWN_ARTIFACT,DATA_GAP,NOT_REQUIRED,NOT_APPLICABLE,APPROVAL_NOT_REQUIRED,NO_CURRENT_ARTIFACT_REQUIRED,No current active artifact is required for this proven governed state.
W1-016,LEGACY_TITLE_RECORD,DATA_GAP,DATA_GAP,UNKNOWN_ARTIFACT,DATA_GAP,NOT_REQUIRED,NOT_APPLICABLE,APPROVAL_NOT_REQUIRED,NO_CURRENT_ARTIFACT_REQUIRED,No current active artifact is required for this proven governed state.
W1-017,LEGACY_TITLE_RECORD,DATA_GAP,DATA_GAP,UNKNOWN_ARTIFACT,DATA_GAP,NOT_REQUIRED,NOT_APPLICABLE,APPROVAL_NOT_REQUIRED,NO_CURRENT_ARTIFACT_REQUIRED,No current active artifact is required for this proven governed state.
W1-018,LEGACY_TITLE_RECORD,DATA_GAP,DATA_GAP,UNKNOWN_ARTIFACT,DATA_GAP,NOT_REQUIRED,NOT_APPLICABLE,APPROVAL_NOT_REQUIRED,NO_CURRENT_ARTIFACT_REQUIRED,No current active artifact is required for this proven governed state.
W1-019,LEGACY_TITLE_RECORD,DATA_GAP,DATA_GAP,UNKNOWN_ARTIFACT,DATA_GAP,NOT_REQUIRED,NOT_APPLICABLE,APPROVAL_NOT_REQUIRED,NO_CURRENT_ARTIFACT_REQUIRED,No current active artifact is required for this proven governed state.
W1-020,LEGACY_TITLE_RECORD,DATA_GAP,DATA_GAP,UNKNOWN_ARTIFACT,DATA_GAP,NOT_REQUIRED,NOT_APPLICABLE,APPROVAL_NOT_REQUIRED,NO_CURRENT_ARTIFACT_REQUIRED,No current active artifact is required for this proven governed state.
W1-021,LEGACY_TITLE_RECORD,DATA_GAP,DATA_GAP,UNKNOWN_ARTIFACT,DATA_GAP,NOT_REQUIRED,NOT_APPLICABLE,APPROVAL_NOT_REQUIRED,NO_CURRENT_ARTIFACT_REQUIRED,No current active artifact is required for this proven governed state.
W1-022,LEGACY_TITLE_RECORD,DATA_GAP,DATA_GAP,UNKNOWN_ARTIFACT,DATA_GAP,NOT_REQUIRED,NOT_APPLICABLE,APPROVAL_NOT_REQUIRED,NO_CURRENT_ARTIFACT_REQUIRED,No current active artifact is required for this proven governed state.
W1-023,LEGACY_TITLE_RECORD,DATA_GAP,DATA_GAP,UNKNOWN_ARTIFACT,DATA_GAP,NOT_REQUIRED,NOT_APPLICABLE,APPROVAL_NOT_REQUIRED,NO_CURRENT_ARTIFACT_REQUIRED,No current active artifact is required for this proven governed state.
W1-024,LEGACY_TITLE_RECORD,DATA_GAP,DATA_GAP,UNKNOWN_ARTIFACT,DATA_GAP,NOT_REQUIRED,NOT_APPLICABLE,APPROVAL_NOT_REQUIRED,NO_CURRENT_ARTIFACT_REQUIRED,No current active artifact is required for this proven governed state.
W1-025,LEGACY_TITLE_RECORD,DATA_GAP,DATA_GAP,UNKNOWN_ARTIFACT,DATA_GAP,NOT_REQUIRED,NOT_APPLICABLE,APPROVAL_NOT_REQUIRED,NO_CURRENT_ARTIFACT_REQUIRED,No current active artifact is required for this proven governed state.
W1-026,LEGACY_TITLE_RECORD,DATA_GAP,DATA_GAP,UNKNOWN_ARTIFACT,DATA_GAP,NOT_REQUIRED,NOT_APPLICABLE,APPROVAL_NOT_REQUIRED,NO_CURRENT_ARTIFACT_REQUIRED,No current active artifact is required for this proven governed state.
W1-027,LEGACY_TITLE_RECORD,DATA_GAP,DATA_GAP,UNKNOWN_ARTIFACT,DATA_GAP,NOT_REQUIRED,NOT_APPLICABLE,APPROVAL_NOT_REQUIRED,NO_CURRENT_ARTIFACT_REQUIRED,No current active artifact is required for this proven governed state.
W1-028,LEGACY_TITLE_RECORD,DATA_GAP,DATA_GAP,UNKNOWN_ARTIFACT,DATA_GAP,NOT_REQUIRED,NOT_APPLICABLE,APPROVAL_NOT_REQUIRED,NO_CURRENT_ARTIFACT_REQUIRED,No current active artifact is required for this proven governed state.
W1-029,LEGACY_TITLE_RECORD,DATA_GAP,DATA_GAP,UNKNOWN_ARTIFACT,DATA_GAP,NOT_REQUIRED,NOT_APPLICABLE,APPROVAL_NOT_REQUIRED,NO_CURRENT_ARTIFACT_REQUIRED,No current active artifact is required for this proven governed state.
W1-030,LEGACY_TITLE_RECORD,DATA_GAP,DATA_GAP,UNKNOWN_ARTIFACT,DATA_GAP,NOT_REQUIRED,NOT_APPLICABLE,APPROVAL_NOT_REQUIRED,NO_CURRENT_ARTIFACT_REQUIRED,No current active artifact is required for this proven governed state.
W1-031,LEGACY_TITLE_RECORD,DATA_GAP,DATA_GAP,UNKNOWN_ARTIFACT,DATA_GAP,NOT_REQUIRED,NOT_APPLICABLE,APPROVAL_NOT_REQUIRED,NO_CURRENT_ARTIFACT_REQUIRED,No current active artifact is required for this proven governed state.
W1-032,LEGACY_TITLE_RECORD,DATA_GAP,DATA_GAP,UNKNOWN_ARTIFACT,DATA_GAP,NOT_REQUIRED,NOT_APPLICABLE,APPROVAL_NOT_REQUIRED,NO_CURRENT_ARTIFACT_REQUIRED,No current active artifact is required for this proven governed state.
W1-033,LEGACY_TITLE_RECORD,DATA_GAP,DATA_GAP,UNKNOWN_ARTIFACT,DATA_GAP,NOT_REQUIRED,NOT_APPLICABLE,APPROVAL_NOT_REQUIRED,NO_CURRENT_ARTIFACT_REQUIRED,No current active artifact is required for this proven governed state.
W1-034,LEGACY_TITLE_RECORD,DATA_GAP,DATA_GAP,UNKNOWN_ARTIFACT,DATA_GAP,NOT_REQUIRED,NOT_APPLICABLE,APPROVAL_NOT_REQUIRED,NO_CURRENT_ARTIFACT_REQUIRED,No current active artifact is required for this proven governed state.
W1-035,LEGACY_TITLE_RECORD,DATA_GAP,DATA_GAP,UNKNOWN_ARTIFACT,DATA_GAP,NOT_REQUIRED,NOT_APPLICABLE,APPROVAL_NOT_REQUIRED,NO_CURRENT_ARTIFACT_REQUIRED,No current active artifact is required for this proven governed state.
W1-036,LEGACY_TITLE_RECORD,DATA_GAP,DATA_GAP,UNKNOWN_ARTIFACT,DATA_GAP,NOT_REQUIRED,NOT_APPLICABLE,APPROVAL_NOT_REQUIRED,NO_CURRENT_ARTIFACT_REQUIRED,No current active artifact is required for this proven governed state.
W1-037,LEGACY_TITLE_RECORD,DATA_GAP,DATA_GAP,UNKNOWN_ARTIFACT,DATA_GAP,NOT_REQUIRED,NOT_APPLICABLE,APPROVAL_NOT_REQUIRED,NO_CURRENT_ARTIFACT_REQUIRED,No current active artifact is required for this proven governed state.
W1-038,LEGACY_TITLE_RECORD,DATA_GAP,DATA_GAP,UNKNOWN_ARTIFACT,DATA_GAP,NOT_REQUIRED,NOT_APPLICABLE,APPROVAL_NOT_REQUIRED,NO_CURRENT_ARTIFACT_REQUIRED,No current active artifact is required for this proven governed state.
W1-039,LEGACY_TITLE_RECORD,DATA_GAP,DATA_GAP,UNKNOWN_ARTIFACT,DATA_GAP,NOT_REQUIRED,NOT_APPLICABLE,APPROVAL_NOT_REQUIRED,NO_CURRENT_ARTIFACT_REQUIRED,No current active artifact is required for this proven governed state.
W1-040,LEGACY_TITLE_RECORD,DATA_GAP,DATA_GAP,UNKNOWN_ARTIFACT,DATA_GAP,NOT_REQUIRED,NOT_APPLICABLE,APPROVAL_NOT_REQUIRED,NO_CURRENT_ARTIFACT_REQUIRED,No current active artifact is required for this proven governed state.
W1-041,LEGACY_TITLE_RECORD,DATA_GAP,DATA_GAP,UNKNOWN_ARTIFACT,DATA_GAP,NOT_REQUIRED,NOT_APPLICABLE,APPROVAL_NOT_REQUIRED,NO_CURRENT_ARTIFACT_REQUIRED,No current active artifact is required for this proven governed state.
W1-042,REQUIRES_RECONCILIATION,DATA_GAP,DATA_GAP,UNKNOWN_ARTIFACT,DATA_GAP,AMBIGUOUS_TITLE_BINDING,NOT_APPLICABLE,APPROVAL_NOT_REQUIRED,RECONCILIATION_REQUIRED,Canonical title authority must be reconciled before current artifact authority can be asserted.
W1-043,REQUIRES_RECONCILIATION,DATA_GAP,DATA_GAP,UNKNOWN_ARTIFACT,DATA_GAP,AMBIGUOUS_TITLE_BINDING,NOT_APPLICABLE,APPROVAL_NOT_REQUIRED,RECONCILIATION_REQUIRED,Canonical title authority must be reconciled before current artifact authority can be asserted.
W1-044,REQUIRES_RECONCILIATION,DATA_GAP,DATA_GAP,UNKNOWN_ARTIFACT,DATA_GAP,AMBIGUOUS_TITLE_BINDING,NOT_APPLICABLE,APPROVAL_NOT_REQUIRED,RECONCILIATION_REQUIRED,Canonical title authority must be reconciled before current artifact authority can be asserted.
W1-045,REQUIRES_RECONCILIATION,DATA_GAP,DATA_GAP,UNKNOWN_ARTIFACT,DATA_GAP,AMBIGUOUS_TITLE_BINDING,NOT_APPLICABLE,APPROVAL_NOT_REQUIRED,RECONCILIATION_REQUIRED,Canonical title authority must be reconciled before current artifact authority can be asserted.
W1-046,REQUIRES_RECONCILIATION,DATA_GAP,DATA_GAP,UNKNOWN_ARTIFACT,DATA_GAP,AMBIGUOUS_TITLE_BINDING,NOT_APPLICABLE,APPROVAL_NOT_REQUIRED,RECONCILIATION_REQUIRED,Canonical title authority must be reconciled before current artifact authority can be asserted.
W1-047,REQUIRES_RECONCILIATION,DATA_GAP,DATA_GAP,UNKNOWN_ARTIFACT,DATA_GAP,AMBIGUOUS_TITLE_BINDING,NOT_APPLICABLE,APPROVAL_NOT_REQUIRED,RECONCILIATION_REQUIRED,Canonical title authority must be reconciled before current artifact authority can be asserted.
W1-048,DUPLICATE_RECORD,DATA_GAP,DATA_GAP,UNKNOWN_ARTIFACT,DATA_GAP,NOT_REQUIRED,NOT_APPLICABLE,APPROVAL_NOT_REQUIRED,NO_CURRENT_ARTIFACT_REQUIRED,No current active artifact is required for this proven governed state.
W1-049,DUPLICATE_RECORD,DATA_GAP,DATA_GAP,UNKNOWN_ARTIFACT,DATA_GAP,NOT_REQUIRED,NOT_APPLICABLE,APPROVAL_NOT_REQUIRED,NO_CURRENT_ARTIFACT_REQUIRED,No current active artifact is required for this proven governed state.
W1-050,DUPLICATE_RECORD,DATA_GAP,DATA_GAP,UNKNOWN_ARTIFACT,DATA_GAP,NOT_REQUIRED,NOT_APPLICABLE,APPROVAL_NOT_REQUIRED,NO_CURRENT_ARTIFACT_REQUIRED,No current active artifact is required for this proven governed state.
W1-051,DUPLICATE_RECORD,DATA_GAP,DATA_GAP,UNKNOWN_ARTIFACT,DATA_GAP,NOT_REQUIRED,NOT_APPLICABLE,APPROVAL_NOT_REQUIRED,NO_CURRENT_ARTIFACT_REQUIRED,No current active artifact is required for this proven governed state.
W1-052,DUPLICATE_RECORD,DATA_GAP,DATA_GAP,UNKNOWN_ARTIFACT,DATA_GAP,NOT_REQUIRED,NOT_APPLICABLE,APPROVAL_NOT_REQUIRED,NO_CURRENT_ARTIFACT_REQUIRED,No current active artifact is required for this proven governed state.
W1-053,DUPLICATE_RECORD,DATA_GAP,DATA_GAP,UNKNOWN_ARTIFACT,DATA_GAP,NOT_REQUIRED,NOT_APPLICABLE,APPROVAL_NOT_REQUIRED,NO_CURRENT_ARTIFACT_REQUIRED,No current active artifact is required for this proven governed state.
W1-054,DUPLICATE_RECORD,DATA_GAP,DATA_GAP,UNKNOWN_ARTIFACT,DATA_GAP,NOT_REQUIRED,NOT_APPLICABLE,APPROVAL_NOT_REQUIRED,NO_CURRENT_ARTIFACT_REQUIRED,No current active artifact is required for this proven governed state.
W1-055,DUPLICATE_RECORD,DATA_GAP,DATA_GAP,UNKNOWN_ARTIFACT,DATA_GAP,NOT_REQUIRED,NOT_APPLICABLE,APPROVAL_NOT_REQUIRED,NO_CURRENT_ARTIFACT_REQUIRED,No current active artifact is required for this proven governed state.
W1-056,DUPLICATE_RECORD,DATA_GAP,DATA_GAP,UNKNOWN_ARTIFACT,DATA_GAP,NOT_REQUIRED,NOT_APPLICABLE,APPROVAL_NOT_REQUIRED,NO_CURRENT_ARTIFACT_REQUIRED,No current active artifact is required for this proven governed state.
W1-057,DUPLICATE_RECORD,DATA_GAP,DATA_GAP,UNKNOWN_ARTIFACT,DATA_GAP,NOT_REQUIRED,NOT_APPLICABLE,APPROVAL_NOT_REQUIRED,NO_CURRENT_ARTIFACT_REQUIRED,No current active artifact is required for this proven governed state.
W1-058,DUPLICATE_RECORD,DATA_GAP,DATA_GAP,UNKNOWN_ARTIFACT,DATA_GAP,NOT_REQUIRED,NOT_APPLICABLE,APPROVAL_NOT_REQUIRED,NO_CURRENT_ARTIFACT_REQUIRED,No current active artifact is required for this proven governed state.
W1-059,DUPLICATE_RECORD,DATA_GAP,DATA_GAP,UNKNOWN_ARTIFACT,DATA_GAP,NOT_REQUIRED,NOT_APPLICABLE,APPROVAL_NOT_REQUIRED,NO_CURRENT_ARTIFACT_REQUIRED,No current active artifact is required for this proven governed state.
W1-060,DUPLICATE_RECORD,DATA_GAP,DATA_GAP,UNKNOWN_ARTIFACT,DATA_GAP,NOT_REQUIRED,NOT_APPLICABLE,APPROVAL_NOT_REQUIRED,NO_CURRENT_ARTIFACT_REQUIRED,No current active artifact is required for this proven governed state.
W1-061,DUPLICATE_RECORD,DATA_GAP,DATA_GAP,UNKNOWN_ARTIFACT,DATA_GAP,NOT_REQUIRED,NOT_APPLICABLE,APPROVAL_NOT_REQUIRED,NO_CURRENT_ARTIFACT_REQUIRED,No current active artifact is required for this proven governed state.
W1-062,DUPLICATE_RECORD,DATA_GAP,DATA_GAP,UNKNOWN_ARTIFACT,DATA_GAP,NOT_REQUIRED,NOT_APPLICABLE,APPROVAL_NOT_REQUIRED,NO_CURRENT_ARTIFACT_REQUIRED,No current active artifact is required for this proven governed state.
W1-063,DUPLICATE_RECORD,DATA_GAP,DATA_GAP,UNKNOWN_ARTIFACT,DATA_GAP,NOT_REQUIRED,NOT_APPLICABLE,APPROVAL_NOT_REQUIRED,NO_CURRENT_ARTIFACT_REQUIRED,No current active artifact is required for this proven governed state.
W1-064,DUPLICATE_RECORD,DATA_GAP,DATA_GAP,UNKNOWN_ARTIFACT,DATA_GAP,NOT_REQUIRED,NOT_APPLICABLE,APPROVAL_NOT_REQUIRED,NO_CURRENT_ARTIFACT_REQUIRED,No current active artifact is required for this proven governed state.
W1-065,DUPLICATE_RECORD,DATA_GAP,DATA_GAP,UNKNOWN_ARTIFACT,DATA_GAP,NOT_REQUIRED,NOT_APPLICABLE,APPROVAL_NOT_REQUIRED,NO_CURRENT_ARTIFACT_REQUIRED,No current active artifact is required for this proven governed state.
W1-066,DUPLICATE_RECORD,DATA_GAP,DATA_GAP,UNKNOWN_ARTIFACT,DATA_GAP,NOT_REQUIRED,NOT_APPLICABLE,APPROVAL_NOT_REQUIRED,NO_CURRENT_ARTIFACT_REQUIRED,No current active artifact is required for this proven governed state.
W1-067,DUPLICATE_RECORD,DATA_GAP,DATA_GAP,UNKNOWN_ARTIFACT,DATA_GAP,NOT_REQUIRED,NOT_APPLICABLE,APPROVAL_NOT_REQUIRED,NO_CURRENT_ARTIFACT_REQUIRED,No current active artifact is required for this proven governed state.
W1-068,DUPLICATE_RECORD,DATA_GAP,DATA_GAP,UNKNOWN_ARTIFACT,DATA_GAP,NOT_REQUIRED,NOT_APPLICABLE,APPROVAL_NOT_REQUIRED,NO_CURRENT_ARTIFACT_REQUIRED,No current active artifact is required for this proven governed state.
W1-069,DUPLICATE_RECORD,DATA_GAP,DATA_GAP,UNKNOWN_ARTIFACT,DATA_GAP,NOT_REQUIRED,NOT_APPLICABLE,APPROVAL_NOT_REQUIRED,NO_CURRENT_ARTIFACT_REQUIRED,No current active artifact is required for this proven governed state.
W1-070,DUPLICATE_RECORD,DATA_GAP,DATA_GAP,UNKNOWN_ARTIFACT,DATA_GAP,NOT_REQUIRED,NOT_APPLICABLE,APPROVAL_NOT_REQUIRED,NO_CURRENT_ARTIFACT_REQUIRED,No current active artifact is required for this proven governed state.
W1-071,DUPLICATE_RECORD,DATA_GAP,DATA_GAP,UNKNOWN_ARTIFACT,DATA_GAP,NOT_REQUIRED,NOT_APPLICABLE,APPROVAL_NOT_REQUIRED,NO_CURRENT_ARTIFACT_REQUIRED,No current active artifact is required for this proven governed state.
W1-072,DUPLICATE_RECORD,DATA_GAP,DATA_GAP,UNKNOWN_ARTIFACT,DATA_GAP,NOT_REQUIRED,NOT_APPLICABLE,APPROVAL_NOT_REQUIRED,NO_CURRENT_ARTIFACT_REQUIRED,No current active artifact is required for this proven governed state.
W1-073,DUPLICATE_RECORD,DATA_GAP,DATA_GAP,UNKNOWN_ARTIFACT,DATA_GAP,NOT_REQUIRED,NOT_APPLICABLE,APPROVAL_NOT_REQUIRED,NO_CURRENT_ARTIFACT_REQUIRED,No current active artifact is required for this proven governed state.
W1-074,DUPLICATE_RECORD,DATA_GAP,DATA_GAP,UNKNOWN_ARTIFACT,DATA_GAP,NOT_REQUIRED,NOT_APPLICABLE,APPROVAL_NOT_REQUIRED,NO_CURRENT_ARTIFACT_REQUIRED,No current active artifact is required for this proven governed state.
W1-075,DUPLICATE_RECORD,DATA_GAP,DATA_GAP,UNKNOWN_ARTIFACT,DATA_GAP,NOT_REQUIRED,NOT_APPLICABLE,APPROVAL_NOT_REQUIRED,NO_CURRENT_ARTIFACT_REQUIRED,No current active artifact is required for this proven governed state.
W1-076,DUPLICATE_RECORD,DATA_GAP,DATA_GAP,UNKNOWN_ARTIFACT,DATA_GAP,NOT_REQUIRED,NOT_APPLICABLE,APPROVAL_NOT_REQUIRED,NO_CURRENT_ARTIFACT_REQUIRED,No current active artifact is required for this proven governed state.
W1-077,DUPLICATE_RECORD,DATA_GAP,DATA_GAP,UNKNOWN_ARTIFACT,DATA_GAP,NOT_REQUIRED,NOT_APPLICABLE,APPROVAL_NOT_REQUIRED,NO_CURRENT_ARTIFACT_REQUIRED,No current active artifact is required for this proven governed state.
W1-078,DUPLICATE_RECORD,DATA_GAP,DATA_GAP,UNKNOWN_ARTIFACT,DATA_GAP,NOT_REQUIRED,NOT_APPLICABLE,APPROVAL_NOT_REQUIRED,NO_CURRENT_ARTIFACT_REQUIRED,No current active artifact is required for this proven governed state.
W1-079,DUPLICATE_RECORD,DATA_GAP,DATA_GAP,UNKNOWN_ARTIFACT,DATA_GAP,NOT_REQUIRED,NOT_APPLICABLE,APPROVAL_NOT_REQUIRED,NO_CURRENT_ARTIFACT_REQUIRED,No current active artifact is required for this proven governed state.
W1-080,DUPLICATE_RECORD,DATA_GAP,DATA_GAP,UNKNOWN_ARTIFACT,DATA_GAP,NOT_REQUIRED,NOT_APPLICABLE,APPROVAL_NOT_REQUIRED,NO_CURRENT_ARTIFACT_REQUIRED,No current active artifact is required for this proven governed state.
W1-081,DUPLICATE_RECORD,DATA_GAP,DATA_GAP,UNKNOWN_ARTIFACT,DATA_GAP,NOT_REQUIRED,NOT_APPLICABLE,APPROVAL_NOT_REQUIRED,NO_CURRENT_ARTIFACT_REQUIRED,No current active artifact is required for this proven governed state.
W1-082,DUPLICATE_RECORD,DATA_GAP,DATA_GAP,UNKNOWN_ARTIFACT,DATA_GAP,NOT_REQUIRED,NOT_APPLICABLE,APPROVAL_NOT_REQUIRED,NO_CURRENT_ARTIFACT_REQUIRED,No current active artifact is required for this proven governed state.
W1-083,DUPLICATE_RECORD,DATA_GAP,DATA_GAP,UNKNOWN_ARTIFACT,DATA_GAP,NOT_REQUIRED,NOT_APPLICABLE,APPROVAL_NOT_REQUIRED,NO_CURRENT_ARTIFACT_REQUIRED,No current active artifact is required for this proven governed state.
W1-084,DUPLICATE_RECORD,DATA_GAP,DATA_GAP,UNKNOWN_ARTIFACT,DATA_GAP,NOT_REQUIRED,NOT_APPLICABLE,APPROVAL_NOT_REQUIRED,NO_CURRENT_ARTIFACT_REQUIRED,No current active artifact is required for this proven governed state.
W1-085,DUPLICATE_RECORD,DATA_GAP,DATA_GAP,UNKNOWN_ARTIFACT,DATA_GAP,NOT_REQUIRED,NOT_APPLICABLE,APPROVAL_NOT_REQUIRED,NO_CURRENT_ARTIFACT_REQUIRED,No current active artifact is required for this proven governed state.
W1-086,DUPLICATE_RECORD,DATA_GAP,DATA_GAP,UNKNOWN_ARTIFACT,DATA_GAP,NOT_REQUIRED,NOT_APPLICABLE,APPROVAL_NOT_REQUIRED,NO_CURRENT_ARTIFACT_REQUIRED,No current active artifact is required for this proven governed state.
W1-087,DUPLICATE_RECORD,DATA_GAP,DATA_GAP,UNKNOWN_ARTIFACT,DATA_GAP,NOT_REQUIRED,NOT_APPLICABLE,APPROVAL_NOT_REQUIRED,NO_CURRENT_ARTIFACT_REQUIRED,No current active artifact is required for this proven governed state.
W1-088,DUPLICATE_RECORD,DATA_GAP,DATA_GAP,UNKNOWN_ARTIFACT,DATA_GAP,NOT_REQUIRED,NOT_APPLICABLE,APPROVAL_NOT_REQUIRED,NO_CURRENT_ARTIFACT_REQUIRED,No current active artifact is required for this proven governed state.
W1-089,DUPLICATE_RECORD,DATA_GAP,DATA_GAP,UNKNOWN_ARTIFACT,DATA_GAP,NOT_REQUIRED,NOT_APPLICABLE,APPROVAL_NOT_REQUIRED,NO_CURRENT_ARTIFACT_REQUIRED,No current active artifact is required for this proven governed state.
W1-090,DUPLICATE_RECORD,DATA_GAP,DATA_GAP,UNKNOWN_ARTIFACT,DATA_GAP,NOT_REQUIRED,NOT_APPLICABLE,APPROVAL_NOT_REQUIRED,NO_CURRENT_ARTIFACT_REQUIRED,No current active artifact is required for this proven governed state.
W1-091,DUPLICATE_RECORD,DATA_GAP,DATA_GAP,UNKNOWN_ARTIFACT,DATA_GAP,NOT_REQUIRED,NOT_APPLICABLE,APPROVAL_NOT_REQUIRED,NO_CURRENT_ARTIFACT_REQUIRED,No current active artifact is required for this proven governed state.
W1-092,DUPLICATE_RECORD,DATA_GAP,DATA_GAP,UNKNOWN_ARTIFACT,DATA_GAP,NOT_REQUIRED,NOT_APPLICABLE,APPROVAL_NOT_REQUIRED,NO_CURRENT_ARTIFACT_REQUIRED,No current active artifact is required for this proven governed state.
W1-093,DUPLICATE_RECORD,DATA_GAP,DATA_GAP,UNKNOWN_ARTIFACT,DATA_GAP,NOT_REQUIRED,NOT_APPLICABLE,APPROVAL_NOT_REQUIRED,NO_CURRENT_ARTIFACT_REQUIRED,No current active artifact is required for this proven governed state.
W1-094,DUPLICATE_RECORD,DATA_GAP,DATA_GAP,UNKNOWN_ARTIFACT,DATA_GAP,NOT_REQUIRED,NOT_APPLICABLE,APPROVAL_NOT_REQUIRED,NO_CURRENT_ARTIFACT_REQUIRED,No current active artifact is required for this proven governed state.
W1-095,DUPLICATE_RECORD,DATA_GAP,DATA_GAP,UNKNOWN_ARTIFACT,DATA_GAP,NOT_REQUIRED,NOT_APPLICABLE,APPROVAL_NOT_REQUIRED,NO_CURRENT_ARTIFACT_REQUIRED,No current active artifact is required for this proven governed state.
W1-096,DUPLICATE_RECORD,DATA_GAP,DATA_GAP,UNKNOWN_ARTIFACT,DATA_GAP,NOT_REQUIRED,NOT_APPLICABLE,APPROVAL_NOT_REQUIRED,NO_CURRENT_ARTIFACT_REQUIRED,No current active artifact is required for this proven governed state.
W1-097,DUPLICATE_RECORD,DATA_GAP,DATA_GAP,UNKNOWN_ARTIFACT,DATA_GAP,NOT_REQUIRED,NOT_APPLICABLE,APPROVAL_NOT_REQUIRED,NO_CURRENT_ARTIFACT_REQUIRED,No current active artifact is required for this proven governed state.
W1-098,DUPLICATE_RECORD,DATA_GAP,DATA_GAP,UNKNOWN_ARTIFACT,DATA_GAP,NOT_REQUIRED,NOT_APPLICABLE,APPROVAL_NOT_REQUIRED,NO_CURRENT_ARTIFACT_REQUIRED,No current active artifact is required for this proven governed state.
W1-099,DUPLICATE_RECORD,DATA_GAP,DATA_GAP,UNKNOWN_ARTIFACT,DATA_GAP,NOT_REQUIRED,NOT_APPLICABLE,APPROVAL_NOT_REQUIRED,NO_CURRENT_ARTIFACT_REQUIRED,No current active artifact is required for this proven governed state.
W1-100,DUPLICATE_RECORD,DATA_GAP,DATA_GAP,UNKNOWN_ARTIFACT,DATA_GAP,NOT_REQUIRED,NOT_APPLICABLE,APPROVAL_NOT_REQUIRED,NO_CURRENT_ARTIFACT_REQUIRED,No current active artifact is required for this proven governed state.
W1-101,DUPLICATE_RECORD,DATA_GAP,DATA_GAP,UNKNOWN_ARTIFACT,DATA_GAP,NOT_REQUIRED,NOT_APPLICABLE,APPROVAL_NOT_REQUIRED,NO_CURRENT_ARTIFACT_REQUIRED,No current active artifact is required for this proven governed state.
W1-102,DUPLICATE_RECORD,DATA_GAP,DATA_GAP,UNKNOWN_ARTIFACT,DATA_GAP,NOT_REQUIRED,NOT_APPLICABLE,APPROVAL_NOT_REQUIRED,NO_CURRENT_ARTIFACT_REQUIRED,No current active artifact is required for this proven governed state.
W1-103,DUPLICATE_RECORD,DATA_GAP,DATA_GAP,UNKNOWN_ARTIFACT,DATA_GAP,NOT_REQUIRED,NOT_APPLICABLE,APPROVAL_NOT_REQUIRED,NO_CURRENT_ARTIFACT_REQUIRED,No current active artifact is required for this proven governed state.
W1-104,DUPLICATE_RECORD,DATA_GAP,DATA_GAP,UNKNOWN_ARTIFACT,DATA_GAP,NOT_REQUIRED,NOT_APPLICABLE,APPROVAL_NOT_REQUIRED,NO_CURRENT_ARTIFACT_REQUIRED,No current active artifact is required for this proven governed state.
W1-105,DUPLICATE_RECORD,DATA_GAP,DATA_GAP,UNKNOWN_ARTIFACT,DATA_GAP,NOT_REQUIRED,NOT_APPLICABLE,APPROVAL_NOT_REQUIRED,NO_CURRENT_ARTIFACT_REQUIRED,No current active artifact is required for this proven governed state.
W1-106,DUPLICATE_RECORD,DATA_GAP,DATA_GAP,UNKNOWN_ARTIFACT,DATA_GAP,NOT_REQUIRED,NOT_APPLICABLE,APPROVAL_NOT_REQUIRED,NO_CURRENT_ARTIFACT_REQUIRED,No current active artifact is required for this proven governed state.
W1-107,DUPLICATE_RECORD,DATA_GAP,DATA_GAP,UNKNOWN_ARTIFACT,DATA_GAP,NOT_REQUIRED,NOT_APPLICABLE,APPROVAL_NOT_REQUIRED,NO_CURRENT_ARTIFACT_REQUIRED,No current active artifact is required for this proven governed state.
W1-108,DUPLICATE_RECORD,DATA_GAP,DATA_GAP,UNKNOWN_ARTIFACT,DATA_GAP,NOT_REQUIRED,NOT_APPLICABLE,APPROVAL_NOT_REQUIRED,NO_CURRENT_ARTIFACT_REQUIRED,No current active artifact is required for this proven governed state.
W1-109,DUPLICATE_RECORD,DATA_GAP,DATA_GAP,UNKNOWN_ARTIFACT,DATA_GAP,NOT_REQUIRED,NOT_APPLICABLE,APPROVAL_NOT_REQUIRED,NO_CURRENT_ARTIFACT_REQUIRED,No current active artifact is required for this proven governed state.
W1-110,DUPLICATE_RECORD,DATA_GAP,DATA_GAP,UNKNOWN_ARTIFACT,DATA_GAP,NOT_REQUIRED,NOT_APPLICABLE,APPROVAL_NOT_REQUIRED,NO_CURRENT_ARTIFACT_REQUIRED,No current active artifact is required for this proven governed state.
W1-111,DUPLICATE_RECORD,DATA_GAP,DATA_GAP,UNKNOWN_ARTIFACT,DATA_GAP,NOT_REQUIRED,NOT_APPLICABLE,APPROVAL_NOT_REQUIRED,NO_CURRENT_ARTIFACT_REQUIRED,No current active artifact is required for this proven governed state.
W1-112,DUPLICATE_RECORD,DATA_GAP,DATA_GAP,UNKNOWN_ARTIFACT,DATA_GAP,NOT_REQUIRED,NOT_APPLICABLE,APPROVAL_NOT_REQUIRED,NO_CURRENT_ARTIFACT_REQUIRED,No current active artifact is required for this proven governed state.
W1-113,DUPLICATE_RECORD,DATA_GAP,DATA_GAP,UNKNOWN_ARTIFACT,DATA_GAP,NOT_REQUIRED,NOT_APPLICABLE,APPROVAL_NOT_REQUIRED,NO_CURRENT_ARTIFACT_REQUIRED,No current active artifact is required for this proven governed state.
W1-114,DUPLICATE_RECORD,DATA_GAP,DATA_GAP,UNKNOWN_ARTIFACT,DATA_GAP,NOT_REQUIRED,NOT_APPLICABLE,APPROVAL_NOT_REQUIRED,NO_CURRENT_ARTIFACT_REQUIRED,No current active artifact is required for this proven governed state.
W1-115,DUPLICATE_RECORD,DATA_GAP,DATA_GAP,UNKNOWN_ARTIFACT,DATA_GAP,NOT_REQUIRED,NOT_APPLICABLE,APPROVAL_NOT_REQUIRED,NO_CURRENT_ARTIFACT_REQUIRED,No current active artifact is required for this proven governed state.
W1-116,DUPLICATE_RECORD,DATA_GAP,DATA_GAP,UNKNOWN_ARTIFACT,DATA_GAP,NOT_REQUIRED,NOT_APPLICABLE,APPROVAL_NOT_REQUIRED,NO_CURRENT_ARTIFACT_REQUIRED,No current active artifact is required for this proven governed state.
W1-117,DUPLICATE_RECORD,DATA_GAP,DATA_GAP,UNKNOWN_ARTIFACT,DATA_GAP,NOT_REQUIRED,NOT_APPLICABLE,APPROVAL_NOT_REQUIRED,NO_CURRENT_ARTIFACT_REQUIRED,No current active artifact is required for this proven governed state.
W1-118,DUPLICATE_RECORD,DATA_GAP,DATA_GAP,UNKNOWN_ARTIFACT,DATA_GAP,NOT_REQUIRED,NOT_APPLICABLE,APPROVAL_NOT_REQUIRED,NO_CURRENT_ARTIFACT_REQUIRED,No current active artifact is required for this proven governed state.
W1-119,DUPLICATE_RECORD,DATA_GAP,DATA_GAP,UNKNOWN_ARTIFACT,DATA_GAP,NOT_REQUIRED,NOT_APPLICABLE,APPROVAL_NOT_REQUIRED,NO_CURRENT_ARTIFACT_REQUIRED,No current active artifact is required for this proven governed state.
W1-120,DUPLICATE_RECORD,DATA_GAP,DATA_GAP,UNKNOWN_ARTIFACT,DATA_GAP,NOT_REQUIRED,NOT_APPLICABLE,APPROVAL_NOT_REQUIRED,NO_CURRENT_ARTIFACT_REQUIRED,No current active artifact is required for this proven governed state.
W1-121,DUPLICATE_RECORD,DATA_GAP,DATA_GAP,UNKNOWN_ARTIFACT,DATA_GAP,NOT_REQUIRED,NOT_APPLICABLE,APPROVAL_NOT_REQUIRED,NO_CURRENT_ARTIFACT_REQUIRED,No current active artifact is required for this proven governed state.
W1-122,DUPLICATE_RECORD,DATA_GAP,DATA_GAP,UNKNOWN_ARTIFACT,DATA_GAP,NOT_REQUIRED,NOT_APPLICABLE,APPROVAL_NOT_REQUIRED,NO_CURRENT_ARTIFACT_REQUIRED,No current active artifact is required for this proven governed state.
W1-123,DUPLICATE_RECORD,DATA_GAP,DATA_GAP,UNKNOWN_ARTIFACT,DATA_GAP,NOT_REQUIRED,NOT_APPLICABLE,APPROVAL_NOT_REQUIRED,NO_CURRENT_ARTIFACT_REQUIRED,No current active artifact is required for this proven governed state.
W1-124,DUPLICATE_RECORD,DATA_GAP,DATA_GAP,UNKNOWN_ARTIFACT,DATA_GAP,NOT_REQUIRED,NOT_APPLICABLE,APPROVAL_NOT_REQUIRED,NO_CURRENT_ARTIFACT_REQUIRED,No current active artifact is required for this proven governed state.
W1-125,DUPLICATE_RECORD,DATA_GAP,DATA_GAP,UNKNOWN_ARTIFACT,DATA_GAP,NOT_REQUIRED,NOT_APPLICABLE,APPROVAL_NOT_REQUIRED,NO_CURRENT_ARTIFACT_REQUIRED,No current active artifact is required for this proven governed state.
W1-126,DUPLICATE_RECORD,DATA_GAP,DATA_GAP,UNKNOWN_ARTIFACT,DATA_GAP,NOT_REQUIRED,NOT_APPLICABLE,APPROVAL_NOT_REQUIRED,NO_CURRENT_ARTIFACT_REQUIRED,No current active artifact is required for this proven governed state.
W1-127,DUPLICATE_RECORD,DATA_GAP,DATA_GAP,UNKNOWN_ARTIFACT,DATA_GAP,NOT_REQUIRED,NOT_APPLICABLE,APPROVAL_NOT_REQUIRED,NO_CURRENT_ARTIFACT_REQUIRED,No current active artifact is required for this proven governed state.
W1-128,DUPLICATE_RECORD,DATA_GAP,DATA_GAP,UNKNOWN_ARTIFACT,DATA_GAP,NOT_REQUIRED,NOT_APPLICABLE,APPROVAL_NOT_REQUIRED,NO_CURRENT_ARTIFACT_REQUIRED,No current active artifact is required for this proven governed state.
W1-129,DUPLICATE_RECORD,DATA_GAP,DATA_GAP,UNKNOWN_ARTIFACT,DATA_GAP,NOT_REQUIRED,NOT_APPLICABLE,APPROVAL_NOT_REQUIRED,NO_CURRENT_ARTIFACT_REQUIRED,No current active artifact is required for this proven governed state.
W1-130,DUPLICATE_RECORD,DATA_GAP,DATA_GAP,UNKNOWN_ARTIFACT,DATA_GAP,NOT_REQUIRED,NOT_APPLICABLE,APPROVAL_NOT_REQUIRED,NO_CURRENT_ARTIFACT_REQUIRED,No current active artifact is required for this proven governed state.
W1-131,DUPLICATE_RECORD,DATA_GAP,DATA_GAP,UNKNOWN_ARTIFACT,DATA_GAP,NOT_REQUIRED,NOT_APPLICABLE,APPROVAL_NOT_REQUIRED,NO_CURRENT_ARTIFACT_REQUIRED,No current active artifact is required for this proven governed state.
W1-132,DUPLICATE_RECORD,DATA_GAP,DATA_GAP,UNKNOWN_ARTIFACT,DATA_GAP,NOT_REQUIRED,NOT_APPLICABLE,APPROVAL_NOT_REQUIRED,NO_CURRENT_ARTIFACT_REQUIRED,No current active artifact is required for this proven governed state.
W1-133,DUPLICATE_RECORD,DATA_GAP,DATA_GAP,UNKNOWN_ARTIFACT,DATA_GAP,NOT_REQUIRED,NOT_APPLICABLE,APPROVAL_NOT_REQUIRED,NO_CURRENT_ARTIFACT_REQUIRED,No current active artifact is required for this proven governed state.
W1-134,DUPLICATE_RECORD,DATA_GAP,DATA_GAP,UNKNOWN_ARTIFACT,DATA_GAP,NOT_REQUIRED,NOT_APPLICABLE,APPROVAL_NOT_REQUIRED,NO_CURRENT_ARTIFACT_REQUIRED,No current active artifact is required for this proven governed state.
W1-135,DUPLICATE_RECORD,DATA_GAP,DATA_GAP,UNKNOWN_ARTIFACT,DATA_GAP,NOT_REQUIRED,NOT_APPLICABLE,APPROVAL_NOT_REQUIRED,NO_CURRENT_ARTIFACT_REQUIRED,No current active artifact is required for this proven governed state.
W1-136,DUPLICATE_RECORD,DATA_GAP,DATA_GAP,UNKNOWN_ARTIFACT,DATA_GAP,NOT_REQUIRED,NOT_APPLICABLE,APPROVAL_NOT_REQUIRED,NO_CURRENT_ARTIFACT_REQUIRED,No current active artifact is required for this proven governed state.
W1-137,DUPLICATE_RECORD,DATA_GAP,DATA_GAP,UNKNOWN_ARTIFACT,DATA_GAP,NOT_REQUIRED,NOT_APPLICABLE,APPROVAL_NOT_REQUIRED,NO_CURRENT_ARTIFACT_REQUIRED,No current active artifact is required for this proven governed state.
W1-138,DUPLICATE_RECORD,DATA_GAP,DATA_GAP,UNKNOWN_ARTIFACT,DATA_GAP,NOT_REQUIRED,NOT_APPLICABLE,APPROVAL_NOT_REQUIRED,NO_CURRENT_ARTIFACT_REQUIRED,No current active artifact is required for this proven governed state.
W1-139,DUPLICATE_RECORD,DATA_GAP,DATA_GAP,UNKNOWN_ARTIFACT,DATA_GAP,NOT_REQUIRED,NOT_APPLICABLE,APPROVAL_NOT_REQUIRED,NO_CURRENT_ARTIFACT_REQUIRED,No current active artifact is required for this proven governed state.
W1-140,DUPLICATE_RECORD,DATA_GAP,DATA_GAP,UNKNOWN_ARTIFACT,DATA_GAP,NOT_REQUIRED,NOT_APPLICABLE,APPROVAL_NOT_REQUIRED,NO_CURRENT_ARTIFACT_REQUIRED,No current active artifact is required for this proven governed state.
W1-141,DUPLICATE_RECORD,DATA_GAP,DATA_GAP,UNKNOWN_ARTIFACT,DATA_GAP,NOT_REQUIRED,NOT_APPLICABLE,APPROVAL_NOT_REQUIRED,NO_CURRENT_ARTIFACT_REQUIRED,No current active artifact is required for this proven governed state.
W1-142,DUPLICATE_RECORD,DATA_GAP,DATA_GAP,UNKNOWN_ARTIFACT,DATA_GAP,NOT_REQUIRED,NOT_APPLICABLE,APPROVAL_NOT_REQUIRED,NO_CURRENT_ARTIFACT_REQUIRED,No current active artifact is required for this proven governed state.
W1-143,DUPLICATE_RECORD,DATA_GAP,DATA_GAP,UNKNOWN_ARTIFACT,DATA_GAP,NOT_REQUIRED,NOT_APPLICABLE,APPROVAL_NOT_REQUIRED,NO_CURRENT_ARTIFACT_REQUIRED,No current active artifact is required for this proven governed state.
W1-144,DUPLICATE_RECORD,DATA_GAP,DATA_GAP,UNKNOWN_ARTIFACT,DATA_GAP,NOT_REQUIRED,NOT_APPLICABLE,APPROVAL_NOT_REQUIRED,NO_CURRENT_ARTIFACT_REQUIRED,No current active artifact is required for this proven governed state.
W1-145,DUPLICATE_RECORD,DATA_GAP,DATA_GAP,UNKNOWN_ARTIFACT,DATA_GAP,NOT_REQUIRED,NOT_APPLICABLE,APPROVAL_NOT_REQUIRED,NO_CURRENT_ARTIFACT_REQUIRED,No current active artifact is required for this proven governed state.
W1-146,DUPLICATE_RECORD,DATA_GAP,DATA_GAP,UNKNOWN_ARTIFACT,DATA_GAP,NOT_REQUIRED,NOT_APPLICABLE,APPROVAL_NOT_REQUIRED,NO_CURRENT_ARTIFACT_REQUIRED,No current active artifact is required for this proven governed state.
W1-147,DUPLICATE_RECORD,DATA_GAP,DATA_GAP,UNKNOWN_ARTIFACT,DATA_GAP,NOT_REQUIRED,NOT_APPLICABLE,APPROVAL_NOT_REQUIRED,NO_CURRENT_ARTIFACT_REQUIRED,No current active artifact is required for this proven governed state.
W1-148,DUPLICATE_RECORD,DATA_GAP,DATA_GAP,UNKNOWN_ARTIFACT,DATA_GAP,NOT_REQUIRED,NOT_APPLICABLE,APPROVAL_NOT_REQUIRED,NO_CURRENT_ARTIFACT_REQUIRED,No current active artifact is required for this proven governed state.
W1-149,DUPLICATE_RECORD,DATA_GAP,DATA_GAP,UNKNOWN_ARTIFACT,DATA_GAP,NOT_REQUIRED,NOT_APPLICABLE,APPROVAL_NOT_REQUIRED,NO_CURRENT_ARTIFACT_REQUIRED,No current active artifact is required for this proven governed state.
W1-150,DUPLICATE_RECORD,DATA_GAP,DATA_GAP,UNKNOWN_ARTIFACT,DATA_GAP,NOT_REQUIRED,NOT_APPLICABLE,APPROVAL_NOT_REQUIRED,NO_CURRENT_ARTIFACT_REQUIRED,No current active artifact is required for this proven governed state.
W1-151,DUPLICATE_RECORD,DATA_GAP,DATA_GAP,UNKNOWN_ARTIFACT,DATA_GAP,NOT_REQUIRED,NOT_APPLICABLE,APPROVAL_NOT_REQUIRED,NO_CURRENT_ARTIFACT_REQUIRED,No current active artifact is required for this proven governed state.
W1-152,DUPLICATE_RECORD,DATA_GAP,DATA_GAP,UNKNOWN_ARTIFACT,DATA_GAP,NOT_REQUIRED,NOT_APPLICABLE,APPROVAL_NOT_REQUIRED,NO_CURRENT_ARTIFACT_REQUIRED,No current active artifact is required for this proven governed state.
W1-153,DUPLICATE_RECORD,DATA_GAP,DATA_GAP,UNKNOWN_ARTIFACT,DATA_GAP,NOT_REQUIRED,NOT_APPLICABLE,APPROVAL_NOT_REQUIRED,NO_CURRENT_ARTIFACT_REQUIRED,No current active artifact is required for this proven governed state.
W1-154,DUPLICATE_RECORD,DATA_GAP,DATA_GAP,UNKNOWN_ARTIFACT,DATA_GAP,NOT_REQUIRED,NOT_APPLICABLE,APPROVAL_NOT_REQUIRED,NO_CURRENT_ARTIFACT_REQUIRED,No current active artifact is required for this proven governed state.
W1-155,DUPLICATE_RECORD,DATA_GAP,DATA_GAP,UNKNOWN_ARTIFACT,DATA_GAP,NOT_REQUIRED,NOT_APPLICABLE,APPROVAL_NOT_REQUIRED,NO_CURRENT_ARTIFACT_REQUIRED,No current active artifact is required for this proven governed state.
W1-156,DUPLICATE_RECORD,DATA_GAP,DATA_GAP,UNKNOWN_ARTIFACT,DATA_GAP,NOT_REQUIRED,NOT_APPLICABLE,APPROVAL_NOT_REQUIRED,NO_CURRENT_ARTIFACT_REQUIRED,No current active artifact is required for this proven governed state.
W1-157,DUPLICATE_RECORD,DATA_GAP,DATA_GAP,UNKNOWN_ARTIFACT,DATA_GAP,NOT_REQUIRED,NOT_APPLICABLE,APPROVAL_NOT_REQUIRED,NO_CURRENT_ARTIFACT_REQUIRED,No current active artifact is required for this proven governed state.
W1-158,DUPLICATE_RECORD,DATA_GAP,DATA_GAP,UNKNOWN_ARTIFACT,DATA_GAP,NOT_REQUIRED,NOT_APPLICABLE,APPROVAL_NOT_REQUIRED,NO_CURRENT_ARTIFACT_REQUIRED,No current active artifact is required for this proven governed state.
W1-159,DUPLICATE_RECORD,DATA_GAP,DATA_GAP,UNKNOWN_ARTIFACT,DATA_GAP,NOT_REQUIRED,NOT_APPLICABLE,APPROVAL_NOT_REQUIRED,NO_CURRENT_ARTIFACT_REQUIRED,No current active artifact is required for this proven governed state.
W1-160,DUPLICATE_RECORD,DATA_GAP,DATA_GAP,UNKNOWN_ARTIFACT,DATA_GAP,NOT_REQUIRED,NOT_APPLICABLE,APPROVAL_NOT_REQUIRED,NO_CURRENT_ARTIFACT_REQUIRED,No current active artifact is required for this proven governed state.
W1-161,DUPLICATE_RECORD,DATA_GAP,DATA_GAP,UNKNOWN_ARTIFACT,DATA_GAP,NOT_REQUIRED,NOT_APPLICABLE,APPROVAL_NOT_REQUIRED,NO_CURRENT_ARTIFACT_REQUIRED,No current active artifact is required for this proven governed state.
W1-162,DUPLICATE_RECORD,DATA_GAP,DATA_GAP,UNKNOWN_ARTIFACT,DATA_GAP,NOT_REQUIRED,NOT_APPLICABLE,APPROVAL_NOT_REQUIRED,NO_CURRENT_ARTIFACT_REQUIRED,No current active artifact is required for this proven governed state.
W1-163,DUPLICATE_RECORD,DATA_GAP,DATA_GAP,UNKNOWN_ARTIFACT,DATA_GAP,NOT_REQUIRED,NOT_APPLICABLE,APPROVAL_NOT_REQUIRED,NO_CURRENT_ARTIFACT_REQUIRED,No current active artifact is required for this proven governed state.
W1-164,DUPLICATE_RECORD,DATA_GAP,DATA_GAP,UNKNOWN_ARTIFACT,DATA_GAP,NOT_REQUIRED,NOT_APPLICABLE,APPROVAL_NOT_REQUIRED,NO_CURRENT_ARTIFACT_REQUIRED,No current active artifact is required for this proven governed state.
W1-165,DUPLICATE_RECORD,DATA_GAP,DATA_GAP,UNKNOWN_ARTIFACT,DATA_GAP,NOT_REQUIRED,NOT_APPLICABLE,APPROVAL_NOT_REQUIRED,NO_CURRENT_ARTIFACT_REQUIRED,No current active artifact is required for this proven governed state.
W1-166,DUPLICATE_RECORD,DATA_GAP,DATA_GAP,UNKNOWN_ARTIFACT,DATA_GAP,NOT_REQUIRED,NOT_APPLICABLE,APPROVAL_NOT_REQUIRED,NO_CURRENT_ARTIFACT_REQUIRED,No current active artifact is required for this proven governed state.
W1-167,DUPLICATE_RECORD,DATA_GAP,DATA_GAP,UNKNOWN_ARTIFACT,DATA_GAP,NOT_REQUIRED,NOT_APPLICABLE,APPROVAL_NOT_REQUIRED,NO_CURRENT_ARTIFACT_REQUIRED,No current active artifact is required for this proven governed state.
W1-168,DUPLICATE_RECORD,DATA_GAP,DATA_GAP,UNKNOWN_ARTIFACT,DATA_GAP,NOT_REQUIRED,NOT_APPLICABLE,APPROVAL_NOT_REQUIRED,NO_CURRENT_ARTIFACT_REQUIRED,No current active artifact is required for this proven governed state.
W1-169,DUPLICATE_RECORD,DATA_GAP,DATA_GAP,UNKNOWN_ARTIFACT,DATA_GAP,NOT_REQUIRED,NOT_APPLICABLE,APPROVAL_NOT_REQUIRED,NO_CURRENT_ARTIFACT_REQUIRED,No current active artifact is required for this proven governed state.
W1-170,DUPLICATE_RECORD,DATA_GAP,DATA_GAP,UNKNOWN_ARTIFACT,DATA_GAP,NOT_REQUIRED,NOT_APPLICABLE,APPROVAL_NOT_REQUIRED,NO_CURRENT_ARTIFACT_REQUIRED,No current active artifact is required for this proven governed state.
W1-171,DUPLICATE_RECORD,DATA_GAP,DATA_GAP,UNKNOWN_ARTIFACT,DATA_GAP,NOT_REQUIRED,NOT_APPLICABLE,APPROVAL_NOT_REQUIRED,NO_CURRENT_ARTIFACT_REQUIRED,No current active artifact is required for this proven governed state.
W1-172,DUPLICATE_RECORD,DATA_GAP,DATA_GAP,UNKNOWN_ARTIFACT,DATA_GAP,NOT_REQUIRED,NOT_APPLICABLE,APPROVAL_NOT_REQUIRED,NO_CURRENT_ARTIFACT_REQUIRED,No current active artifact is required for this proven governed state.
W1-173,DUPLICATE_RECORD,DATA_GAP,DATA_GAP,UNKNOWN_ARTIFACT,DATA_GAP,NOT_REQUIRED,NOT_APPLICABLE,APPROVAL_NOT_REQUIRED,NO_CURRENT_ARTIFACT_REQUIRED,No current active artifact is required for this proven governed state.
W1-174,DUPLICATE_RECORD,DATA_GAP,DATA_GAP,UNKNOWN_ARTIFACT,DATA_GAP,NOT_REQUIRED,NOT_APPLICABLE,APPROVAL_NOT_REQUIRED,NO_CURRENT_ARTIFACT_REQUIRED,No current active artifact is required for this proven governed state.
W1-175,CANONICAL_PUBLISHED_TITLE,POST_PUBLICATION,DATA_GAP,UNKNOWN_ARTIFACT,DATA_GAP,NOT_REQUIRED,NOT_APPLICABLE,APPROVAL_NOT_REQUIRED,NO_CURRENT_ARTIFACT_REQUIRED,No current active artifact is required for this proven governed state.
W1-176,CANONICAL_PUBLISHED_TITLE,POST_PUBLICATION,DATA_GAP,UNKNOWN_ARTIFACT,DATA_GAP,NOT_REQUIRED,NOT_APPLICABLE,APPROVAL_NOT_REQUIRED,NO_CURRENT_ARTIFACT_REQUIRED,No current active artifact is required for this proven governed state.
W1-177,CANONICAL_PUBLISHED_TITLE,POST_PUBLICATION,DATA_GAP,UNKNOWN_ARTIFACT,DATA_GAP,NOT_REQUIRED,NOT_APPLICABLE,APPROVAL_NOT_REQUIRED,NO_CURRENT_ARTIFACT_REQUIRED,No current active artifact is required for this proven governed state.
W1-178,CANONICAL_PUBLISHED_TITLE,POST_PUBLICATION,DATA_GAP,UNKNOWN_ARTIFACT,DATA_GAP,NOT_REQUIRED,NOT_APPLICABLE,APPROVAL_NOT_REQUIRED,NO_CURRENT_ARTIFACT_REQUIRED,No current active artifact is required for this proven governed state.
W1-179,CANONICAL_PUBLISHED_TITLE,POST_PUBLICATION,DATA_GAP,UNKNOWN_ARTIFACT,DATA_GAP,NOT_REQUIRED,NOT_APPLICABLE,APPROVAL_NOT_REQUIRED,NO_CURRENT_ARTIFACT_REQUIRED,No current active artifact is required for this proven governed state.
W1-180,CANONICAL_PUBLISHED_TITLE,POST_PUBLICATION,DATA_GAP,UNKNOWN_ARTIFACT,DATA_GAP,NOT_REQUIRED,NOT_APPLICABLE,APPROVAL_NOT_REQUIRED,NO_CURRENT_ARTIFACT_REQUIRED,No current active artifact is required for this proven governed state.
W1-181,CANONICAL_PUBLISHED_TITLE,POST_PUBLICATION,DATA_GAP,UNKNOWN_ARTIFACT,DATA_GAP,NOT_REQUIRED,NOT_APPLICABLE,APPROVAL_NOT_REQUIRED,NO_CURRENT_ARTIFACT_REQUIRED,No current active artifact is required for this proven governed state.
W1-182,CANONICAL_PUBLISHED_TITLE,POST_PUBLICATION,DATA_GAP,UNKNOWN_ARTIFACT,DATA_GAP,NOT_REQUIRED,NOT_APPLICABLE,APPROVAL_NOT_REQUIRED,NO_CURRENT_ARTIFACT_REQUIRED,No current active artifact is required for this proven governed state.
W1-183,CANONICAL_PUBLISHED_TITLE,POST_PUBLICATION,DATA_GAP,UNKNOWN_ARTIFACT,DATA_GAP,NOT_REQUIRED,NOT_APPLICABLE,APPROVAL_NOT_REQUIRED,NO_CURRENT_ARTIFACT_REQUIRED,No current active artifact is required for this proven governed state.
W1-184,CANONICAL_PUBLISHED_TITLE,POST_PUBLICATION,DATA_GAP,UNKNOWN_ARTIFACT,DATA_GAP,NOT_REQUIRED,NOT_APPLICABLE,APPROVAL_NOT_REQUIRED,NO_CURRENT_ARTIFACT_REQUIRED,No current active artifact is required for this proven governed state.
W1-185,CANONICAL_PUBLISHED_TITLE,POST_PUBLICATION,DATA_GAP,UNKNOWN_ARTIFACT,DATA_GAP,NOT_REQUIRED,NOT_APPLICABLE,APPROVAL_NOT_REQUIRED,NO_CURRENT_ARTIFACT_REQUIRED,No current active artifact is required for this proven governed state.
W1-186,CANONICAL_PUBLISHED_TITLE,POST_PUBLICATION,DATA_GAP,UNKNOWN_ARTIFACT,DATA_GAP,NOT_REQUIRED,NOT_APPLICABLE,APPROVAL_NOT_REQUIRED,NO_CURRENT_ARTIFACT_REQUIRED,No current active artifact is required for this proven governed state.
W1-187,CANONICAL_PUBLISHED_TITLE,POST_PUBLICATION,DATA_GAP,UNKNOWN_ARTIFACT,DATA_GAP,NOT_REQUIRED,NOT_APPLICABLE,APPROVAL_NOT_REQUIRED,NO_CURRENT_ARTIFACT_REQUIRED,No current active artifact is required for this proven governed state.
W1-188,CANONICAL_PUBLISHED_TITLE,POST_PUBLICATION,DATA_GAP,UNKNOWN_ARTIFACT,DATA_GAP,NOT_REQUIRED,NOT_APPLICABLE,APPROVAL_NOT_REQUIRED,NO_CURRENT_ARTIFACT_REQUIRED,No current active artifact is required for this proven governed state.
W1-189,DUPLICATE_RECORD,DATA_GAP,DATA_GAP,UNKNOWN_ARTIFACT,DATA_GAP,NOT_REQUIRED,NOT_APPLICABLE,APPROVAL_NOT_REQUIRED,NO_CURRENT_ARTIFACT_REQUIRED,No current active artifact is required for this proven governed state.
W1-190,DUPLICATE_RECORD,DATA_GAP,DATA_GAP,UNKNOWN_ARTIFACT,DATA_GAP,NOT_REQUIRED,NOT_APPLICABLE,APPROVAL_NOT_REQUIRED,NO_CURRENT_ARTIFACT_REQUIRED,No current active artifact is required for this proven governed state.
W1-191,DUPLICATE_RECORD,DATA_GAP,DATA_GAP,UNKNOWN_ARTIFACT,DATA_GAP,NOT_REQUIRED,NOT_APPLICABLE,APPROVAL_NOT_REQUIRED,NO_CURRENT_ARTIFACT_REQUIRED,No current active artifact is required for this proven governed state.
W1-192,DUPLICATE_RECORD,DATA_GAP,DATA_GAP,UNKNOWN_ARTIFACT,DATA_GAP,NOT_REQUIRED,NOT_APPLICABLE,APPROVAL_NOT_REQUIRED,NO_CURRENT_ARTIFACT_REQUIRED,No current active artifact is required for this proven governed state.
W1-193,DUPLICATE_RECORD,DATA_GAP,DATA_GAP,UNKNOWN_ARTIFACT,DATA_GAP,NOT_REQUIRED,NOT_APPLICABLE,APPROVAL_NOT_REQUIRED,NO_CURRENT_ARTIFACT_REQUIRED,No current active artifact is required for this proven governed state.
W1-194,DUPLICATE_RECORD,DATA_GAP,DATA_GAP,UNKNOWN_ARTIFACT,DATA_GAP,NOT_REQUIRED,NOT_APPLICABLE,APPROVAL_NOT_REQUIRED,NO_CURRENT_ARTIFACT_REQUIRED,No current active artifact is required for this proven governed state.
W1-195,DUPLICATE_RECORD,DATA_GAP,DATA_GAP,UNKNOWN_ARTIFACT,DATA_GAP,NOT_REQUIRED,NOT_APPLICABLE,APPROVAL_NOT_REQUIRED,NO_CURRENT_ARTIFACT_REQUIRED,No current active artifact is required for this proven governed state.
W1-196,DUPLICATE_RECORD,DATA_GAP,DATA_GAP,UNKNOWN_ARTIFACT,DATA_GAP,NOT_REQUIRED,NOT_APPLICABLE,APPROVAL_NOT_REQUIRED,NO_CURRENT_ARTIFACT_REQUIRED,No current active artifact is required for this proven governed state.
W1-197,DUPLICATE_RECORD,DATA_GAP,DATA_GAP,UNKNOWN_ARTIFACT,DATA_GAP,NOT_REQUIRED,NOT_APPLICABLE,APPROVAL_NOT_REQUIRED,NO_CURRENT_ARTIFACT_REQUIRED,No current active artifact is required for this proven governed state.
W1-198,DUPLICATE_RECORD,DATA_GAP,DATA_GAP,UNKNOWN_ARTIFACT,DATA_GAP,NOT_REQUIRED,NOT_APPLICABLE,APPROVAL_NOT_REQUIRED,NO_CURRENT_ARTIFACT_REQUIRED,No current active artifact is required for this proven governed state.
W1-199,DUPLICATE_RECORD,DATA_GAP,DATA_GAP,UNKNOWN_ARTIFACT,DATA_GAP,NOT_REQUIRED,NOT_APPLICABLE,APPROVAL_NOT_REQUIRED,NO_CURRENT_ARTIFACT_REQUIRED,No current active artifact is required for this proven governed state.
W1-200,DUPLICATE_RECORD,DATA_GAP,DATA_GAP,UNKNOWN_ARTIFACT,DATA_GAP,NOT_REQUIRED,NOT_APPLICABLE,APPROVAL_NOT_REQUIRED,NO_CURRENT_ARTIFACT_REQUIRED,No current active artifact is required for this proven governed state.
W1-201,DUPLICATE_RECORD,DATA_GAP,DATA_GAP,UNKNOWN_ARTIFACT,DATA_GAP,NOT_REQUIRED,NOT_APPLICABLE,APPROVAL_NOT_REQUIRED,NO_CURRENT_ARTIFACT_REQUIRED,No current active artifact is required for this proven governed state.
W1-202,DUPLICATE_RECORD,DATA_GAP,DATA_GAP,UNKNOWN_ARTIFACT,DATA_GAP,NOT_REQUIRED,NOT_APPLICABLE,APPROVAL_NOT_REQUIRED,NO_CURRENT_ARTIFACT_REQUIRED,No current active artifact is required for this proven governed state.
W1-203,DUPLICATE_RECORD,DATA_GAP,DATA_GAP,UNKNOWN_ARTIFACT,DATA_GAP,NOT_REQUIRED,NOT_APPLICABLE,APPROVAL_NOT_REQUIRED,NO_CURRENT_ARTIFACT_REQUIRED,No current active artifact is required for this proven governed state.
W1-204,DUPLICATE_RECORD,DATA_GAP,DATA_GAP,UNKNOWN_ARTIFACT,DATA_GAP,NOT_REQUIRED,NOT_APPLICABLE,APPROVAL_NOT_REQUIRED,NO_CURRENT_ARTIFACT_REQUIRED,No current active artifact is required for this proven governed state.
W1-205,DUPLICATE_RECORD,DATA_GAP,DATA_GAP,UNKNOWN_ARTIFACT,DATA_GAP,NOT_REQUIRED,NOT_APPLICABLE,APPROVAL_NOT_REQUIRED,NO_CURRENT_ARTIFACT_REQUIRED,No current active artifact is required for this proven governed state.
W1-206,DUPLICATE_RECORD,DATA_GAP,DATA_GAP,UNKNOWN_ARTIFACT,DATA_GAP,NOT_REQUIRED,NOT_APPLICABLE,APPROVAL_NOT_REQUIRED,NO_CURRENT_ARTIFACT_REQUIRED,No current active artifact is required for this proven governed state.
W1-207,DUPLICATE_RECORD,DATA_GAP,DATA_GAP,UNKNOWN_ARTIFACT,DATA_GAP,NOT_REQUIRED,NOT_APPLICABLE,APPROVAL_NOT_REQUIRED,NO_CURRENT_ARTIFACT_REQUIRED,No current active artifact is required for this proven governed state.
W1-208,DUPLICATE_RECORD,DATA_GAP,DATA_GAP,UNKNOWN_ARTIFACT,DATA_GAP,NOT_REQUIRED,NOT_APPLICABLE,APPROVAL_NOT_REQUIRED,NO_CURRENT_ARTIFACT_REQUIRED,No current active artifact is required for this proven governed state.
W1-209,DUPLICATE_RECORD,DATA_GAP,DATA_GAP,UNKNOWN_ARTIFACT,DATA_GAP,NOT_REQUIRED,NOT_APPLICABLE,APPROVAL_NOT_REQUIRED,NO_CURRENT_ARTIFACT_REQUIRED,No current active artifact is required for this proven governed state.
W1-210,DUPLICATE_RECORD,DATA_GAP,DATA_GAP,UNKNOWN_ARTIFACT,DATA_GAP,NOT_REQUIRED,NOT_APPLICABLE,APPROVAL_NOT_REQUIRED,NO_CURRENT_ARTIFACT_REQUIRED,No current active artifact is required for this proven governed state.
W1-211,DUPLICATE_RECORD,DATA_GAP,DATA_GAP,UNKNOWN_ARTIFACT,DATA_GAP,NOT_REQUIRED,NOT_APPLICABLE,APPROVAL_NOT_REQUIRED,NO_CURRENT_ARTIFACT_REQUIRED,No current active artifact is required for this proven governed state.
W1-212,DUPLICATE_RECORD,DATA_GAP,DATA_GAP,UNKNOWN_ARTIFACT,DATA_GAP,NOT_REQUIRED,NOT_APPLICABLE,APPROVAL_NOT_REQUIRED,NO_CURRENT_ARTIFACT_REQUIRED,No current active artifact is required for this proven governed state.
W1-213,DUPLICATE_RECORD,DATA_GAP,DATA_GAP,UNKNOWN_ARTIFACT,DATA_GAP,NOT_REQUIRED,NOT_APPLICABLE,APPROVAL_NOT_REQUIRED,NO_CURRENT_ARTIFACT_REQUIRED,No current active artifact is required for this proven governed state.
W1-214,DUPLICATE_RECORD,DATA_GAP,DATA_GAP,UNKNOWN_ARTIFACT,DATA_GAP,NOT_REQUIRED,NOT_APPLICABLE,APPROVAL_NOT_REQUIRED,NO_CURRENT_ARTIFACT_REQUIRED,No current active artifact is required for this proven governed state.
W1-215,DUPLICATE_RECORD,DATA_GAP,DATA_GAP,UNKNOWN_ARTIFACT,DATA_GAP,NOT_REQUIRED,NOT_APPLICABLE,APPROVAL_NOT_REQUIRED,NO_CURRENT_ARTIFACT_REQUIRED,No current active artifact is required for this proven governed state.
W1-216,DUPLICATE_RECORD,DATA_GAP,DATA_GAP,UNKNOWN_ARTIFACT,DATA_GAP,NOT_REQUIRED,NOT_APPLICABLE,APPROVAL_NOT_REQUIRED,NO_CURRENT_ARTIFACT_REQUIRED,No current active artifact is required for this proven governed state.
W1-217,DUPLICATE_RECORD,DATA_GAP,DATA_GAP,UNKNOWN_ARTIFACT,DATA_GAP,NOT_REQUIRED,NOT_APPLICABLE,APPROVAL_NOT_REQUIRED,NO_CURRENT_ARTIFACT_REQUIRED,No current active artifact is required for this proven governed state.
W1-218,DUPLICATE_RECORD,DATA_GAP,DATA_GAP,UNKNOWN_ARTIFACT,DATA_GAP,NOT_REQUIRED,NOT_APPLICABLE,APPROVAL_NOT_REQUIRED,NO_CURRENT_ARTIFACT_REQUIRED,No current active artifact is required for this proven governed state.
W1-219,DUPLICATE_RECORD,DATA_GAP,DATA_GAP,UNKNOWN_ARTIFACT,DATA_GAP,NOT_REQUIRED,NOT_APPLICABLE,APPROVAL_NOT_REQUIRED,NO_CURRENT_ARTIFACT_REQUIRED,No current active artifact is required for this proven governed state.
W1-220,DUPLICATE_RECORD,DATA_GAP,DATA_GAP,UNKNOWN_ARTIFACT,DATA_GAP,NOT_REQUIRED,NOT_APPLICABLE,APPROVAL_NOT_REQUIRED,NO_CURRENT_ARTIFACT_REQUIRED,No current active artifact is required for this proven governed state.
W1-221,DUPLICATE_RECORD,DATA_GAP,DATA_GAP,UNKNOWN_ARTIFACT,DATA_GAP,NOT_REQUIRED,NOT_APPLICABLE,APPROVAL_NOT_REQUIRED,NO_CURRENT_ARTIFACT_REQUIRED,No current active artifact is required for this proven governed state.
W1-222,DUPLICATE_RECORD,DATA_GAP,DATA_GAP,UNKNOWN_ARTIFACT,DATA_GAP,NOT_REQUIRED,NOT_APPLICABLE,APPROVAL_NOT_REQUIRED,NO_CURRENT_ARTIFACT_REQUIRED,No current active artifact is required for this proven governed state.
W1-223,DUPLICATE_RECORD,DATA_GAP,DATA_GAP,UNKNOWN_ARTIFACT,DATA_GAP,NOT_REQUIRED,NOT_APPLICABLE,APPROVAL_NOT_REQUIRED,NO_CURRENT_ARTIFACT_REQUIRED,No current active artifact is required for this proven governed state.
W1-224,LEGACY_TITLE_RECORD,DATA_GAP,DATA_GAP,UNKNOWN_ARTIFACT,DATA_GAP,NOT_REQUIRED,NOT_APPLICABLE,APPROVAL_NOT_REQUIRED,NO_CURRENT_ARTIFACT_REQUIRED,No current active artifact is required for this proven governed state.
W1-225,DUPLICATE_RECORD,DATA_GAP,DATA_GAP,UNKNOWN_ARTIFACT,DATA_GAP,NOT_REQUIRED,NOT_APPLICABLE,APPROVAL_NOT_REQUIRED,NO_CURRENT_ARTIFACT_REQUIRED,No current active artifact is required for this proven governed state.
W1-226,DUPLICATE_RECORD,DATA_GAP,DATA_GAP,UNKNOWN_ARTIFACT,DATA_GAP,NOT_REQUIRED,NOT_APPLICABLE,APPROVAL_NOT_REQUIRED,NO_CURRENT_ARTIFACT_REQUIRED,No current active artifact is required for this proven governed state.
W1-227,DUPLICATE_RECORD,DATA_GAP,DATA_GAP,UNKNOWN_ARTIFACT,DATA_GAP,NOT_REQUIRED,NOT_APPLICABLE,APPROVAL_NOT_REQUIRED,NO_CURRENT_ARTIFACT_REQUIRED,No current active artifact is required for this proven governed state.
W1-228,DUPLICATE_RECORD,DATA_GAP,DATA_GAP,UNKNOWN_ARTIFACT,DATA_GAP,NOT_REQUIRED,NOT_APPLICABLE,APPROVAL_NOT_REQUIRED,NO_CURRENT_ARTIFACT_REQUIRED,No current active artifact is required for this proven governed state.
W1-229,DUPLICATE_RECORD,DATA_GAP,DATA_GAP,UNKNOWN_ARTIFACT,DATA_GAP,NOT_REQUIRED,NOT_APPLICABLE,APPROVAL_NOT_REQUIRED,NO_CURRENT_ARTIFACT_REQUIRED,No current active artifact is required for this proven governed state.
W1-230,DUPLICATE_RECORD,DATA_GAP,DATA_GAP,UNKNOWN_ARTIFACT,DATA_GAP,NOT_REQUIRED,NOT_APPLICABLE,APPROVAL_NOT_REQUIRED,NO_CURRENT_ARTIFACT_REQUIRED,No current active artifact is required for this proven governed state.
W1-231,DUPLICATE_RECORD,DATA_GAP,DATA_GAP,UNKNOWN_ARTIFACT,DATA_GAP,NOT_REQUIRED,NOT_APPLICABLE,APPROVAL_NOT_REQUIRED,NO_CURRENT_ARTIFACT_REQUIRED,No current active artifact is required for this proven governed state.
W1-232,DUPLICATE_RECORD,DATA_GAP,DATA_GAP,UNKNOWN_ARTIFACT,DATA_GAP,NOT_REQUIRED,NOT_APPLICABLE,APPROVAL_NOT_REQUIRED,NO_CURRENT_ARTIFACT_REQUIRED,No current active artifact is required for this proven governed state.
W1-233,DUPLICATE_RECORD,DATA_GAP,DATA_GAP,UNKNOWN_ARTIFACT,DATA_GAP,NOT_REQUIRED,NOT_APPLICABLE,APPROVAL_NOT_REQUIRED,NO_CURRENT_ARTIFACT_REQUIRED,No current active artifact is required for this proven governed state.
W1-234,DUPLICATE_RECORD,DATA_GAP,DATA_GAP,UNKNOWN_ARTIFACT,DATA_GAP,NOT_REQUIRED,NOT_APPLICABLE,APPROVAL_NOT_REQUIRED,NO_CURRENT_ARTIFACT_REQUIRED,No current active artifact is required for this proven governed state.
W1-235,DUPLICATE_RECORD,DATA_GAP,DATA_GAP,UNKNOWN_ARTIFACT,DATA_GAP,NOT_REQUIRED,NOT_APPLICABLE,APPROVAL_NOT_REQUIRED,NO_CURRENT_ARTIFACT_REQUIRED,No current active artifact is required for this proven governed state.
W1-236,DUPLICATE_RECORD,DATA_GAP,DATA_GAP,UNKNOWN_ARTIFACT,DATA_GAP,NOT_REQUIRED,NOT_APPLICABLE,APPROVAL_NOT_REQUIRED,NO_CURRENT_ARTIFACT_REQUIRED,No current active artifact is required for this proven governed state.
W1-237,DUPLICATE_RECORD,DATA_GAP,DATA_GAP,UNKNOWN_ARTIFACT,DATA_GAP,NOT_REQUIRED,NOT_APPLICABLE,APPROVAL_NOT_REQUIRED,NO_CURRENT_ARTIFACT_REQUIRED,No current active artifact is required for this proven governed state.
W1-238,DUPLICATE_RECORD,DATA_GAP,DATA_GAP,UNKNOWN_ARTIFACT,DATA_GAP,NOT_REQUIRED,NOT_APPLICABLE,APPROVAL_NOT_REQUIRED,NO_CURRENT_ARTIFACT_REQUIRED,No current active artifact is required for this proven governed state.
W1-239,DUPLICATE_RECORD,DATA_GAP,DATA_GAP,UNKNOWN_ARTIFACT,DATA_GAP,NOT_REQUIRED,NOT_APPLICABLE,APPROVAL_NOT_REQUIRED,NO_CURRENT_ARTIFACT_REQUIRED,No current active artifact is required for this proven governed state.
W1-240,DUPLICATE_RECORD,DATA_GAP,DATA_GAP,UNKNOWN_ARTIFACT,DATA_GAP,NOT_REQUIRED,NOT_APPLICABLE,APPROVAL_NOT_REQUIRED,NO_CURRENT_ARTIFACT_REQUIRED,No current active artifact is required for this proven governed state.
W1-241,DUPLICATE_RECORD,DATA_GAP,DATA_GAP,UNKNOWN_ARTIFACT,DATA_GAP,NOT_REQUIRED,NOT_APPLICABLE,APPROVAL_NOT_REQUIRED,NO_CURRENT_ARTIFACT_REQUIRED,No current active artifact is required for this proven governed state.
W1-242,DUPLICATE_RECORD,DATA_GAP,DATA_GAP,UNKNOWN_ARTIFACT,DATA_GAP,NOT_REQUIRED,NOT_APPLICABLE,APPROVAL_NOT_REQUIRED,NO_CURRENT_ARTIFACT_REQUIRED,No current active artifact is required for this proven governed state.
W1-243,DUPLICATE_RECORD,DATA_GAP,DATA_GAP,UNKNOWN_ARTIFACT,DATA_GAP,NOT_REQUIRED,NOT_APPLICABLE,APPROVAL_NOT_REQUIRED,NO_CURRENT_ARTIFACT_REQUIRED,No current active artifact is required for this proven governed state.
W1-244,DUPLICATE_RECORD,DATA_GAP,DATA_GAP,UNKNOWN_ARTIFACT,DATA_GAP,NOT_REQUIRED,NOT_APPLICABLE,APPROVAL_NOT_REQUIRED,NO_CURRENT_ARTIFACT_REQUIRED,No current active artifact is required for this proven governed state.
W1-245,DUPLICATE_RECORD,DATA_GAP,DATA_GAP,UNKNOWN_ARTIFACT,DATA_GAP,NOT_REQUIRED,NOT_APPLICABLE,APPROVAL_NOT_REQUIRED,NO_CURRENT_ARTIFACT_REQUIRED,No current active artifact is required for this proven governed state.
W1-246,DUPLICATE_RECORD,DATA_GAP,DATA_GAP,UNKNOWN_ARTIFACT,DATA_GAP,NOT_REQUIRED,NOT_APPLICABLE,APPROVAL_NOT_REQUIRED,NO_CURRENT_ARTIFACT_REQUIRED,No current active artifact is required for this proven governed state.
W1-247,DUPLICATE_RECORD,DATA_GAP,DATA_GAP,UNKNOWN_ARTIFACT,DATA_GAP,NOT_REQUIRED,NOT_APPLICABLE,APPROVAL_NOT_REQUIRED,NO_CURRENT_ARTIFACT_REQUIRED,No current active artifact is required for this proven governed state.
W1-248,DUPLICATE_RECORD,DATA_GAP,DATA_GAP,UNKNOWN_ARTIFACT,DATA_GAP,NOT_REQUIRED,NOT_APPLICABLE,APPROVAL_NOT_REQUIRED,NO_CURRENT_ARTIFACT_REQUIRED,No current active artifact is required for this proven governed state.
W1-249,DUPLICATE_RECORD,DATA_GAP,DATA_GAP,UNKNOWN_ARTIFACT,DATA_GAP,NOT_REQUIRED,NOT_APPLICABLE,APPROVAL_NOT_REQUIRED,NO_CURRENT_ARTIFACT_REQUIRED,No current active artifact is required for this proven governed state.
W1-250,DUPLICATE_RECORD,DATA_GAP,DATA_GAP,UNKNOWN_ARTIFACT,DATA_GAP,NOT_REQUIRED,NOT_APPLICABLE,APPROVAL_NOT_REQUIRED,NO_CURRENT_ARTIFACT_REQUIRED,No current active artifact is required for this proven governed state.
W1-251,DUPLICATE_RECORD,DATA_GAP,DATA_GAP,UNKNOWN_ARTIFACT,DATA_GAP,NOT_REQUIRED,NOT_APPLICABLE,APPROVAL_NOT_REQUIRED,NO_CURRENT_ARTIFACT_REQUIRED,No current active artifact is required for this proven governed state.
W1-252,DUPLICATE_RECORD,DATA_GAP,DATA_GAP,UNKNOWN_ARTIFACT,DATA_GAP,NOT_REQUIRED,NOT_APPLICABLE,APPROVAL_NOT_REQUIRED,NO_CURRENT_ARTIFACT_REQUIRED,No current active artifact is required for this proven governed state.
W1-253,DUPLICATE_RECORD,DATA_GAP,DATA_GAP,UNKNOWN_ARTIFACT,DATA_GAP,NOT_REQUIRED,NOT_APPLICABLE,APPROVAL_NOT_REQUIRED,NO_CURRENT_ARTIFACT_REQUIRED,No current active artifact is required for this proven governed state.
W1-254,DUPLICATE_RECORD,DATA_GAP,DATA_GAP,UNKNOWN_ARTIFACT,DATA_GAP,NOT_REQUIRED,NOT_APPLICABLE,APPROVAL_NOT_REQUIRED,NO_CURRENT_ARTIFACT_REQUIRED,No current active artifact is required for this proven governed state.
W1-255,DUPLICATE_RECORD,DATA_GAP,DATA_GAP,UNKNOWN_ARTIFACT,DATA_GAP,NOT_REQUIRED,NOT_APPLICABLE,APPROVAL_NOT_REQUIRED,NO_CURRENT_ARTIFACT_REQUIRED,No current active artifact is required for this proven governed state.
W1-256,DUPLICATE_RECORD,DATA_GAP,DATA_GAP,UNKNOWN_ARTIFACT,DATA_GAP,NOT_REQUIRED,NOT_APPLICABLE,APPROVAL_NOT_REQUIRED,NO_CURRENT_ARTIFACT_REQUIRED,No current active artifact is required for this proven governed state.
W1-257,DUPLICATE_RECORD,DATA_GAP,DATA_GAP,UNKNOWN_ARTIFACT,DATA_GAP,NOT_REQUIRED,NOT_APPLICABLE,APPROVAL_NOT_REQUIRED,NO_CURRENT_ARTIFACT_REQUIRED,No current active artifact is required for this proven governed state.
W1-258,DUPLICATE_RECORD,DATA_GAP,DATA_GAP,UNKNOWN_ARTIFACT,DATA_GAP,NOT_REQUIRED,NOT_APPLICABLE,APPROVAL_NOT_REQUIRED,NO_CURRENT_ARTIFACT_REQUIRED,No current active artifact is required for this proven governed state.
W1-259,DUPLICATE_RECORD,DATA_GAP,DATA_GAP,UNKNOWN_ARTIFACT,DATA_GAP,NOT_REQUIRED,NOT_APPLICABLE,APPROVAL_NOT_REQUIRED,NO_CURRENT_ARTIFACT_REQUIRED,No current active artifact is required for this proven governed state.
W1-260,DUPLICATE_RECORD,DATA_GAP,DATA_GAP,UNKNOWN_ARTIFACT,DATA_GAP,NOT_REQUIRED,NOT_APPLICABLE,APPROVAL_NOT_REQUIRED,NO_CURRENT_ARTIFACT_REQUIRED,No current active artifact is required for this proven governed state.
W1-261,DUPLICATE_RECORD,DATA_GAP,DATA_GAP,UNKNOWN_ARTIFACT,DATA_GAP,NOT_REQUIRED,NOT_APPLICABLE,APPROVAL_NOT_REQUIRED,NO_CURRENT_ARTIFACT_REQUIRED,No current active artifact is required for this proven governed state.
W1-262,DUPLICATE_RECORD,DATA_GAP,DATA_GAP,UNKNOWN_ARTIFACT,DATA_GAP,NOT_REQUIRED,NOT_APPLICABLE,APPROVAL_NOT_REQUIRED,NO_CURRENT_ARTIFACT_REQUIRED,No current active artifact is required for this proven governed state.
W1-263,LEGACY_TITLE_RECORD,DATA_GAP,DATA_GAP,UNKNOWN_ARTIFACT,DATA_GAP,NOT_REQUIRED,NOT_APPLICABLE,APPROVAL_NOT_REQUIRED,NO_CURRENT_ARTIFACT_REQUIRED,No current active artifact is required for this proven governed state.
W1-264,DUPLICATE_RECORD,DATA_GAP,DATA_GAP,UNKNOWN_ARTIFACT,DATA_GAP,NOT_REQUIRED,NOT_APPLICABLE,APPROVAL_NOT_REQUIRED,NO_CURRENT_ARTIFACT_REQUIRED,No current active artifact is required for this proven governed state.
W1-265,DUPLICATE_RECORD,DATA_GAP,DATA_GAP,UNKNOWN_ARTIFACT,DATA_GAP,NOT_REQUIRED,NOT_APPLICABLE,APPROVAL_NOT_REQUIRED,NO_CURRENT_ARTIFACT_REQUIRED,No current active artifact is required for this proven governed state.
W1-266,DUPLICATE_RECORD,DATA_GAP,DATA_GAP,UNKNOWN_ARTIFACT,DATA_GAP,NOT_REQUIRED,NOT_APPLICABLE,APPROVAL_NOT_REQUIRED,NO_CURRENT_ARTIFACT_REQUIRED,No current active artifact is required for this proven governed state.
W1-267,DUPLICATE_RECORD,DATA_GAP,DATA_GAP,UNKNOWN_ARTIFACT,DATA_GAP,NOT_REQUIRED,NOT_APPLICABLE,APPROVAL_NOT_REQUIRED,NO_CURRENT_ARTIFACT_REQUIRED,No current active artifact is required for this proven governed state.
W1-268,DUPLICATE_RECORD,DATA_GAP,DATA_GAP,UNKNOWN_ARTIFACT,DATA_GAP,NOT_REQUIRED,NOT_APPLICABLE,APPROVAL_NOT_REQUIRED,NO_CURRENT_ARTIFACT_REQUIRED,No current active artifact is required for this proven governed state.
W1-269,DUPLICATE_RECORD,DATA_GAP,DATA_GAP,UNKNOWN_ARTIFACT,DATA_GAP,NOT_REQUIRED,NOT_APPLICABLE,APPROVAL_NOT_REQUIRED,NO_CURRENT_ARTIFACT_REQUIRED,No current active artifact is required for this proven governed state.
W1-270,DUPLICATE_RECORD,DATA_GAP,DATA_GAP,UNKNOWN_ARTIFACT,DATA_GAP,NOT_REQUIRED,NOT_APPLICABLE,APPROVAL_NOT_REQUIRED,NO_CURRENT_ARTIFACT_REQUIRED,No current active artifact is required for this proven governed state.
W1-271,DUPLICATE_RECORD,DATA_GAP,DATA_GAP,UNKNOWN_ARTIFACT,DATA_GAP,NOT_REQUIRED,NOT_APPLICABLE,APPROVAL_NOT_REQUIRED,NO_CURRENT_ARTIFACT_REQUIRED,No current active artifact is required for this proven governed state.
W1-272,DUPLICATE_RECORD,DATA_GAP,DATA_GAP,UNKNOWN_ARTIFACT,DATA_GAP,NOT_REQUIRED,NOT_APPLICABLE,APPROVAL_NOT_REQUIRED,NO_CURRENT_ARTIFACT_REQUIRED,No current active artifact is required for this proven governed state.
W1-273,DUPLICATE_RECORD,DATA_GAP,DATA_GAP,UNKNOWN_ARTIFACT,DATA_GAP,NOT_REQUIRED,NOT_APPLICABLE,APPROVAL_NOT_REQUIRED,NO_CURRENT_ARTIFACT_REQUIRED,No current active artifact is required for this proven governed state.
W1-274,DUPLICATE_RECORD,DATA_GAP,DATA_GAP,UNKNOWN_ARTIFACT,DATA_GAP,NOT_REQUIRED,NOT_APPLICABLE,APPROVAL_NOT_REQUIRED,NO_CURRENT_ARTIFACT_REQUIRED,No current active artifact is required for this proven governed state.
W1-275,DUPLICATE_RECORD,DATA_GAP,DATA_GAP,UNKNOWN_ARTIFACT,DATA_GAP,NOT_REQUIRED,NOT_APPLICABLE,APPROVAL_NOT_REQUIRED,NO_CURRENT_ARTIFACT_REQUIRED,No current active artifact is required for this proven governed state.
W1-276,DUPLICATE_RECORD,DATA_GAP,DATA_GAP,UNKNOWN_ARTIFACT,DATA_GAP,NOT_REQUIRED,NOT_APPLICABLE,APPROVAL_NOT_REQUIRED,NO_CURRENT_ARTIFACT_REQUIRED,No current active artifact is required for this proven governed state.
W1-277,DUPLICATE_RECORD,DATA_GAP,DATA_GAP,UNKNOWN_ARTIFACT,DATA_GAP,NOT_REQUIRED,NOT_APPLICABLE,APPROVAL_NOT_REQUIRED,NO_CURRENT_ARTIFACT_REQUIRED,No current active artifact is required for this proven governed state.
W1-278,DUPLICATE_RECORD,DATA_GAP,DATA_GAP,UNKNOWN_ARTIFACT,DATA_GAP,NOT_REQUIRED,NOT_APPLICABLE,APPROVAL_NOT_REQUIRED,NO_CURRENT_ARTIFACT_REQUIRED,No current active artifact is required for this proven governed state.
W1-279,DUPLICATE_RECORD,DATA_GAP,DATA_GAP,UNKNOWN_ARTIFACT,DATA_GAP,NOT_REQUIRED,NOT_APPLICABLE,APPROVAL_NOT_REQUIRED,NO_CURRENT_ARTIFACT_REQUIRED,No current active artifact is required for this proven governed state.
W1-280,DUPLICATE_RECORD,DATA_GAP,DATA_GAP,UNKNOWN_ARTIFACT,DATA_GAP,NOT_REQUIRED,NOT_APPLICABLE,APPROVAL_NOT_REQUIRED,NO_CURRENT_ARTIFACT_REQUIRED,No current active artifact is required for this proven governed state.
W1-281,DUPLICATE_RECORD,DATA_GAP,DATA_GAP,UNKNOWN_ARTIFACT,DATA_GAP,NOT_REQUIRED,NOT_APPLICABLE,APPROVAL_NOT_REQUIRED,NO_CURRENT_ARTIFACT_REQUIRED,No current active artifact is required for this proven governed state.
W1-282,DUPLICATE_RECORD,DATA_GAP,DATA_GAP,UNKNOWN_ARTIFACT,DATA_GAP,NOT_REQUIRED,NOT_APPLICABLE,APPROVAL_NOT_REQUIRED,NO_CURRENT_ARTIFACT_REQUIRED,No current active artifact is required for this proven governed state.
W1-283,DUPLICATE_RECORD,DATA_GAP,DATA_GAP,UNKNOWN_ARTIFACT,DATA_GAP,NOT_REQUIRED,NOT_APPLICABLE,APPROVAL_NOT_REQUIRED,NO_CURRENT_ARTIFACT_REQUIRED,No current active artifact is required for this proven governed state.
W1-284,DUPLICATE_RECORD,DATA_GAP,DATA_GAP,UNKNOWN_ARTIFACT,DATA_GAP,NOT_REQUIRED,NOT_APPLICABLE,APPROVAL_NOT_REQUIRED,NO_CURRENT_ARTIFACT_REQUIRED,No current active artifact is required for this proven governed state.
W1-285,DUPLICATE_RECORD,DATA_GAP,DATA_GAP,UNKNOWN_ARTIFACT,DATA_GAP,NOT_REQUIRED,NOT_APPLICABLE,APPROVAL_NOT_REQUIRED,NO_CURRENT_ARTIFACT_REQUIRED,No current active artifact is required for this proven governed state.
W1-286,DUPLICATE_RECORD,DATA_GAP,DATA_GAP,UNKNOWN_ARTIFACT,DATA_GAP,NOT_REQUIRED,NOT_APPLICABLE,APPROVAL_NOT_REQUIRED,NO_CURRENT_ARTIFACT_REQUIRED,No current active artifact is required for this proven governed state.
W1-287,DUPLICATE_RECORD,DATA_GAP,DATA_GAP,UNKNOWN_ARTIFACT,DATA_GAP,NOT_REQUIRED,NOT_APPLICABLE,APPROVAL_NOT_REQUIRED,NO_CURRENT_ARTIFACT_REQUIRED,No current active artifact is required for this proven governed state.
W1-288,DUPLICATE_RECORD,DATA_GAP,DATA_GAP,UNKNOWN_ARTIFACT,DATA_GAP,NOT_REQUIRED,NOT_APPLICABLE,APPROVAL_NOT_REQUIRED,NO_CURRENT_ARTIFACT_REQUIRED,No current active artifact is required for this proven governed state.
W1-289,DUPLICATE_RECORD,DATA_GAP,DATA_GAP,UNKNOWN_ARTIFACT,DATA_GAP,NOT_REQUIRED,NOT_APPLICABLE,APPROVAL_NOT_REQUIRED,NO_CURRENT_ARTIFACT_REQUIRED,No current active artifact is required for this proven governed state.
W1-290,DUPLICATE_RECORD,DATA_GAP,DATA_GAP,UNKNOWN_ARTIFACT,DATA_GAP,NOT_REQUIRED,NOT_APPLICABLE,APPROVAL_NOT_REQUIRED,NO_CURRENT_ARTIFACT_REQUIRED,No current active artifact is required for this proven governed state.
W1-291,DUPLICATE_RECORD,DATA_GAP,DATA_GAP,UNKNOWN_ARTIFACT,DATA_GAP,NOT_REQUIRED,NOT_APPLICABLE,APPROVAL_NOT_REQUIRED,NO_CURRENT_ARTIFACT_REQUIRED,No current active artifact is required for this proven governed state.
W1-292,DUPLICATE_RECORD,DATA_GAP,DATA_GAP,UNKNOWN_ARTIFACT,DATA_GAP,NOT_REQUIRED,NOT_APPLICABLE,APPROVAL_NOT_REQUIRED,NO_CURRENT_ARTIFACT_REQUIRED,No current active artifact is required for this proven governed state.
W1-293,DUPLICATE_RECORD,DATA_GAP,DATA_GAP,UNKNOWN_ARTIFACT,DATA_GAP,NOT_REQUIRED,NOT_APPLICABLE,APPROVAL_NOT_REQUIRED,NO_CURRENT_ARTIFACT_REQUIRED,No current active artifact is required for this proven governed state.
W1-294,DUPLICATE_RECORD,DATA_GAP,DATA_GAP,UNKNOWN_ARTIFACT,DATA_GAP,NOT_REQUIRED,NOT_APPLICABLE,APPROVAL_NOT_REQUIRED,NO_CURRENT_ARTIFACT_REQUIRED,No current active artifact is required for this proven governed state.
W1-295,DUPLICATE_RECORD,DATA_GAP,DATA_GAP,UNKNOWN_ARTIFACT,DATA_GAP,NOT_REQUIRED,NOT_APPLICABLE,APPROVAL_NOT_REQUIRED,NO_CURRENT_ARTIFACT_REQUIRED,No current active artifact is required for this proven governed state.
W1-296,DUPLICATE_RECORD,DATA_GAP,DATA_GAP,UNKNOWN_ARTIFACT,DATA_GAP,NOT_REQUIRED,NOT_APPLICABLE,APPROVAL_NOT_REQUIRED,NO_CURRENT_ARTIFACT_REQUIRED,No current active artifact is required for this proven governed state.
W1-297,DUPLICATE_RECORD,DATA_GAP,DATA_GAP,UNKNOWN_ARTIFACT,DATA_GAP,NOT_REQUIRED,NOT_APPLICABLE,APPROVAL_NOT_REQUIRED,NO_CURRENT_ARTIFACT_REQUIRED,No current active artifact is required for this proven governed state.
W1-298,DUPLICATE_RECORD,DATA_GAP,DATA_GAP,UNKNOWN_ARTIFACT,DATA_GAP,NOT_REQUIRED,NOT_APPLICABLE,APPROVAL_NOT_REQUIRED,NO_CURRENT_ARTIFACT_REQUIRED,No current active artifact is required for this proven governed state.
W1-299,DUPLICATE_RECORD,DATA_GAP,DATA_GAP,UNKNOWN_ARTIFACT,DATA_GAP,NOT_REQUIRED,NOT_APPLICABLE,APPROVAL_NOT_REQUIRED,NO_CURRENT_ARTIFACT_REQUIRED,No current active artifact is required for this proven governed state.
W1-300,DUPLICATE_RECORD,DATA_GAP,DATA_GAP,UNKNOWN_ARTIFACT,DATA_GAP,NOT_REQUIRED,NOT_APPLICABLE,APPROVAL_NOT_REQUIRED,NO_CURRENT_ARTIFACT_REQUIRED,No current active artifact is required for this proven governed state.
W1-301,CANONICAL_CURRENT_TITLE,COMMERCIAL_ACTIVATION,DATA_GAP,UNKNOWN_ARTIFACT,DATA_GAP,NOT_REQUIRED,NOT_APPLICABLE,APPROVAL_NOT_REQUIRED,NO_CURRENT_ARTIFACT_REQUIRED,No current active artifact is required for this proven governed state.
W1-302,CANONICAL_PUBLISHED_TITLE,POST_PUBLICATION,DATA_GAP,UNKNOWN_ARTIFACT,DATA_GAP,NOT_REQUIRED,NOT_APPLICABLE,APPROVAL_NOT_REQUIRED,NO_CURRENT_ARTIFACT_REQUIRED,No current active artifact is required for this proven governed state.
W1-303,DUPLICATE_RECORD,DATA_GAP,DATA_GAP,UNKNOWN_ARTIFACT,DATA_GAP,NOT_REQUIRED,NOT_APPLICABLE,APPROVAL_NOT_REQUIRED,NO_CURRENT_ARTIFACT_REQUIRED,No current active artifact is required for this proven governed state.
W1-304,LEGACY_TITLE_RECORD,DATA_GAP,DATA_GAP,UNKNOWN_ARTIFACT,DATA_GAP,NOT_REQUIRED,NOT_APPLICABLE,APPROVAL_NOT_REQUIRED,NO_CURRENT_ARTIFACT_REQUIRED,No current active artifact is required for this proven governed state.
W1-305,DUPLICATE_RECORD,DATA_GAP,DATA_GAP,UNKNOWN_ARTIFACT,DATA_GAP,NOT_REQUIRED,NOT_APPLICABLE,APPROVAL_NOT_REQUIRED,NO_CURRENT_ARTIFACT_REQUIRED,No current active artifact is required for this proven governed state.
W1-306,DUPLICATE_RECORD,DATA_GAP,DATA_GAP,UNKNOWN_ARTIFACT,DATA_GAP,NOT_REQUIRED,NOT_APPLICABLE,APPROVAL_NOT_REQUIRED,NO_CURRENT_ARTIFACT_REQUIRED,No current active artifact is required for this proven governed state.
W1-307,CANONICAL_PUBLISHED_TITLE,POST_PUBLICATION,DATA_GAP,UNKNOWN_ARTIFACT,DATA_GAP,NOT_REQUIRED,NOT_APPLICABLE,APPROVAL_NOT_REQUIRED,NO_CURRENT_ARTIFACT_REQUIRED,No current active artifact is required for this proven governed state.
W1-308,CANONICAL_PUBLISHED_TITLE,POST_PUBLICATION,DATA_GAP,UNKNOWN_ARTIFACT,DATA_GAP,NOT_REQUIRED,NOT_APPLICABLE,APPROVAL_NOT_REQUIRED,NO_CURRENT_ARTIFACT_REQUIRED,No current active artifact is required for this proven governed state.
W1-309,DUPLICATE_RECORD,DATA_GAP,DATA_GAP,UNKNOWN_ARTIFACT,DATA_GAP,NOT_REQUIRED,NOT_APPLICABLE,APPROVAL_NOT_REQUIRED,NO_CURRENT_ARTIFACT_REQUIRED,No current active artifact is required for this proven governed state.
W1-310,DUPLICATE_RECORD,DATA_GAP,DATA_GAP,UNKNOWN_ARTIFACT,DATA_GAP,NOT_REQUIRED,NOT_APPLICABLE,APPROVAL_NOT_REQUIRED,NO_CURRENT_ARTIFACT_REQUIRED,No current active artifact is required for this proven governed state.
W1-311,DUPLICATE_RECORD,DATA_GAP,DATA_GAP,UNKNOWN_ARTIFACT,DATA_GAP,NOT_REQUIRED,NOT_APPLICABLE,APPROVAL_NOT_REQUIRED,NO_CURRENT_ARTIFACT_REQUIRED,No current active artifact is required for this proven governed state.
W1-312,DUPLICATE_RECORD,DATA_GAP,DATA_GAP,UNKNOWN_ARTIFACT,DATA_GAP,NOT_REQUIRED,NOT_APPLICABLE,APPROVAL_NOT_REQUIRED,NO_CURRENT_ARTIFACT_REQUIRED,No current active artifact is required for this proven governed state.
W1-313,DUPLICATE_RECORD,DATA_GAP,DATA_GAP,UNKNOWN_ARTIFACT,DATA_GAP,NOT_REQUIRED,NOT_APPLICABLE,APPROVAL_NOT_REQUIRED,NO_CURRENT_ARTIFACT_REQUIRED,No current active artifact is required for this proven governed state.
W1-314,DUPLICATE_RECORD,DATA_GAP,DATA_GAP,UNKNOWN_ARTIFACT,DATA_GAP,NOT_REQUIRED,NOT_APPLICABLE,APPROVAL_NOT_REQUIRED,NO_CURRENT_ARTIFACT_REQUIRED,No current active artifact is required for this proven governed state.
W1-315,DUPLICATE_RECORD,DATA_GAP,DATA_GAP,UNKNOWN_ARTIFACT,DATA_GAP,NOT_REQUIRED,NOT_APPLICABLE,APPROVAL_NOT_REQUIRED,NO_CURRENT_ARTIFACT_REQUIRED,No current active artifact is required for this proven governed state.
W1-316,DUPLICATE_RECORD,DATA_GAP,DATA_GAP,UNKNOWN_ARTIFACT,DATA_GAP,NOT_REQUIRED,NOT_APPLICABLE,APPROVAL_NOT_REQUIRED,NO_CURRENT_ARTIFACT_REQUIRED,No current active artifact is required for this proven governed state.
W1-317,DUPLICATE_RECORD,DATA_GAP,DATA_GAP,UNKNOWN_ARTIFACT,DATA_GAP,NOT_REQUIRED,NOT_APPLICABLE,APPROVAL_NOT_REQUIRED,NO_CURRENT_ARTIFACT_REQUIRED,No current active artifact is required for this proven governed state.
W1-318,DUPLICATE_RECORD,DATA_GAP,DATA_GAP,UNKNOWN_ARTIFACT,DATA_GAP,NOT_REQUIRED,NOT_APPLICABLE,APPROVAL_NOT_REQUIRED,NO_CURRENT_ARTIFACT_REQUIRED,No current active artifact is required for this proven governed state.
W1-319,DUPLICATE_RECORD,DATA_GAP,DATA_GAP,UNKNOWN_ARTIFACT,DATA_GAP,NOT_REQUIRED,NOT_APPLICABLE,APPROVAL_NOT_REQUIRED,NO_CURRENT_ARTIFACT_REQUIRED,No current active artifact is required for this proven governed state.
W1-320,DUPLICATE_RECORD,DATA_GAP,DATA_GAP,UNKNOWN_ARTIFACT,DATA_GAP,NOT_REQUIRED,NOT_APPLICABLE,APPROVAL_NOT_REQUIRED,NO_CURRENT_ARTIFACT_REQUIRED,No current active artifact is required for this proven governed state.
W1-321,DUPLICATE_RECORD,DATA_GAP,DATA_GAP,UNKNOWN_ARTIFACT,DATA_GAP,NOT_REQUIRED,NOT_APPLICABLE,APPROVAL_NOT_REQUIRED,NO_CURRENT_ARTIFACT_REQUIRED,No current active artifact is required for this proven governed state.
W1-322,DUPLICATE_RECORD,DATA_GAP,DATA_GAP,UNKNOWN_ARTIFACT,DATA_GAP,NOT_REQUIRED,NOT_APPLICABLE,APPROVAL_NOT_REQUIRED,NO_CURRENT_ARTIFACT_REQUIRED,No current active artifact is required for this proven governed state.
W1-323,DUPLICATE_RECORD,DATA_GAP,DATA_GAP,UNKNOWN_ARTIFACT,DATA_GAP,NOT_REQUIRED,NOT_APPLICABLE,APPROVAL_NOT_REQUIRED,NO_CURRENT_ARTIFACT_REQUIRED,No current active artifact is required for this proven governed state.
W1-324,DUPLICATE_RECORD,DATA_GAP,DATA_GAP,UNKNOWN_ARTIFACT,DATA_GAP,NOT_REQUIRED,NOT_APPLICABLE,APPROVAL_NOT_REQUIRED,NO_CURRENT_ARTIFACT_REQUIRED,No current active artifact is required for this proven governed state.
W1-325,DUPLICATE_RECORD,DATA_GAP,DATA_GAP,UNKNOWN_ARTIFACT,DATA_GAP,NOT_REQUIRED,NOT_APPLICABLE,APPROVAL_NOT_REQUIRED,NO_CURRENT_ARTIFACT_REQUIRED,No current active artifact is required for this proven governed state.
W1-326,DUPLICATE_RECORD,DATA_GAP,DATA_GAP,UNKNOWN_ARTIFACT,DATA_GAP,NOT_REQUIRED,NOT_APPLICABLE,APPROVAL_NOT_REQUIRED,NO_CURRENT_ARTIFACT_REQUIRED,No current active artifact is required for this proven governed state.
W1-327,DUPLICATE_RECORD,DATA_GAP,DATA_GAP,UNKNOWN_ARTIFACT,DATA_GAP,NOT_REQUIRED,NOT_APPLICABLE,APPROVAL_NOT_REQUIRED,NO_CURRENT_ARTIFACT_REQUIRED,No current active artifact is required for this proven governed state.
W1-328,DUPLICATE_RECORD,DATA_GAP,DATA_GAP,UNKNOWN_ARTIFACT,DATA_GAP,NOT_REQUIRED,NOT_APPLICABLE,APPROVAL_NOT_REQUIRED,NO_CURRENT_ARTIFACT_REQUIRED,No current active artifact is required for this proven governed state.
W1-329,DUPLICATE_RECORD,DATA_GAP,DATA_GAP,UNKNOWN_ARTIFACT,DATA_GAP,NOT_REQUIRED,NOT_APPLICABLE,APPROVAL_NOT_REQUIRED,NO_CURRENT_ARTIFACT_REQUIRED,No current active artifact is required for this proven governed state.
W1-330,DUPLICATE_RECORD,DATA_GAP,DATA_GAP,UNKNOWN_ARTIFACT,DATA_GAP,NOT_REQUIRED,NOT_APPLICABLE,APPROVAL_NOT_REQUIRED,NO_CURRENT_ARTIFACT_REQUIRED,No current active artifact is required for this proven governed state.
W1-331,DUPLICATE_RECORD,DATA_GAP,DATA_GAP,UNKNOWN_ARTIFACT,DATA_GAP,NOT_REQUIRED,NOT_APPLICABLE,APPROVAL_NOT_REQUIRED,NO_CURRENT_ARTIFACT_REQUIRED,No current active artifact is required for this proven governed state.
W1-332,LEGACY_TITLE_RECORD,DATA_GAP,DATA_GAP,UNKNOWN_ARTIFACT,DATA_GAP,NOT_REQUIRED,NOT_APPLICABLE,APPROVAL_NOT_REQUIRED,NO_CURRENT_ARTIFACT_REQUIRED,No current active artifact is required for this proven governed state.
W1-333,DUPLICATE_RECORD,DATA_GAP,DATA_GAP,UNKNOWN_ARTIFACT,DATA_GAP,NOT_REQUIRED,NOT_APPLICABLE,APPROVAL_NOT_REQUIRED,NO_CURRENT_ARTIFACT_REQUIRED,No current active artifact is required for this proven governed state.
W1-334,DUPLICATE_RECORD,DATA_GAP,DATA_GAP,UNKNOWN_ARTIFACT,DATA_GAP,NOT_REQUIRED,NOT_APPLICABLE,APPROVAL_NOT_REQUIRED,NO_CURRENT_ARTIFACT_REQUIRED,No current active artifact is required for this proven governed state.
W1-335,DUPLICATE_RECORD,DATA_GAP,DATA_GAP,UNKNOWN_ARTIFACT,DATA_GAP,NOT_REQUIRED,NOT_APPLICABLE,APPROVAL_NOT_REQUIRED,NO_CURRENT_ARTIFACT_REQUIRED,No current active artifact is required for this proven governed state.
W1-336,DUPLICATE_RECORD,DATA_GAP,DATA_GAP,UNKNOWN_ARTIFACT,DATA_GAP,NOT_REQUIRED,NOT_APPLICABLE,APPROVAL_NOT_REQUIRED,NO_CURRENT_ARTIFACT_REQUIRED,No current active artifact is required for this proven governed state.
W1-337,DUPLICATE_RECORD,DATA_GAP,DATA_GAP,UNKNOWN_ARTIFACT,DATA_GAP,NOT_REQUIRED,NOT_APPLICABLE,APPROVAL_NOT_REQUIRED,NO_CURRENT_ARTIFACT_REQUIRED,No current active artifact is required for this proven governed state.
W1-338,DUPLICATE_RECORD,DATA_GAP,DATA_GAP,UNKNOWN_ARTIFACT,DATA_GAP,NOT_REQUIRED,NOT_APPLICABLE,APPROVAL_NOT_REQUIRED,NO_CURRENT_ARTIFACT_REQUIRED,No current active artifact is required for this proven governed state.
W1-339,DUPLICATE_RECORD,DATA_GAP,DATA_GAP,UNKNOWN_ARTIFACT,DATA_GAP,NOT_REQUIRED,NOT_APPLICABLE,APPROVAL_NOT_REQUIRED,NO_CURRENT_ARTIFACT_REQUIRED,No current active artifact is required for this proven governed state.
W1-340,DUPLICATE_RECORD,DATA_GAP,DATA_GAP,UNKNOWN_ARTIFACT,DATA_GAP,NOT_REQUIRED,NOT_APPLICABLE,APPROVAL_NOT_REQUIRED,NO_CURRENT_ARTIFACT_REQUIRED,No current active artifact is required for this proven governed state.
W1-341,DUPLICATE_RECORD,DATA_GAP,DATA_GAP,UNKNOWN_ARTIFACT,DATA_GAP,NOT_REQUIRED,NOT_APPLICABLE,APPROVAL_NOT_REQUIRED,NO_CURRENT_ARTIFACT_REQUIRED,No current active artifact is required for this proven governed state.
W1-342,DUPLICATE_RECORD,DATA_GAP,DATA_GAP,UNKNOWN_ARTIFACT,DATA_GAP,NOT_REQUIRED,NOT_APPLICABLE,APPROVAL_NOT_REQUIRED,NO_CURRENT_ARTIFACT_REQUIRED,No current active artifact is required for this proven governed state.
W1-343,DUPLICATE_RECORD,DATA_GAP,DATA_GAP,UNKNOWN_ARTIFACT,DATA_GAP,NOT_REQUIRED,NOT_APPLICABLE,APPROVAL_NOT_REQUIRED,NO_CURRENT_ARTIFACT_REQUIRED,No current active artifact is required for this proven governed state.
W1-344,DUPLICATE_RECORD,DATA_GAP,DATA_GAP,UNKNOWN_ARTIFACT,DATA_GAP,NOT_REQUIRED,NOT_APPLICABLE,APPROVAL_NOT_REQUIRED,NO_CURRENT_ARTIFACT_REQUIRED,No current active artifact is required for this proven governed state.
W1-345,DUPLICATE_RECORD,DATA_GAP,DATA_GAP,UNKNOWN_ARTIFACT,DATA_GAP,NOT_REQUIRED,NOT_APPLICABLE,APPROVAL_NOT_REQUIRED,NO_CURRENT_ARTIFACT_REQUIRED,No current active artifact is required for this proven governed state.
W1-346,DUPLICATE_RECORD,DATA_GAP,DATA_GAP,UNKNOWN_ARTIFACT,DATA_GAP,NOT_REQUIRED,NOT_APPLICABLE,APPROVAL_NOT_REQUIRED,NO_CURRENT_ARTIFACT_REQUIRED,No current active artifact is required for this proven governed state.
W1-347,DUPLICATE_RECORD,DATA_GAP,DATA_GAP,UNKNOWN_ARTIFACT,DATA_GAP,NOT_REQUIRED,NOT_APPLICABLE,APPROVAL_NOT_REQUIRED,NO_CURRENT_ARTIFACT_REQUIRED,No current active artifact is required for this proven governed state.
W1-348,DUPLICATE_RECORD,DATA_GAP,DATA_GAP,UNKNOWN_ARTIFACT,DATA_GAP,NOT_REQUIRED,NOT_APPLICABLE,APPROVAL_NOT_REQUIRED,NO_CURRENT_ARTIFACT_REQUIRED,No current active artifact is required for this proven governed state.
W1-349,DUPLICATE_RECORD,DATA_GAP,DATA_GAP,UNKNOWN_ARTIFACT,DATA_GAP,NOT_REQUIRED,NOT_APPLICABLE,APPROVAL_NOT_REQUIRED,NO_CURRENT_ARTIFACT_REQUIRED,No current active artifact is required for this proven governed state.
W1-350,DUPLICATE_RECORD,DATA_GAP,DATA_GAP,UNKNOWN_ARTIFACT,DATA_GAP,NOT_REQUIRED,NOT_APPLICABLE,APPROVAL_NOT_REQUIRED,NO_CURRENT_ARTIFACT_REQUIRED,No current active artifact is required for this proven governed state.
W1-351,DUPLICATE_RECORD,DATA_GAP,DATA_GAP,UNKNOWN_ARTIFACT,DATA_GAP,NOT_REQUIRED,NOT_APPLICABLE,APPROVAL_NOT_REQUIRED,NO_CURRENT_ARTIFACT_REQUIRED,No current active artifact is required for this proven governed state.
W1-352,DUPLICATE_RECORD,DATA_GAP,DATA_GAP,UNKNOWN_ARTIFACT,DATA_GAP,NOT_REQUIRED,NOT_APPLICABLE,APPROVAL_NOT_REQUIRED,NO_CURRENT_ARTIFACT_REQUIRED,No current active artifact is required for this proven governed state.
W1-353,DUPLICATE_RECORD,DATA_GAP,DATA_GAP,UNKNOWN_ARTIFACT,DATA_GAP,NOT_REQUIRED,NOT_APPLICABLE,APPROVAL_NOT_REQUIRED,NO_CURRENT_ARTIFACT_REQUIRED,No current active artifact is required for this proven governed state.
W1-354,DUPLICATE_RECORD,DATA_GAP,DATA_GAP,UNKNOWN_ARTIFACT,DATA_GAP,NOT_REQUIRED,NOT_APPLICABLE,APPROVAL_NOT_REQUIRED,NO_CURRENT_ARTIFACT_REQUIRED,No current active artifact is required for this proven governed state.
W1-355,DUPLICATE_RECORD,DATA_GAP,DATA_GAP,UNKNOWN_ARTIFACT,DATA_GAP,NOT_REQUIRED,NOT_APPLICABLE,APPROVAL_NOT_REQUIRED,NO_CURRENT_ARTIFACT_REQUIRED,No current active artifact is required for this proven governed state.
W1-356,DUPLICATE_RECORD,DATA_GAP,DATA_GAP,UNKNOWN_ARTIFACT,DATA_GAP,NOT_REQUIRED,NOT_APPLICABLE,APPROVAL_NOT_REQUIRED,NO_CURRENT_ARTIFACT_REQUIRED,No current active artifact is required for this proven governed state.
W1-357,DUPLICATE_RECORD,DATA_GAP,DATA_GAP,UNKNOWN_ARTIFACT,DATA_GAP,NOT_REQUIRED,NOT_APPLICABLE,APPROVAL_NOT_REQUIRED,NO_CURRENT_ARTIFACT_REQUIRED,No current active artifact is required for this proven governed state.
W1-358,DUPLICATE_RECORD,DATA_GAP,DATA_GAP,UNKNOWN_ARTIFACT,DATA_GAP,NOT_REQUIRED,NOT_APPLICABLE,APPROVAL_NOT_REQUIRED,NO_CURRENT_ARTIFACT_REQUIRED,No current active artifact is required for this proven governed state.
W1-359,DUPLICATE_RECORD,DATA_GAP,DATA_GAP,UNKNOWN_ARTIFACT,DATA_GAP,NOT_REQUIRED,NOT_APPLICABLE,APPROVAL_NOT_REQUIRED,NO_CURRENT_ARTIFACT_REQUIRED,No current active artifact is required for this proven governed state.
W1-360,DUPLICATE_RECORD,DATA_GAP,DATA_GAP,UNKNOWN_ARTIFACT,DATA_GAP,NOT_REQUIRED,NOT_APPLICABLE,APPROVAL_NOT_REQUIRED,NO_CURRENT_ARTIFACT_REQUIRED,No current active artifact is required for this proven governed state.
W1-361,DUPLICATE_RECORD,DATA_GAP,DATA_GAP,UNKNOWN_ARTIFACT,DATA_GAP,NOT_REQUIRED,NOT_APPLICABLE,APPROVAL_NOT_REQUIRED,NO_CURRENT_ARTIFACT_REQUIRED,No current active artifact is required for this proven governed state.
W1-362,DUPLICATE_RECORD,DATA_GAP,DATA_GAP,UNKNOWN_ARTIFACT,DATA_GAP,NOT_REQUIRED,NOT_APPLICABLE,APPROVAL_NOT_REQUIRED,NO_CURRENT_ARTIFACT_REQUIRED,No current active artifact is required for this proven governed state.
W1-363,DUPLICATE_RECORD,DATA_GAP,DATA_GAP,UNKNOWN_ARTIFACT,DATA_GAP,NOT_REQUIRED,NOT_APPLICABLE,APPROVAL_NOT_REQUIRED,NO_CURRENT_ARTIFACT_REQUIRED,No current active artifact is required for this proven governed state.
W1-364,DUPLICATE_RECORD,DATA_GAP,DATA_GAP,UNKNOWN_ARTIFACT,DATA_GAP,NOT_REQUIRED,NOT_APPLICABLE,APPROVAL_NOT_REQUIRED,NO_CURRENT_ARTIFACT_REQUIRED,No current active artifact is required for this proven governed state.
W1-365,DUPLICATE_RECORD,DATA_GAP,DATA_GAP,UNKNOWN_ARTIFACT,DATA_GAP,NOT_REQUIRED,NOT_APPLICABLE,APPROVAL_NOT_REQUIRED,NO_CURRENT_ARTIFACT_REQUIRED,No current active artifact is required for this proven governed state.
W1-366,LEGACY_TITLE_RECORD,DATA_GAP,DATA_GAP,UNKNOWN_ARTIFACT,DATA_GAP,NOT_REQUIRED,NOT_APPLICABLE,APPROVAL_NOT_REQUIRED,NO_CURRENT_ARTIFACT_REQUIRED,No current active artifact is required for this proven governed state.
W1-367,DUPLICATE_RECORD,DATA_GAP,DATA_GAP,UNKNOWN_ARTIFACT,DATA_GAP,NOT_REQUIRED,NOT_APPLICABLE,APPROVAL_NOT_REQUIRED,NO_CURRENT_ARTIFACT_REQUIRED,No current active artifact is required for this proven governed state.
W1-368,DUPLICATE_RECORD,DATA_GAP,DATA_GAP,UNKNOWN_ARTIFACT,DATA_GAP,NOT_REQUIRED,NOT_APPLICABLE,APPROVAL_NOT_REQUIRED,NO_CURRENT_ARTIFACT_REQUIRED,No current active artifact is required for this proven governed state.
W1-369,DUPLICATE_RECORD,DATA_GAP,DATA_GAP,UNKNOWN_ARTIFACT,DATA_GAP,NOT_REQUIRED,NOT_APPLICABLE,APPROVAL_NOT_REQUIRED,NO_CURRENT_ARTIFACT_REQUIRED,No current active artifact is required for this proven governed state.
W1-370,DUPLICATE_RECORD,DATA_GAP,DATA_GAP,UNKNOWN_ARTIFACT,DATA_GAP,NOT_REQUIRED,NOT_APPLICABLE,APPROVAL_NOT_REQUIRED,NO_CURRENT_ARTIFACT_REQUIRED,No current active artifact is required for this proven governed state.
W1-371,DUPLICATE_RECORD,DATA_GAP,DATA_GAP,UNKNOWN_ARTIFACT,DATA_GAP,NOT_REQUIRED,NOT_APPLICABLE,APPROVAL_NOT_REQUIRED,NO_CURRENT_ARTIFACT_REQUIRED,No current active artifact is required for this proven governed state.
W1-372,DUPLICATE_RECORD,DATA_GAP,DATA_GAP,UNKNOWN_ARTIFACT,DATA_GAP,NOT_REQUIRED,NOT_APPLICABLE,APPROVAL_NOT_REQUIRED,NO_CURRENT_ARTIFACT_REQUIRED,No current active artifact is required for this proven governed state.
W1-373,DUPLICATE_RECORD,DATA_GAP,DATA_GAP,UNKNOWN_ARTIFACT,DATA_GAP,NOT_REQUIRED,NOT_APPLICABLE,APPROVAL_NOT_REQUIRED,NO_CURRENT_ARTIFACT_REQUIRED,No current active artifact is required for this proven governed state.
W1-374,DUPLICATE_RECORD,DATA_GAP,DATA_GAP,UNKNOWN_ARTIFACT,DATA_GAP,NOT_REQUIRED,NOT_APPLICABLE,APPROVAL_NOT_REQUIRED,NO_CURRENT_ARTIFACT_REQUIRED,No current active artifact is required for this proven governed state.
W1-375,DUPLICATE_RECORD,DATA_GAP,DATA_GAP,UNKNOWN_ARTIFACT,DATA_GAP,NOT_REQUIRED,NOT_APPLICABLE,APPROVAL_NOT_REQUIRED,NO_CURRENT_ARTIFACT_REQUIRED,No current active artifact is required for this proven governed state.
W1-376,DUPLICATE_RECORD,DATA_GAP,DATA_GAP,UNKNOWN_ARTIFACT,DATA_GAP,NOT_REQUIRED,NOT_APPLICABLE,APPROVAL_NOT_REQUIRED,NO_CURRENT_ARTIFACT_REQUIRED,No current active artifact is required for this proven governed state.
W1-377,DUPLICATE_RECORD,DATA_GAP,DATA_GAP,UNKNOWN_ARTIFACT,DATA_GAP,NOT_REQUIRED,NOT_APPLICABLE,APPROVAL_NOT_REQUIRED,NO_CURRENT_ARTIFACT_REQUIRED,No current active artifact is required for this proven governed state.
W1-378,DUPLICATE_RECORD,DATA_GAP,DATA_GAP,UNKNOWN_ARTIFACT,DATA_GAP,NOT_REQUIRED,NOT_APPLICABLE,APPROVAL_NOT_REQUIRED,NO_CURRENT_ARTIFACT_REQUIRED,No current active artifact is required for this proven governed state.
W1-379,DUPLICATE_RECORD,DATA_GAP,DATA_GAP,UNKNOWN_ARTIFACT,DATA_GAP,NOT_REQUIRED,NOT_APPLICABLE,APPROVAL_NOT_REQUIRED,NO_CURRENT_ARTIFACT_REQUIRED,No current active artifact is required for this proven governed state.
W1-380,DUPLICATE_RECORD,DATA_GAP,DATA_GAP,UNKNOWN_ARTIFACT,DATA_GAP,NOT_REQUIRED,NOT_APPLICABLE,APPROVAL_NOT_REQUIRED,NO_CURRENT_ARTIFACT_REQUIRED,No current active artifact is required for this proven governed state.
W1-381,DUPLICATE_RECORD,DATA_GAP,DATA_GAP,UNKNOWN_ARTIFACT,DATA_GAP,NOT_REQUIRED,NOT_APPLICABLE,APPROVAL_NOT_REQUIRED,NO_CURRENT_ARTIFACT_REQUIRED,No current active artifact is required for this proven governed state.
W1-382,LEGACY_TITLE_RECORD,DATA_GAP,DATA_GAP,UNKNOWN_ARTIFACT,DATA_GAP,NOT_REQUIRED,NOT_APPLICABLE,APPROVAL_NOT_REQUIRED,NO_CURRENT_ARTIFACT_REQUIRED,No current active artifact is required for this proven governed state.
W1-383,DUPLICATE_RECORD,DATA_GAP,DATA_GAP,UNKNOWN_ARTIFACT,DATA_GAP,NOT_REQUIRED,NOT_APPLICABLE,APPROVAL_NOT_REQUIRED,NO_CURRENT_ARTIFACT_REQUIRED,No current active artifact is required for this proven governed state.
W1-384,DUPLICATE_RECORD,DATA_GAP,DATA_GAP,UNKNOWN_ARTIFACT,DATA_GAP,NOT_REQUIRED,NOT_APPLICABLE,APPROVAL_NOT_REQUIRED,NO_CURRENT_ARTIFACT_REQUIRED,No current active artifact is required for this proven governed state.
W1-385,DUPLICATE_RECORD,DATA_GAP,DATA_GAP,UNKNOWN_ARTIFACT,DATA_GAP,NOT_REQUIRED,NOT_APPLICABLE,APPROVAL_NOT_REQUIRED,NO_CURRENT_ARTIFACT_REQUIRED,No current active artifact is required for this proven governed state.
W1-386,DUPLICATE_RECORD,DATA_GAP,DATA_GAP,UNKNOWN_ARTIFACT,DATA_GAP,NOT_REQUIRED,NOT_APPLICABLE,APPROVAL_NOT_REQUIRED,NO_CURRENT_ARTIFACT_REQUIRED,No current active artifact is required for this proven governed state.
W1-387,DUPLICATE_RECORD,DATA_GAP,DATA_GAP,UNKNOWN_ARTIFACT,DATA_GAP,NOT_REQUIRED,NOT_APPLICABLE,APPROVAL_NOT_REQUIRED,NO_CURRENT_ARTIFACT_REQUIRED,No current active artifact is required for this proven governed state.
W1-388,DUPLICATE_RECORD,DATA_GAP,DATA_GAP,UNKNOWN_ARTIFACT,DATA_GAP,NOT_REQUIRED,NOT_APPLICABLE,APPROVAL_NOT_REQUIRED,NO_CURRENT_ARTIFACT_REQUIRED,No current active artifact is required for this proven governed state.
W1-389,DUPLICATE_RECORD,DATA_GAP,DATA_GAP,UNKNOWN_ARTIFACT,DATA_GAP,NOT_REQUIRED,NOT_APPLICABLE,APPROVAL_NOT_REQUIRED,NO_CURRENT_ARTIFACT_REQUIRED,No current active artifact is required for this proven governed state.
W1-390,DUPLICATE_RECORD,DATA_GAP,DATA_GAP,UNKNOWN_ARTIFACT,DATA_GAP,NOT_REQUIRED,NOT_APPLICABLE,APPROVAL_NOT_REQUIRED,NO_CURRENT_ARTIFACT_REQUIRED,No current active artifact is required for this proven governed state.
W1-391,DUPLICATE_RECORD,DATA_GAP,DATA_GAP,UNKNOWN_ARTIFACT,DATA_GAP,NOT_REQUIRED,NOT_APPLICABLE,APPROVAL_NOT_REQUIRED,NO_CURRENT_ARTIFACT_REQUIRED,No current active artifact is required for this proven governed state.
W1-392,DUPLICATE_RECORD,DATA_GAP,DATA_GAP,UNKNOWN_ARTIFACT,DATA_GAP,NOT_REQUIRED,NOT_APPLICABLE,APPROVAL_NOT_REQUIRED,NO_CURRENT_ARTIFACT_REQUIRED,No current active artifact is required for this proven governed state.
W1-393,DUPLICATE_RECORD,DATA_GAP,DATA_GAP,UNKNOWN_ARTIFACT,DATA_GAP,NOT_REQUIRED,NOT_APPLICABLE,APPROVAL_NOT_REQUIRED,NO_CURRENT_ARTIFACT_REQUIRED,No current active artifact is required for this proven governed state.
W1-394,DUPLICATE_RECORD,DATA_GAP,DATA_GAP,UNKNOWN_ARTIFACT,DATA_GAP,NOT_REQUIRED,NOT_APPLICABLE,APPROVAL_NOT_REQUIRED,NO_CURRENT_ARTIFACT_REQUIRED,No current active artifact is required for this proven governed state.
W1-395,DUPLICATE_RECORD,DATA_GAP,DATA_GAP,UNKNOWN_ARTIFACT,DATA_GAP,NOT_REQUIRED,NOT_APPLICABLE,APPROVAL_NOT_REQUIRED,NO_CURRENT_ARTIFACT_REQUIRED,No current active artifact is required for this proven governed state.
W1-396,DUPLICATE_RECORD,DATA_GAP,DATA_GAP,UNKNOWN_ARTIFACT,DATA_GAP,NOT_REQUIRED,NOT_APPLICABLE,APPROVAL_NOT_REQUIRED,NO_CURRENT_ARTIFACT_REQUIRED,No current active artifact is required for this proven governed state.
W1-397,DUPLICATE_RECORD,DATA_GAP,DATA_GAP,UNKNOWN_ARTIFACT,DATA_GAP,NOT_REQUIRED,NOT_APPLICABLE,APPROVAL_NOT_REQUIRED,NO_CURRENT_ARTIFACT_REQUIRED,No current active artifact is required for this proven governed state.
W1-398,DUPLICATE_RECORD,DATA_GAP,DATA_GAP,UNKNOWN_ARTIFACT,DATA_GAP,NOT_REQUIRED,NOT_APPLICABLE,APPROVAL_NOT_REQUIRED,NO_CURRENT_ARTIFACT_REQUIRED,No current active artifact is required for this proven governed state.
W1-399,DUPLICATE_RECORD,DATA_GAP,DATA_GAP,UNKNOWN_ARTIFACT,DATA_GAP,NOT_REQUIRED,NOT_APPLICABLE,APPROVAL_NOT_REQUIRED,NO_CURRENT_ARTIFACT_REQUIRED,No current active artifact is required for this proven governed state.
W1-400,DUPLICATE_RECORD,DATA_GAP,DATA_GAP,UNKNOWN_ARTIFACT,DATA_GAP,NOT_REQUIRED,NOT_APPLICABLE,APPROVAL_NOT_REQUIRED,NO_CURRENT_ARTIFACT_REQUIRED,No current active artifact is required for this proven governed state.
W1-401,DUPLICATE_RECORD,DATA_GAP,DATA_GAP,UNKNOWN_ARTIFACT,DATA_GAP,NOT_REQUIRED,NOT_APPLICABLE,APPROVAL_NOT_REQUIRED,NO_CURRENT_ARTIFACT_REQUIRED,No current active artifact is required for this proven governed state.
W1-402,DUPLICATE_RECORD,DATA_GAP,DATA_GAP,UNKNOWN_ARTIFACT,DATA_GAP,NOT_REQUIRED,NOT_APPLICABLE,APPROVAL_NOT_REQUIRED,NO_CURRENT_ARTIFACT_REQUIRED,No current active artifact is required for this proven governed state.
W1-403,DUPLICATE_RECORD,DATA_GAP,DATA_GAP,UNKNOWN_ARTIFACT,DATA_GAP,NOT_REQUIRED,NOT_APPLICABLE,APPROVAL_NOT_REQUIRED,NO_CURRENT_ARTIFACT_REQUIRED,No current active artifact is required for this proven governed state.
W1-404,DUPLICATE_RECORD,DATA_GAP,DATA_GAP,UNKNOWN_ARTIFACT,DATA_GAP,NOT_REQUIRED,NOT_APPLICABLE,APPROVAL_NOT_REQUIRED,NO_CURRENT_ARTIFACT_REQUIRED,No current active artifact is required for this proven governed state.
W1-405,DUPLICATE_RECORD,DATA_GAP,DATA_GAP,UNKNOWN_ARTIFACT,DATA_GAP,NOT_REQUIRED,NOT_APPLICABLE,APPROVAL_NOT_REQUIRED,NO_CURRENT_ARTIFACT_REQUIRED,No current active artifact is required for this proven governed state.
W1-406,CANONICAL_PUBLISHED_TITLE,POST_PUBLICATION,DATA_GAP,UNKNOWN_ARTIFACT,DATA_GAP,NOT_REQUIRED,NOT_APPLICABLE,APPROVAL_NOT_REQUIRED,NO_CURRENT_ARTIFACT_REQUIRED,No current active artifact is required for this proven governed state.
W1-407,CANONICAL_PUBLISHED_TITLE,POST_PUBLICATION,DATA_GAP,UNKNOWN_ARTIFACT,DATA_GAP,NOT_REQUIRED,NOT_APPLICABLE,APPROVAL_NOT_REQUIRED,NO_CURRENT_ARTIFACT_REQUIRED,No current active artifact is required for this proven governed state.
W1-408,CANONICAL_PUBLISHED_TITLE,POST_PUBLICATION,DATA_GAP,UNKNOWN_ARTIFACT,DATA_GAP,NOT_REQUIRED,NOT_APPLICABLE,APPROVAL_NOT_REQUIRED,NO_CURRENT_ARTIFACT_REQUIRED,No current active artifact is required for this proven governed state.
