task_id,population,author,title,wave3_waiting_state,exhaustion_class,system_attention_class,actual_required_action,cody_can_execute,runtime_can_execute,true_human_gate,external_dependency,evidence
b524ea8806aa75545563545b,WAITING_ON_JMP_SOURCE_POPULATION,DATA_GAP,27 Days to Overcoming Depression: Debunking All the Lies,WAITING_ON_JMP,DETERMINISTIC_DATA_REPAIR_OR_EVIDENCE_BINDING,MISSING_AUTHOR_RELATIONSHIP,Create structured operator task to bind author relationship before continuation,NO,NO,NO,NO,Dataverse:jm1pub_title:6e27c7bc-c37a-f111-ab0f-000d3a14673b
c1b8d0903d0e97d56e953603,WAITING_ON_JMP_SOURCE_POPULATION,DATA_GAP,A Principal's Tale: A Self-Determined Leader,WAITING_ON_JMP,DETERMINISTIC_DATA_REPAIR_OR_EVIDENCE_BINDING,MISSING_AUTHOR_RELATIONSHIP,Create structured operator task to bind author relationship before continuation,NO,NO,NO,NO,Dataverse:jm1pub_title:6f27c7bc-c37a-f111-ab0f-000d3a14673b
068664a36591bd97d0655450,WAITING_ON_JMP_SOURCE_POPULATION,DATA_GAP,Abortion!: George and Giovanna,WAITING_ON_JMP,DETERMINISTIC_DATA_REPAIR_OR_EVIDENCE_BINDING,MISSING_AUTHOR_RELATIONSHIP,Create structured operator task to bind author relationship before continuation,NO,NO,NO,NO,Dataverse:jm1pub_title:7742c1c2-c37a-f111-ab0f-000d3a14673b
b3443252707b3acb013567a9,WAITING_ON_JMP_SOURCE_POPULATION,DATA_GAP,Because the Lord is My Shepherd: Psalm 23 and Me,WAITING_ON_JMP,DETERMINISTIC_DATA_REPAIR_OR_EVIDENCE_BINDING,MISSING_AUTHOR_RELATIONSHIP,Create structured operator task to bind author relationship before continuation,NO,NO,NO,NO,Dataverse:jm1pub_title:7942c1c2-c37a-f111-ab0f-000d3a14673b
ee68add689f3582dd7bfafc9,WAITING_ON_JMP_SOURCE_POPULATION,DATA_GAP,Bodacious: Controversial and Provocative,WAITING_ON_JMP,DETERMINISTIC_DATA_REPAIR_OR_EVIDENCE_BINDING,MISSING_AUTHOR_RELATIONSHIP,Create structured operator task to bind author relationship before continuation,NO,NO,NO,NO,Dataverse:jm1pub_title:8642c1c2-c37a-f111-ab0f-000d3a14673b
14c7d4e1274173b4c3b85bb2,WAITING_ON_JMP_SOURCE_POPULATION,DATA_GAP,Connected!: Unlocking the DNA of Authentic Prayer - 2nd Edition,WAITING_ON_JMP,DETERMINISTIC_DATA_REPAIR_OR_EVIDENCE_BINDING,MISSING_AUTHOR_RELATIONSHIP,Create structured operator task to bind author relationship before continuation,NO,NO,NO,NO,Dataverse:jm1pub_title:8742c1c2-c37a-f111-ab0f-000d3a14673b
013a414452a70ffc3ef19077,WAITING_ON_JMP_SOURCE_POPULATION,DATA_GAP,More Than A Village: Raising Black Men in America,WAITING_ON_JMP,DETERMINISTIC_DATA_REPAIR_OR_EVIDENCE_BINDING,MISSING_AUTHOR_RELATIONSHIP,Create structured operator task to bind author relationship before continuation,NO,NO,NO,NO,Dataverse:jm1pub_title:1759fcc8-c37a-f111-ab0f-000d3a14673b
0c58afba73df523525c6bdb3,WAITING_ON_JMP_SOURCE_POPULATION,DATA_GAP,The Great Hair Restart: The Journal,WAITING_ON_JMP,DETERMINISTIC_DATA_REPAIR_OR_EVIDENCE_BINDING,MISSING_AUTHOR_RELATIONSHIP,Create structured operator task to bind author relationship before continuation,NO,NO,NO,NO,Dataverse:jm1pub_title:0a6386cf-c37a-f111-ab0f-000d3a14673b
e83155a6a705007d39d00fe0,WAITING_ON_JMP_SOURCE_POPULATION,DATA_GAP,The Journey: The Inspiration and Message Behind the Music,WAITING_ON_JMP,DETERMINISTIC_DATA_REPAIR_OR_EVIDENCE_BINDING,MISSING_AUTHOR_RELATIONSHIP,Create structured operator task to bind author relationship before continuation,NO,NO,NO,NO,Dataverse:jm1pub_title:0d6386cf-c37a-f111-ab0f-000d3a14673b
dd164503621effa8f00756e8,WAITING_ON_JMP_SOURCE_POPULATION,DATA_GAP,You're Still Not Crazy: You May Be An Empath Dealing With A Narcissist,WAITING_ON_JMP,DETERMINISTIC_DATA_REPAIR_OR_EVIDENCE_BINDING,MISSING_AUTHOR_RELATIONSHIP,Create structured operator task to bind author relationship before continuation,NO,NO,NO,NO,Dataverse:jm1pub_title:226386cf-c37a-f111-ab0f-000d3a14673b
87512da780b6c35e1702f473,WAITING_ON_JMP_SOURCE_POPULATION,Ericka Johnson Settles,7 Step Jumpstart to Becoming Your Best Self,WAITING_ON_JMP,TERMINAL_OR_LEGACY_RECONCILIATION,TERMINAL_STATE_CONFLICT,Create structured operator task to resolve lifecycle/terminal-state conflict,NO,NO,NO,NO,Dataverse:jm1pub_title:8e0402da-b389-f111-ab10-000d3a14673b
a707f734dc6fd7ab03e4788f,WAITING_ON_JMP_SOURCE_POPULATION,Jaylonna Stevette,Almost Happy,WAITING_ON_JMP,TERMINAL_OR_LEGACY_RECONCILIATION,TERMINAL_STATE_CONFLICT,Create structured operator task to resolve lifecycle/terminal-state conflict,NO,NO,NO,NO,Dataverse:jm1pub_title:a00402da-b389-f111-ab10-000d3a14673b
e807d2fa6a2ac62855f26b9f,WAITING_ON_JMP_SOURCE_POPULATION,Deborah Eiland,BEE Careful,WAITING_ON_JMP,TERMINAL_OR_LEGACY_RECONCILIATION,TERMINAL_STATE_CONFLICT,Create structured operator task to resolve lifecycle/terminal-state conflict,NO,NO,NO,NO,Dataverse:jm1pub_title:a60402da-b389-f111-ab10-000d3a14673b
808c0d9914ec80be2ac55d4c,WAITING_ON_JMP_SOURCE_POPULATION,Agape International Cathedral,Delicious Ideas!,WAITING_ON_JMP,TERMINAL_OR_LEGACY_RECONCILIATION,TERMINAL_STATE_CONFLICT,Create structured operator task to resolve lifecycle/terminal-state conflict,NO,NO,NO,NO,Dataverse:jm1pub_title:ba0402da-b389-f111-ab10-000d3a14673b
657c3d08ef6e75abef3e39b2,WAITING_ON_JMP_SOURCE_POPULATION,"Sean Smith, Sr.",Destined to Break the Curse,WAITING_ON_JMP,TERMINAL_OR_LEGACY_RECONCILIATION,TERMINAL_STATE_CONFLICT,Create structured operator task to resolve lifecycle/terminal-state conflict,NO,NO,NO,NO,Dataverse:jm1pub_title:af7e1ee0-b389-f111-ab10-000d3a14673b
0ba1ca1b4e2baf09c4f1809e,WAITING_ON_JMP_SOURCE_POPULATION,Terry Stephens,Discipline and Direction,WAITING_ON_JMP,TERMINAL_OR_LEGACY_RECONCILIATION,TERMINAL_STATE_CONFLICT,Create structured operator task to resolve lifecycle/terminal-state conflict,NO,NO,NO,NO,Dataverse:jm1pub_title:b17e1ee0-b389-f111-ab10-000d3a14673b
7ac129c2c88f88226af2e136,WAITING_ON_JMP_SOURCE_POPULATION,Regina Scales,Divinely Inspired,WAITING_ON_JMP,TERMINAL_OR_LEGACY_RECONCILIATION,TERMINAL_STATE_CONFLICT,Create structured operator task to resolve lifecycle/terminal-state conflict,NO,NO,NO,NO,Dataverse:jm1pub_title:b27e1ee0-b389-f111-ab10-000d3a14673b
fa9861be52dabb13b5e3d501,WAITING_ON_JMP_SOURCE_POPULATION,"Jackie Smith, Jr.",Establishing Glory,WAITING_ON_JMP,DETERMINISTIC_DATA_REPAIR_OR_EVIDENCE_BINDING,MISSING_ARTIFACT,Bind current editorial artifact before stage movement,NO,NO,NO,NO,Dataverse:jm1pub_title:b37e1ee0-b389-f111-ab10-000d3a14673b
093e26564389b356e6a717ca,WAITING_ON_JMP_SOURCE_POPULATION,"Jackie Smith, Jr.",Establishing Glory: The Praise and Worship Handbook,WAITING_ON_JMP,DETERMINISTIC_DATA_REPAIR_OR_EVIDENCE_BINDING,MISSING_ARTIFACT,Bind current editorial artifact before stage movement,NO,NO,NO,NO,Dataverse:jm1pub_title:b47e1ee0-b389-f111-ab10-000d3a14673b
e8d6f5617a2d55a4cb4c6476,WAITING_ON_JMP_SOURCE_POPULATION,Kelli Milligan Stammen,For What It's Worth,WAITING_ON_JMP,TERMINAL_OR_LEGACY_RECONCILIATION,TERMINAL_STATE_CONFLICT,Create structured operator task to resolve lifecycle/terminal-state conflict,NO,NO,NO,NO,Dataverse:jm1pub_title:b57e1ee0-b389-f111-ab10-000d3a14673b
57e33a01ee139e0cb2d2882e,WAITING_ON_JMP_SOURCE_POPULATION,Karen Hill,From Stylist to CEO,WAITING_ON_JMP,TERMINAL_OR_LEGACY_RECONCILIATION,TERMINAL_STATE_CONFLICT,Create structured operator task to resolve lifecycle/terminal-state conflict,NO,NO,NO,NO,Dataverse:jm1pub_title:b67e1ee0-b389-f111-ab10-000d3a14673b
97eafd55663e358f7a8e0cdf,WAITING_ON_JMP_SOURCE_POPULATION,Cheryl Travis,"Help God, I Am Hurt",WAITING_ON_JMP,TERMINAL_OR_LEGACY_RECONCILIATION,TERMINAL_STATE_CONFLICT,Create structured operator task to resolve lifecycle/terminal-state conflict,NO,NO,NO,NO,Dataverse:jm1pub_title:b97e1ee0-b389-f111-ab10-000d3a14673b
bcdb8183d31392a792a724b1,WAITING_ON_JMP_SOURCE_POPULATION,Cheryl Travis,"Help God, I Am Sad",WAITING_ON_JMP,TERMINAL_OR_LEGACY_RECONCILIATION,TERMINAL_STATE_CONFLICT,Create structured operator task to resolve lifecycle/terminal-state conflict,NO,NO,NO,NO,Dataverse:jm1pub_title:bc7e1ee0-b389-f111-ab10-000d3a14673b
8db37816feadb68d298ddb8e,WAITING_ON_JMP_SOURCE_POPULATION,Mildred Beard,Hodge Podge of Life,WAITING_ON_JMP,TERMINAL_OR_LEGACY_RECONCILIATION,TERMINAL_STATE_CONFLICT,Create structured operator task to resolve lifecycle/terminal-state conflict,NO,NO,NO,NO,Dataverse:jm1pub_title:bd7e1ee0-b389-f111-ab10-000d3a14673b
92ea3045549fe9b9e01e5218,WAITING_ON_JMP_SOURCE_POPULATION,Maurche Reed,I Am My Worst Enemy!,WAITING_ON_JMP,TERMINAL_OR_LEGACY_RECONCILIATION,TERMINAL_STATE_CONFLICT,Create structured operator task to resolve lifecycle/terminal-state conflict,NO,NO,NO,NO,Dataverse:jm1pub_title:bf7e1ee0-b389-f111-ab10-000d3a14673b
7d7ad5254ef6a615d6e18beb,WAITING_ON_JMP_SOURCE_POPULATION,Deborah Eiland,Jalen Becomes a Big Brother,WAITING_ON_JMP,TERMINAL_OR_LEGACY_RECONCILIATION,TERMINAL_STATE_CONFLICT,Create structured operator task to resolve lifecycle/terminal-state conflict,NO,NO,NO,NO,Dataverse:jm1pub_title:c17e1ee0-b389-f111-ab10-000d3a14673b
878b1377d04019556287451d,WAITING_ON_JMP_SOURCE_POPULATION,Adrean Young,Just What I Needed,WAITING_ON_JMP,TERMINAL_OR_LEGACY_RECONCILIATION,TERMINAL_STATE_CONFLICT,Create structured operator task to resolve lifecycle/terminal-state conflict,NO,NO,NO,NO,Dataverse:jm1pub_title:c27e1ee0-b389-f111-ab10-000d3a14673b
e930546b64920afc03bc4d30,WAITING_ON_JMP_SOURCE_POPULATION,Marvin Grayson,Mirror of Refining Insight,WAITING_ON_JMP,TERMINAL_OR_LEGACY_RECONCILIATION,TERMINAL_STATE_CONFLICT,Create structured operator task to resolve lifecycle/terminal-state conflict,NO,NO,NO,NO,Dataverse:jm1pub_title:f48be1e6-b389-f111-ab10-000d3a14673b
6f83ad410d3c1c29bbb164d0,WAITING_ON_JMP_SOURCE_POPULATION,Wayne Pounds,Number 23 and Me,WAITING_ON_JMP,TERMINAL_OR_LEGACY_RECONCILIATION,TERMINAL_STATE_CONFLICT,Create structured operator task to resolve lifecycle/terminal-state conflict,NO,NO,NO,NO,Dataverse:jm1pub_title:f58be1e6-b389-f111-ab10-000d3a14673b
ee5d8cdf3992fffddc873ddf,WAITING_ON_JMP_SOURCE_POPULATION,Ashanti Flemister,Pieces of Me All Over the Place,WAITING_ON_JMP,TERMINAL_OR_LEGACY_RECONCILIATION,TERMINAL_STATE_CONFLICT,Create structured operator task to resolve lifecycle/terminal-state conflict,NO,NO,NO,NO,Dataverse:jm1pub_title:f68be1e6-b389-f111-ab10-000d3a14673b
eb71b51f81a60d2f3e491f55,WAITING_ON_JMP_SOURCE_POPULATION,Natasha Gilchrest,Pretty Wings,WAITING_ON_JMP,TERMINAL_OR_LEGACY_RECONCILIATION,TERMINAL_STATE_CONFLICT,Create structured operator task to resolve lifecycle/terminal-state conflict,NO,NO,NO,NO,Dataverse:jm1pub_title:f78be1e6-b389-f111-ab10-000d3a14673b
6fb56d27abd64a01dffdc19b,WAITING_ON_JMP_SOURCE_POPULATION,M Darlene Carson,She,WAITING_ON_JMP,TERMINAL_OR_LEGACY_RECONCILIATION,TERMINAL_STATE_CONFLICT,Create structured operator task to resolve lifecycle/terminal-state conflict,NO,NO,NO,NO,Dataverse:jm1pub_title:f88be1e6-b389-f111-ab10-000d3a14673b
9b82a871ba250bbb75e09bf7,WAITING_ON_JMP_SOURCE_POPULATION,Iyorwuese Hagher,The Conquest of Azenga,WAITING_ON_JMP,TERMINAL_OR_LEGACY_RECONCILIATION,TERMINAL_STATE_CONFLICT,Create structured operator task to resolve lifecycle/terminal-state conflict,NO,NO,NO,NO,Dataverse:jm1pub_title:fc8be1e6-b389-f111-ab10-000d3a14673b
57b9a1cb650c1cbe3cccb65a,WAITING_ON_JMP_SOURCE_POPULATION,Cheryl Cook,The Fight for the Promiseland,WAITING_ON_JMP,TERMINAL_OR_LEGACY_RECONCILIATION,TERMINAL_STATE_CONFLICT,Create structured operator task to resolve lifecycle/terminal-state conflict,NO,NO,NO,NO,Dataverse:jm1pub_title:fd8be1e6-b389-f111-ab10-000d3a14673b
f0b8f21dc245ac120bd1e250,WAITING_ON_JMP_SOURCE_POPULATION,Deborah Eiland,The Girl with the Ebony Locs and the Three Bears,WAITING_ON_JMP,TERMINAL_OR_LEGACY_RECONCILIATION,TERMINAL_STATE_CONFLICT,Create structured operator task to resolve lifecycle/terminal-state conflict,NO,NO,NO,NO,Dataverse:jm1pub_title:fe8be1e6-b389-f111-ab10-000d3a14673b
025766511446ecf84e35a573,WAITING_ON_JMP_SOURCE_POPULATION,Karen Hill,The Great Hair Restart,WAITING_ON_JMP,TERMINAL_OR_LEGACY_RECONCILIATION,TERMINAL_STATE_CONFLICT,Create structured operator task to resolve lifecycle/terminal-state conflict,NO,NO,NO,NO,Dataverse:jm1pub_title:038ce1e6-b389-f111-ab10-000d3a14673b
8855c74282bbca63820bf6d4,WAITING_ON_JMP_SOURCE_POPULATION,Maurche Reed,The Healed Me,WAITING_ON_JMP,TERMINAL_OR_LEGACY_RECONCILIATION,TERMINAL_STATE_CONFLICT,Create structured operator task to resolve lifecycle/terminal-state conflict,NO,NO,NO,NO,Dataverse:jm1pub_title:098ce1e6-b389-f111-ab10-000d3a14673b
496cb6df08e826f42a6ccb1c,WAITING_ON_JMP_SOURCE_POPULATION,Daphanny Baker,The Messenger 2,WAITING_ON_JMP,TERMINAL_OR_LEGACY_RECONCILIATION,TERMINAL_STATE_CONFLICT,Create structured operator task to resolve lifecycle/terminal-state conflict,NO,NO,NO,NO,Dataverse:jm1pub_title:0e8ce1e6-b389-f111-ab10-000d3a14673b
97962749810f70bf76957f3b,WAITING_ON_JMP_SOURCE_POPULATION,Shaniqua Williams,The Never Before Told Story of the Gelatin Monster,WAITING_ON_JMP,TERMINAL_OR_LEGACY_RECONCILIATION,TERMINAL_STATE_CONFLICT,Create structured operator task to resolve lifecycle/terminal-state conflict,NO,NO,NO,NO,Dataverse:jm1pub_title:0f8ce1e6-b389-f111-ab10-000d3a14673b
97d5c409ffd709aac0bc3ebd,WAITING_ON_JMP_SOURCE_POPULATION,Lyle Goddard,The Release of the Spirit,WAITING_ON_JMP,TERMINAL_OR_LEGACY_RECONCILIATION,TERMINAL_STATE_CONFLICT,Create structured operator task to resolve lifecycle/terminal-state conflict,NO,NO,NO,NO,Dataverse:jm1pub_title:118ce1e6-b389-f111-ab10-000d3a14673b
78b579e2ff3fe5e2f30cc735,WAITING_ON_JMP_SOURCE_POPULATION,Winter Dockery,War Mother,WAITING_ON_JMP,TERMINAL_OR_LEGACY_RECONCILIATION,TERMINAL_STATE_CONFLICT,Create structured operator task to resolve lifecycle/terminal-state conflict,NO,NO,NO,NO,Dataverse:jm1pub_title:128ce1e6-b389-f111-ab10-000d3a14673b
a8ff75df5b5f9feb3da8db2e,WAITING_ON_JMP_SOURCE_POPULATION,David Williams,Words of A Troubled Soul,WAITING_ON_JMP,TERMINAL_OR_LEGACY_RECONCILIATION,TERMINAL_STATE_CONFLICT,Create structured operator task to resolve lifecycle/terminal-state conflict,NO,NO,NO,NO,Dataverse:jm1pub_title:bc4188ed-b389-f111-ab10-000d3a14673b
0e53b16ff5fe1265accd3592,WAITING_ON_JMP_SOURCE_POPULATION,Quanisha Dockery,Indomitable,WAITING_ON_JMP,DETERMINISTIC_DATA_REPAIR_OR_EVIDENCE_BINDING,MISSING_ARTIFACT,Bind exact Editorial Review approval evidence to the governed source artifact before Developmental Editing execution,NO,NO,NO,NO,Dataverse:jm1pub_title:fd577d2b-01a0-f111-b8dc-000d3a14673b; Dataverse:jm1pub_editorialstage:0f587d2b-01a0-f111-b8dc-000d3a14673b; Dataverse:jm1pub_editorialartifact:c373402b-01a0-f111-b8db-7c1e525801f6; Dataverse:opportunity:455daa4a-629f-f111-b8dc-6045bdd69678; Dataverse:jm1_executionlog:3b924c32-01a0-f111-b8dc-00224820105b; Dataverse:jm1_executionlog:080294cc-fb9f-f111-b8db-7c1e525801f6
1781cd5a27bfa8cf7ed059d0,WAITING_ON_JMP_SOURCE_POPULATION,JM1 Duplicate20260727173641,JM1 Duplicate Proof 20260727173641,WAITING_ON_JMP,TRUE_JMP_HUMAN_GATE,LIFECYCLE_MAPPING_CONFLICT,Create structured operator task to resolve lifecycle/terminal-state conflict,NO,NO,YES,NO,Dataverse:jm1pub_title:39515cd9-7a8a-f111-ab10-000d3a1a9efa; Dataverse:jm1pub_editorialstage:e97890db-7a8a-f111-ab10-000d3a14673b
b6e0be2ebc97d018975037cd,WAITING_ON_JMP_SOURCE_POPULATION,J Derrick Johnson,100 Wisdom Lessons for Life and Living,WAITING_ON_JMP,TERMINAL_OR_LEGACY_RECONCILIATION,TERMINAL_STATE_CONFLICT,Create structured operator task to resolve lifecycle/terminal-state conflict,NO,NO,NO,NO,Dataverse:jm1pub_title:fad1c5d7-b389-f111-ab10-000d3a9eacee
07e76755280c80ad46e860f6,WAITING_ON_JMP_SOURCE_POPULATION,Alesia Corpening,"A Truebies Guide, Part 1",WAITING_ON_JMP,TERMINAL_OR_LEGACY_RECONCILIATION,TERMINAL_STATE_CONFLICT,Create structured operator task to resolve lifecycle/terminal-state conflict,NO,NO,NO,NO,Dataverse:jm1pub_title:11d2c5d7-b389-f111-ab10-000d3a9eacee
f4c1c12691379af60e1d35a1,WAITING_ON_JMP_SOURCE_POPULATION,Deborah Eiland,BEE Careful,WAITING_ON_JMP,TERMINAL_OR_LEGACY_RECONCILIATION,TERMINAL_STATE_CONFLICT,Create structured operator task to resolve lifecycle/terminal-state conflict,NO,NO,NO,NO,Dataverse:jm1pub_title:04dac7dd-b389-f111-ab10-000d3a9eacee
8c43bbf3d3997946afc1fb0c,WAITING_ON_JMP_SOURCE_POPULATION,Deborah Eiland,BEE Careful,WAITING_ON_JMP,TERMINAL_OR_LEGACY_RECONCILIATION,TERMINAL_STATE_CONFLICT,Create structured operator task to resolve lifecycle/terminal-state conflict,NO,NO,NO,NO,Dataverse:jm1pub_title:06dac7dd-b389-f111-ab10-000d3a9eacee
8c75583b70b7f61bbfe7090f,WAITING_ON_JMP_SOURCE_POPULATION,Nathaniel Short,Bodacious,WAITING_ON_JMP,TERMINAL_OR_LEGACY_RECONCILIATION,TERMINAL_STATE_CONFLICT,Create structured operator task to resolve lifecycle/terminal-state conflict,NO,NO,NO,NO,Dataverse:jm1pub_title:07dac7dd-b389-f111-ab10-000d3a9eacee
1bb5450a633f13176c2c1f20,WAITING_ON_JMP_SOURCE_POPULATION,Dennis Brown,Connected!,WAITING_ON_JMP,TERMINAL_OR_LEGACY_RECONCILIATION,TERMINAL_STATE_CONFLICT,Create structured operator task to resolve lifecycle/terminal-state conflict,NO,NO,NO,NO,Dataverse:jm1pub_title:08dac7dd-b389-f111-ab10-000d3a9eacee
0e9cf002154481c517110b9d,WAITING_ON_JMP_SOURCE_POPULATION,Lisa Taylor,Damaged,WAITING_ON_JMP,TERMINAL_OR_LEGACY_RECONCILIATION,TERMINAL_STATE_CONFLICT,Create structured operator task to resolve lifecycle/terminal-state conflict,NO,NO,NO,NO,Dataverse:jm1pub_title:0cdac7dd-b389-f111-ab10-000d3a9eacee
2487d2b67858a565bbeef87d,WAITING_ON_JMP_SOURCE_POPULATION,Regina Scales,Divinely Inspired,WAITING_ON_JMP,TERMINAL_OR_LEGACY_RECONCILIATION,TERMINAL_STATE_CONFLICT,Create structured operator task to resolve lifecycle/terminal-state conflict,NO,NO,NO,NO,Dataverse:jm1pub_title:15dac7dd-b389-f111-ab10-000d3a9eacee
1d56ba482ceb6e29ec44d9b3,WAITING_ON_JMP_SOURCE_POPULATION,"Jackie Smith, Jr.",Establishing Glory,WAITING_ON_JMP,DETERMINISTIC_DATA_REPAIR_OR_EVIDENCE_BINDING,MISSING_ARTIFACT,Bind current editorial artifact before stage movement,NO,NO,NO,NO,Dataverse:jm1pub_title:16dac7dd-b389-f111-ab10-000d3a9eacee
c021800cc690aa342c4ec3bd,WAITING_ON_JMP_SOURCE_POPULATION,Cheryl Travis,"Help God, I Am Lonely",WAITING_ON_JMP,TERMINAL_OR_LEGACY_RECONCILIATION,TERMINAL_STATE_CONFLICT,Create structured operator task to resolve lifecycle/terminal-state conflict,NO,NO,NO,NO,Dataverse:jm1pub_title:b3a6c7e3-b389-f111-ab10-000d3a9eacee
2139aaeca701bfe53aac567f,WAITING_ON_JMP_SOURCE_POPULATION,Cheryl Travis,"Help God, I Am Lost",WAITING_ON_JMP,TERMINAL_OR_LEGACY_RECONCILIATION,TERMINAL_STATE_CONFLICT,Create structured operator task to resolve lifecycle/terminal-state conflict,NO,NO,NO,NO,Dataverse:jm1pub_title:b5a6c7e3-b389-f111-ab10-000d3a9eacee
4c812c5e639d351bcbd63d69,WAITING_ON_JMP_SOURCE_POPULATION,Janet Stephens,Jewels by Lady J,WAITING_ON_JMP,TERMINAL_OR_LEGACY_RECONCILIATION,TERMINAL_STATE_CONFLICT,Create structured operator task to resolve lifecycle/terminal-state conflict,NO,NO,NO,NO,Dataverse:jm1pub_title:b6a6c7e3-b389-f111-ab10-000d3a9eacee
73737f3bfbb2933660abb65d,WAITING_ON_JMP_SOURCE_POPULATION,Shelley McIntosh,Memoir of a Black Christian Nationalist,WAITING_ON_JMP,TERMINAL_OR_LEGACY_RECONCILIATION,TERMINAL_STATE_CONFLICT,Create structured operator task to resolve lifecycle/terminal-state conflict,NO,NO,NO,NO,Dataverse:jm1pub_title:bca6c7e3-b389-f111-ab10-000d3a9eacee
ae96c0c5735b0f76d5d7f7a4,WAITING_ON_JMP_SOURCE_POPULATION,Pamela Smith,Never Give Up On Love,WAITING_ON_JMP,TERMINAL_OR_LEGACY_RECONCILIATION,TERMINAL_STATE_CONFLICT,Create structured operator task to resolve lifecycle/terminal-state conflict,NO,NO,NO,NO,Dataverse:jm1pub_title:bfa6c7e3-b389-f111-ab10-000d3a9eacee
dd21ca71476430ba643b70b2,WAITING_ON_JMP_SOURCE_POPULATION,Juanita Travis,Rhyming It up with Church Stuff,WAITING_ON_JMP,TERMINAL_OR_LEGACY_RECONCILIATION,TERMINAL_STATE_CONFLICT,Create structured operator task to resolve lifecycle/terminal-state conflict,NO,NO,NO,NO,Dataverse:jm1pub_title:c7a6c7e3-b389-f111-ab10-000d3a9eacee
3ee26ce9160a0d43e4ce695d,WAITING_ON_JMP_SOURCE_POPULATION,M Darlene Carson,SHE,WAITING_ON_JMP,TERMINAL_OR_LEGACY_RECONCILIATION,TERMINAL_STATE_CONFLICT,Create structured operator task to resolve lifecycle/terminal-state conflict,NO,NO,NO,NO,Dataverse:jm1pub_title:caa6c7e3-b389-f111-ab10-000d3a9eacee
85f004ceb9ef744a04232afb,WAITING_ON_JMP_SOURCE_POPULATION,Obadiah Harris,The Celestial Advantage,WAITING_ON_JMP,TERMINAL_OR_LEGACY_RECONCILIATION,TERMINAL_STATE_CONFLICT,Create structured operator task to resolve lifecycle/terminal-state conflict,NO,NO,NO,NO,Dataverse:jm1pub_title:cda6c7e3-b389-f111-ab10-000d3a9eacee
21d7ed2ea737aadfd3ff5869,WAITING_ON_JMP_SOURCE_POPULATION,Obadiah Harris,The Celestial Advantage,WAITING_ON_JMP,TERMINAL_OR_LEGACY_RECONCILIATION,TERMINAL_STATE_CONFLICT,Create structured operator task to resolve lifecycle/terminal-state conflict,NO,NO,NO,NO,Dataverse:jm1pub_title:cea6c7e3-b389-f111-ab10-000d3a9eacee
4bd844c7d1e2c9714d0a73a1,WAITING_ON_JMP_SOURCE_POPULATION,Maurche Reed,The Healed Me,WAITING_ON_JMP,TERMINAL_OR_LEGACY_RECONCILIATION,TERMINAL_STATE_CONFLICT,Create structured operator task to resolve lifecycle/terminal-state conflict,NO,NO,NO,NO,Dataverse:jm1pub_title:072ac7e9-b389-f111-ab10-000d3a9eacee
160ec10af7d452ebe268fef3,WAITING_ON_JMP_SOURCE_POPULATION,Rosetta Perry,The Journey,WAITING_ON_JMP,TERMINAL_OR_LEGACY_RECONCILIATION,TERMINAL_STATE_CONFLICT,Create structured operator task to resolve lifecycle/terminal-state conflict,NO,NO,NO,NO,Dataverse:jm1pub_title:0b2ac7e9-b389-f111-ab10-000d3a9eacee
93c77f5b29d7c3fb171c137c,WAITING_ON_JMP_SOURCE_POPULATION,Sean Crowley,The Shift,WAITING_ON_JMP,TERMINAL_OR_LEGACY_RECONCILIATION,TERMINAL_STATE_CONFLICT,Create structured operator task to resolve lifecycle/terminal-state conflict,NO,NO,NO,NO,Dataverse:jm1pub_title:112ac7e9-b389-f111-ab10-000d3a9eacee
acd90697ab5e4f1ebbdec212,WAITING_ON_JMP_SOURCE_POPULATION,Tia Benincase,Understanding the Misunderstood,WAITING_ON_JMP,TERMINAL_OR_LEGACY_RECONCILIATION,TERMINAL_STATE_CONFLICT,Create structured operator task to resolve lifecycle/terminal-state conflict,NO,NO,NO,NO,Dataverse:jm1pub_title:172ac7e9-b389-f111-ab10-000d3a9eacee
9e2491093628675db529e7eb,WAITING_ON_JMP_SOURCE_POPULATION,Carol Roye,What Goes up Must Come down Let's Face It,WAITING_ON_JMP,TERMINAL_OR_LEGACY_RECONCILIATION,TERMINAL_STATE_CONFLICT,Create structured operator task to resolve lifecycle/terminal-state conflict,NO,NO,NO,NO,Dataverse:jm1pub_title:192ac7e9-b389-f111-ab10-000d3a9eacee
65fc19ab8568ee9a726d1465,WAITING_ON_JMP_SOURCE_POPULATION,Carolyn Booker-Pierce,You're Still Not Crazy,WAITING_ON_JMP,TERMINAL_OR_LEGACY_RECONCILIATION,TERMINAL_STATE_CONFLICT,Create structured operator task to resolve lifecycle/terminal-state conflict,NO,NO,NO,NO,Dataverse:jm1pub_title:1b2ac7e9-b389-f111-ab10-000d3a9eacee
f3e4228ca87a3f8422579e6c,WAITING_ON_JMP_SOURCE_POPULATION,Essence Easley,"Your brain has too much what, mommy??",WAITING_ON_JMP,TERMINAL_OR_LEGACY_RECONCILIATION,TERMINAL_STATE_CONFLICT,Create structured operator task to resolve lifecycle/terminal-state conflict,NO,NO,NO,NO,Dataverse:jm1pub_title:1c2ac7e9-b389-f111-ab10-000d3a9eacee
6849fbcc8bc0ae8a6b43a549,WAITING_ON_JMP_SOURCE_POPULATION,Kimberly Reeder,"Girl, Did You Know... ?",WAITING_ON_JMP,TERMINAL_OR_LEGACY_RECONCILIATION,TERMINAL_STATE_CONFLICT,Create structured operator task to resolve lifecycle/terminal-state conflict,NO,NO,NO,NO,Dataverse:jm1pub_title:b34b00d4-c27a-f111-ab0f-00224820105b
72cfe07c9e5d06a52ce982af,WAITING_ON_JMP_SOURCE_POPULATION,DATA_GAP,Aligned!: Unlocking the DNA of Authentic Faith,WAITING_ON_JMP,DETERMINISTIC_DATA_REPAIR_OR_EVIDENCE_BINDING,MISSING_AUTHOR_RELATIONSHIP,Create structured operator task to bind author relationship before continuation,NO,NO,NO,NO,Dataverse:jm1pub_title:2d946ac0-c37a-f111-ab0f-00224820105b
2cf3bdecb48287aa23a1ae7f,WAITING_ON_JMP_SOURCE_POPULATION,DATA_GAP,Loving the Addict: While Taking Care of Yourself First,WAITING_ON_JMP,DETERMINISTIC_DATA_REPAIR_OR_EVIDENCE_BINDING,MISSING_AUTHOR_RELATIONSHIP,Create structured operator task to bind author relationship before continuation,NO,NO,NO,NO,Dataverse:jm1pub_title:08bf1ac7-c37a-f111-ab0f-00224820105b
4cc2d6ba11467d895bfff919,WAITING_ON_JMP_SOURCE_POPULATION,DATA_GAP,Memoir of a Black Christian Nationalist: Seeds of Liberation,WAITING_ON_JMP,DETERMINISTIC_DATA_REPAIR_OR_EVIDENCE_BINDING,MISSING_AUTHOR_RELATIONSHIP,Create structured operator task to bind author relationship before continuation,NO,NO,NO,NO,Dataverse:jm1pub_title:b4c11ac7-c37a-f111-ab0f-00224820105b
176fcb76edf0229acf0166b2,WAITING_ON_JMP_SOURCE_POPULATION,DATA_GAP,Speech Therapy Works!: Juliana's Story,WAITING_ON_JMP,DETERMINISTIC_DATA_REPAIR_OR_EVIDENCE_BINDING,MISSING_AUTHOR_RELATIONSHIP,Create structured operator task to bind author relationship before continuation,NO,NO,NO,NO,Dataverse:jm1pub_title:a32156cd-c37a-f111-ab0f-00224820105b
92e15b8df841f9ec68ff60fa,WAITING_ON_JMP_SOURCE_POPULATION,DATA_GAP,"The Essence of Life, Love Letters to Christ: Poems of Life and Love from the Pages of the Heart",WAITING_ON_JMP,DETERMINISTIC_DATA_REPAIR_OR_EVIDENCE_BINDING,MISSING_AUTHOR_RELATIONSHIP,Create structured operator task to bind author relationship before continuation,NO,NO,NO,NO,Dataverse:jm1pub_title:ab2156cd-c37a-f111-ab0f-00224820105b
aa961e3401986f4a10444474,WAITING_ON_JMP_SOURCE_POPULATION,DATA_GAP,The Great Hair Restart: The Ultimate Guide to Resetting Your Natural Hair Journey with Confidence,WAITING_ON_JMP,DETERMINISTIC_DATA_REPAIR_OR_EVIDENCE_BINDING,MISSING_AUTHOR_RELATIONSHIP,Create structured operator task to bind author relationship before continuation,NO,NO,NO,NO,Dataverse:jm1pub_title:9a2556cd-c37a-f111-ab0f-00224820105b
303f1e59682a6b3c3d86d7e7,WAITING_ON_JMP_SOURCE_POPULATION,J Derrick Johnson,100 Wisdom Lessons for Life and Living,WAITING_ON_JMP,TERMINAL_OR_LEGACY_RECONCILIATION,TERMINAL_STATE_CONFLICT,Create structured operator task to resolve lifecycle/terminal-state conflict,NO,NO,NO,NO,Dataverse:jm1pub_title:833582da-b389-f111-ab10-00224820105b
6a17141ec93c49303b1ae779,WAITING_ON_JMP_SOURCE_POPULATION,J Derrick Johnson,100 Wisdom Lessons for Life and Living,WAITING_ON_JMP,TERMINAL_OR_LEGACY_RECONCILIATION,TERMINAL_STATE_CONFLICT,Create structured operator task to resolve lifecycle/terminal-state conflict,NO,NO,NO,NO,Dataverse:jm1pub_title:863582da-b389-f111-ab10-00224820105b
1df0d1ae428df26b1dad79be,WAITING_ON_JMP_SOURCE_POPULATION,Dennis Brown,Aligned!,WAITING_ON_JMP,TERMINAL_OR_LEGACY_RECONCILIATION,TERMINAL_STATE_CONFLICT,Create structured operator task to resolve lifecycle/terminal-state conflict,NO,NO,NO,NO,Dataverse:jm1pub_title:8c3582da-b389-f111-ab10-00224820105b
4c384e6e609af2a44dd9d56a,WAITING_ON_JMP_SOURCE_POPULATION,Christina Chislom,Come Out of Hiding,WAITING_ON_JMP,TERMINAL_OR_LEGACY_RECONCILIATION,TERMINAL_STATE_CONFLICT,Create structured operator task to resolve lifecycle/terminal-state conflict,NO,NO,NO,NO,Dataverse:jm1pub_title:933582da-b389-f111-ab10-00224820105b
1aa393abd719d2ff9318fbe4,WAITING_ON_JMP_SOURCE_POPULATION,Gloria Patterson,Conquer Your Fears and Win,WAITING_ON_JMP,TERMINAL_OR_LEGACY_RECONCILIATION,TERMINAL_STATE_CONFLICT,Create structured operator task to resolve lifecycle/terminal-state conflict,NO,NO,NO,NO,Dataverse:jm1pub_title:943582da-b389-f111-ab10-00224820105b
098345c3a530330356a7b398,WAITING_ON_JMP_SOURCE_POPULATION,"Jackie Smith, Jr.",Establishing Glory,WAITING_ON_JMP,DETERMINISTIC_DATA_REPAIR_OR_EVIDENCE_BINDING,MISSING_ARTIFACT,Bind current editorial artifact before stage movement,NO,NO,NO,NO,Dataverse:jm1pub_title:154097e0-b389-f111-ab10-00224820105b
487d6ce28ad41ea44588f129,WAITING_ON_JMP_SOURCE_POPULATION,"Jackie Smith, Jr.",Establishing Glory 2,WAITING_ON_JMP,DETERMINISTIC_DATA_REPAIR_OR_EVIDENCE_BINDING,MISSING_ARTIFACT,Bind current editorial artifact before stage movement,NO,NO,NO,NO,Dataverse:jm1pub_title:174097e0-b389-f111-ab10-00224820105b
a109331a540361114f11580a,WAITING_ON_JMP_SOURCE_POPULATION,"Jackie Smith, Jr.",Establishing Glory: The Relationship Handbook,WAITING_ON_JMP,DETERMINISTIC_DATA_REPAIR_OR_EVIDENCE_BINDING,MISSING_ARTIFACT,Bind current editorial artifact before stage movement,NO,NO,NO,NO,Dataverse:jm1pub_title:194097e0-b389-f111-ab10-00224820105b
73c92c7686229c3fa79c5f94,WAITING_ON_JMP_SOURCE_POPULATION,Karen Hill,From Stylist to CEO,WAITING_ON_JMP,TERMINAL_OR_LEGACY_RECONCILIATION,TERMINAL_STATE_CONFLICT,Create structured operator task to resolve lifecycle/terminal-state conflict,NO,NO,NO,NO,Dataverse:jm1pub_title:1d4097e0-b389-f111-ab10-00224820105b
954dbf57eada04d305a5c359,WAITING_ON_JMP_SOURCE_POPULATION,Kimberly Reeder,"Girl, Did You Know...?",WAITING_ON_JMP,TERMINAL_OR_LEGACY_RECONCILIATION,TERMINAL_STATE_CONFLICT,Create structured operator task to resolve lifecycle/terminal-state conflict,NO,NO,NO,NO,Dataverse:jm1pub_title:1e4097e0-b389-f111-ab10-00224820105b
ae15d96b19ba497d9b33a338,WAITING_ON_JMP_SOURCE_POPULATION,Toni Kleckley,Grandmothers Educating Minds,WAITING_ON_JMP,TERMINAL_OR_LEGACY_RECONCILIATION,TERMINAL_STATE_CONFLICT,Create structured operator task to resolve lifecycle/terminal-state conflict,NO,NO,NO,NO,Dataverse:jm1pub_title:294097e0-b389-f111-ab10-00224820105b
157fa647b999bd2f99807610,WAITING_ON_JMP_SOURCE_POPULATION,Cheryl Travis,"Help God, I Am Afraid",WAITING_ON_JMP,TERMINAL_OR_LEGACY_RECONCILIATION,TERMINAL_STATE_CONFLICT,Create structured operator task to resolve lifecycle/terminal-state conflict,NO,NO,NO,NO,Dataverse:jm1pub_title:2a4097e0-b389-f111-ab10-00224820105b
0c77ef9292ce408028ada79d,WAITING_ON_JMP_SOURCE_POPULATION,Adrean Young,Just What I Needed,WAITING_ON_JMP,TERMINAL_OR_LEGACY_RECONCILIATION,TERMINAL_STATE_CONFLICT,Create structured operator task to resolve lifecycle/terminal-state conflict,NO,NO,NO,NO,Dataverse:jm1pub_title:454097e0-b389-f111-ab10-00224820105b
440b76355f1772ed02f8a8e1,WAITING_ON_JMP_SOURCE_POPULATION,Deanna Jones,Life After Detour,WAITING_ON_JMP,TERMINAL_OR_LEGACY_RECONCILIATION,TERMINAL_STATE_CONFLICT,Create structured operator task to resolve lifecycle/terminal-state conflict,NO,NO,NO,NO,Dataverse:jm1pub_title:464097e0-b389-f111-ab10-00224820105b
68a6f4790dae28cd86908aa6,WAITING_ON_JMP_SOURCE_POPULATION,Thaddues Smith,Love of My Life,WAITING_ON_JMP,TERMINAL_OR_LEGACY_RECONCILIATION,TERMINAL_STATE_CONFLICT,Create structured operator task to resolve lifecycle/terminal-state conflict,NO,NO,NO,NO,Dataverse:jm1pub_title:474097e0-b389-f111-ab10-00224820105b
96ef9eba51406479b6a564b2,WAITING_ON_JMP_SOURCE_POPULATION,Thaddues Smith,Love of My Life,WAITING_ON_JMP,TERMINAL_OR_LEGACY_RECONCILIATION,TERMINAL_STATE_CONFLICT,Create structured operator task to resolve lifecycle/terminal-state conflict,NO,NO,NO,NO,Dataverse:jm1pub_title:484097e0-b389-f111-ab10-00224820105b
6a16e2c8ad9ed2ec73755846,WAITING_ON_JMP_SOURCE_POPULATION,Earline Neal,Ordinary People Searching for Greatness,WAITING_ON_JMP,TERMINAL_OR_LEGACY_RECONCILIATION,TERMINAL_STATE_CONFLICT,Create structured operator task to resolve lifecycle/terminal-state conflict,NO,NO,NO,NO,Dataverse:jm1pub_title:878fefe6-b389-f111-ab10-00224820105b
dc2c2aa4777a0457d67ca03c,WAITING_ON_JMP_SOURCE_POPULATION,Cynthia Sloan,Speech Therapy Works!,WAITING_ON_JMP,TERMINAL_OR_LEGACY_RECONCILIATION,TERMINAL_STATE_CONFLICT,Create structured operator task to resolve lifecycle/terminal-state conflict,NO,NO,NO,NO,Dataverse:jm1pub_title:8a8fefe6-b389-f111-ab10-00224820105b
6c86c2344af98714164a5034,WAITING_ON_JMP_SOURCE_POPULATION,Will Harris,Taylor Made,WAITING_ON_JMP,TERMINAL_OR_LEGACY_RECONCILIATION,TERMINAL_STATE_CONFLICT,Create structured operator task to resolve lifecycle/terminal-state conflict,NO,NO,NO,NO,Dataverse:jm1pub_title:8b8fefe6-b389-f111-ab10-00224820105b
1e1af5a57aa0d000e6980137,WAITING_ON_JMP_SOURCE_POPULATION,Will Harris,Taylor Made,WAITING_ON_JMP,TERMINAL_OR_LEGACY_RECONCILIATION,TERMINAL_STATE_CONFLICT,Create structured operator task to resolve lifecycle/terminal-state conflict,NO,NO,NO,NO,Dataverse:jm1pub_title:8c8fefe6-b389-f111-ab10-00224820105b
3e6d74dddcf8b4605f6550b4,WAITING_ON_JMP_SOURCE_POPULATION,Obadiah Harris,The Doctrine of Last Things,WAITING_ON_JMP,TERMINAL_OR_LEGACY_RECONCILIATION,TERMINAL_STATE_CONFLICT,Create structured operator task to resolve lifecycle/terminal-state conflict,NO,NO,NO,NO,Dataverse:jm1pub_title:8d8fefe6-b389-f111-ab10-00224820105b
b66e4865a57c58a70946bdc4,WAITING_ON_JMP_SOURCE_POPULATION,Tekisha Wimbush,The I Am in Me,WAITING_ON_JMP,TERMINAL_OR_LEGACY_RECONCILIATION,TERMINAL_STATE_CONFLICT,Create structured operator task to resolve lifecycle/terminal-state conflict,NO,NO,NO,NO,Dataverse:jm1pub_title:968fefe6-b389-f111-ab10-00224820105b
39a39cafe39572def6fe88ed,WAITING_ON_JMP_SOURCE_POPULATION,Christina Chislom,The Little Girl with the Plow!,WAITING_ON_JMP,TERMINAL_OR_LEGACY_RECONCILIATION,TERMINAL_STATE_CONFLICT,Create structured operator task to resolve lifecycle/terminal-state conflict,NO,NO,NO,NO,Dataverse:jm1pub_title:978fefe6-b389-f111-ab10-00224820105b
1e52879ecb61b0924af1af98,WAITING_ON_JMP_SOURCE_POPULATION,Deborah Eiland,The Princess and the Black-eyed Pea,WAITING_ON_JMP,TERMINAL_OR_LEGACY_RECONCILIATION,TERMINAL_STATE_CONFLICT,Create structured operator task to resolve lifecycle/terminal-state conflict,NO,NO,NO,NO,Dataverse:jm1pub_title:9f8fefe6-b389-f111-ab10-00224820105b
5fb97561b6b4690b3164be85,WAITING_ON_JMP_SOURCE_POPULATION,David Williams,Words of a Troubled Soul,WAITING_ON_JMP,TERMINAL_OR_LEGACY_RECONCILIATION,TERMINAL_STATE_CONFLICT,Create structured operator task to resolve lifecycle/terminal-state conflict,NO,NO,NO,NO,Dataverse:jm1pub_title:c8d3f1ec-b389-f111-ab10-00224820105b
7dcf00f5e796fa99ab0e3966,WAITING_ON_JMP_SOURCE_POPULATION,Essence Easley,"Your Brain Has Too Much What, Mommy??",WAITING_ON_JMP,TERMINAL_OR_LEGACY_RECONCILIATION,TERMINAL_STATE_CONFLICT,Create structured operator task to resolve lifecycle/terminal-state conflict,NO,NO,NO,NO,Dataverse:jm1pub_title:cdd3f1ec-b389-f111-ab10-00224820105b
af0e007814097b6903228374,WAITING_ON_JMP_SOURCE_POPULATION,DATA_GAP,Establishing Glory: The Library,WAITING_ON_JMP,TRUE_JMP_HUMAN_GATE,LIFECYCLE_MAPPING_CONFLICT,Create structured operator task to resolve lifecycle/terminal-state conflict,NO,NO,YES,NO,Dataverse:jm1pub_title:f1908dc9-5775-f111-ab0f-6045bdd69435; Dataverse:jm1pub_editorialstage:3362a1cb-1984-f111-ab0f-000d3a14673b; Dataverse:jm1pub_editorialapprovalgate:b2fdf644-678e-f111-8077-00224820105b; Dataverse:jm1pub_editorialartifact:78825683-b784-f111-ab0f-00224820105b; Dataverse:opportunity:2653fca9-eacd-4c44-b3ed-1764dd5d35aa
43e76b0e915297d52ff77acc,WAITING_ON_JMP_SOURCE_POPULATION,"Jackie Smith, Jr.",Establishing Glory 2: The Relationship Handbook (2nd Edition),WAITING_ON_JMP,DETERMINISTIC_DATA_REPAIR_OR_EVIDENCE_BINDING,MISSING_ARTIFACT,Bind current editorial artifact before stage movement,NO,NO,NO,NO,Dataverse:jm1pub_title:fb3174cd-c27a-f111-ab0f-6045bdd69435
d4c5c252eba122af3272b463,WAITING_ON_JMP_SOURCE_POPULATION,J Derrick Johnson,100 Wisdom Lessons for Life and Living,WAITING_ON_JMP,TERMINAL_OR_LEGACY_RECONCILIATION,TERMINAL_STATE_CONFLICT,Create structured operator task to resolve lifecycle/terminal-state conflict,NO,NO,NO,NO,Dataverse:jm1pub_title:bfe69bd7-b389-f111-ab10-6045bdd69435
b63fbc9098a62ca4e63f9f4f,WAITING_ON_JMP_SOURCE_POPULATION,Donjia Walls,27 Days to Overcoming Depression,WAITING_ON_JMP,TERMINAL_OR_LEGACY_RECONCILIATION,TERMINAL_STATE_CONFLICT,Create structured operator task to resolve lifecycle/terminal-state conflict,NO,NO,NO,NO,Dataverse:jm1pub_title:d8e69bd7-b389-f111-ab10-6045bdd69435
15e7e431a915ccc773d3b930,WAITING_ON_JMP_SOURCE_POPULATION,Daphanny Baker,365 Days Of Transparency,WAITING_ON_JMP,TERMINAL_OR_LEGACY_RECONCILIATION,TERMINAL_STATE_CONFLICT,Create structured operator task to resolve lifecycle/terminal-state conflict,NO,NO,NO,NO,Dataverse:jm1pub_title:dee69bd7-b389-f111-ab10-6045bdd69435
15e2ad8c6dfe692f2c3dc45f,WAITING_ON_JMP_SOURCE_POPULATION,Alesia Corpening,"A Truebies Guide, Part 2",WAITING_ON_JMP,TERMINAL_OR_LEGACY_RECONCILIATION,TERMINAL_STATE_CONFLICT,Create structured operator task to resolve lifecycle/terminal-state conflict,NO,NO,NO,NO,Dataverse:jm1pub_title:2554a0dd-b389-f111-ab10-6045bdd69435
17fd69f40f107b97420c4a2b,WAITING_ON_JMP_SOURCE_POPULATION,Alice Pryor,According to Mark,WAITING_ON_JMP,TERMINAL_OR_LEGACY_RECONCILIATION,TERMINAL_STATE_CONFLICT,Create structured operator task to resolve lifecycle/terminal-state conflict,NO,NO,NO,NO,Dataverse:jm1pub_title:2754a0dd-b389-f111-ab10-6045bdd69435
39fa8f8d4e359f1d4393c6a1,WAITING_ON_JMP_SOURCE_POPULATION,USAF,Department of the Air Force Mission Driven Leadership,WAITING_ON_JMP,TERMINAL_OR_LEGACY_RECONCILIATION,TERMINAL_STATE_CONFLICT,Create structured operator task to resolve lifecycle/terminal-state conflict,NO,NO,NO,NO,Dataverse:jm1pub_title:3154a0dd-b389-f111-ab10-6045bdd69435
fddb576ed41c1128b6f5d3b7,WAITING_ON_JMP_SOURCE_POPULATION,USAF,Department of the Air Force: Mission Driven Leadership,WAITING_ON_JMP,TERMINAL_OR_LEGACY_RECONCILIATION,TERMINAL_STATE_CONFLICT,Create structured operator task to resolve lifecycle/terminal-state conflict,NO,NO,NO,NO,Dataverse:jm1pub_title:3354a0dd-b389-f111-ab10-6045bdd69435
07e57bfe1f8f05685328e008,WAITING_ON_JMP_SOURCE_POPULATION,"Sean Smith, Sr.",Destined To Break The Curse Devotional,WAITING_ON_JMP,TERMINAL_OR_LEGACY_RECONCILIATION,TERMINAL_STATE_CONFLICT,Create structured operator task to resolve lifecycle/terminal-state conflict,NO,NO,NO,NO,Dataverse:jm1pub_title:3654a0dd-b389-f111-ab10-6045bdd69435
8de5e414c89e5b717d9aee0e,WAITING_ON_JMP_SOURCE_POPULATION,"Jackie Smith, Jr.",Establishing Glory,WAITING_ON_JMP,DETERMINISTIC_DATA_REPAIR_OR_EVIDENCE_BINDING,MISSING_ARTIFACT,Bind current editorial artifact before stage movement,NO,NO,NO,NO,Dataverse:jm1pub_title:4454a0dd-b389-f111-ab10-6045bdd69435
bc911a130b8b8cd83722ced1,WAITING_ON_JMP_SOURCE_POPULATION,"Jackie Smith, Jr.",Establishing Glory,WAITING_ON_JMP,DETERMINISTIC_DATA_REPAIR_OR_EVIDENCE_BINDING,MISSING_ARTIFACT,Bind current editorial artifact before stage movement,NO,NO,NO,NO,Dataverse:jm1pub_title:4554a0dd-b389-f111-ab10-6045bdd69435
bc4bdef5f3683cd82a631783,WAITING_ON_JMP_SOURCE_POPULATION,"Jackie Smith, Jr.",Establishing Glory 2,WAITING_ON_JMP,DETERMINISTIC_DATA_REPAIR_OR_EVIDENCE_BINDING,MISSING_ARTIFACT,Bind current editorial artifact before stage movement,NO,NO,NO,NO,Dataverse:jm1pub_title:4654a0dd-b389-f111-ab10-6045bdd69435
72ff7012ae8e9b18731b9c77,WAITING_ON_JMP_SOURCE_POPULATION,Shana Byrd,"Focus, Trust, & Follow",WAITING_ON_JMP,TERMINAL_OR_LEGACY_RECONCILIATION,TERMINAL_STATE_CONFLICT,Create structured operator task to resolve lifecycle/terminal-state conflict,NO,NO,NO,NO,Dataverse:jm1pub_title:5154a0dd-b389-f111-ab10-6045bdd69435
070edaab1c47640b00071bdb,WAITING_ON_JMP_SOURCE_POPULATION,Jaylonna Stevette,Getting Back 2 Happy: The Chronicles of Tabby (Unabridged),WAITING_ON_JMP,LEGACY_RECONCILIATION,LEGACY_RECONCILIATION,Create structured operator task to classify legacy active row into active/post-publication/terminal disposition,NO,NO,NO,NO,Dataverse:jm1pub_title:5a54a0dd-b389-f111-ab10-6045bdd69435
764af39939fe17d0ba9b44c0,WAITING_ON_JMP_SOURCE_POPULATION,Carolyn Booker-Pierce,"Girl, You're Not Crazy. You're Dealing With a Narcissist",WAITING_ON_JMP,TERMINAL_OR_LEGACY_RECONCILIATION,TERMINAL_STATE_CONFLICT,Create structured operator task to resolve lifecycle/terminal-state conflict,NO,NO,NO,NO,Dataverse:jm1pub_title:6454a0dd-b389-f111-ab10-6045bdd69435
e73e55e053f1a5aa211f0667,WAITING_ON_JMP_SOURCE_POPULATION,Thomas Johnson,God's Word for This World,WAITING_ON_JMP,TERMINAL_OR_LEGACY_RECONCILIATION,TERMINAL_STATE_CONFLICT,Create structured operator task to resolve lifecycle/terminal-state conflict,NO,NO,NO,NO,Dataverse:jm1pub_title:6b54a0dd-b389-f111-ab10-6045bdd69435
2030e7b1edf1e66589409897,WAITING_ON_JMP_SOURCE_POPULATION,Tawana Mars,"Hop, Hop, Hop",WAITING_ON_JMP,TERMINAL_OR_LEGACY_RECONCILIATION,TERMINAL_STATE_CONFLICT,Create structured operator task to resolve lifecycle/terminal-state conflict,NO,NO,NO,NO,Dataverse:jm1pub_title:73dea4e3-b389-f111-ab10-6045bdd69435
5d7cdeae573849e5de6ce826,WAITING_ON_JMP_SOURCE_POPULATION,Janet Stephens,Jewels by Lady J,WAITING_ON_JMP,TERMINAL_OR_LEGACY_RECONCILIATION,TERMINAL_STATE_CONFLICT,Create structured operator task to resolve lifecycle/terminal-state conflict,NO,NO,NO,NO,Dataverse:jm1pub_title:79dea4e3-b389-f111-ab10-6045bdd69435
29d581b34852898ed4e0724c,WAITING_ON_JMP_SOURCE_POPULATION,Terry Stephens,Kingdom Equipment 101,WAITING_ON_JMP,TERMINAL_OR_LEGACY_RECONCILIATION,TERMINAL_STATE_CONFLICT,Create structured operator task to resolve lifecycle/terminal-state conflict,NO,NO,NO,NO,Dataverse:jm1pub_title:7ddea4e3-b389-f111-ab10-6045bdd69435
c99b1a44cf5572f0559a8ebd,WAITING_ON_JMP_SOURCE_POPULATION,Bailery Cunningham,Melodies From Heaven,WAITING_ON_JMP,TERMINAL_OR_LEGACY_RECONCILIATION,TERMINAL_STATE_CONFLICT,Create structured operator task to resolve lifecycle/terminal-state conflict,NO,NO,NO,NO,Dataverse:jm1pub_title:7edea4e3-b389-f111-ab10-6045bdd69435
16ee5953c7db39650b542d63,WAITING_ON_JMP_SOURCE_POPULATION,Earline Neal,Ordinary People Searching for Greatness,WAITING_ON_JMP,TERMINAL_OR_LEGACY_RECONCILIATION,TERMINAL_STATE_CONFLICT,Create structured operator task to resolve lifecycle/terminal-state conflict,NO,NO,NO,NO,Dataverse:jm1pub_title:83dea4e3-b389-f111-ab10-6045bdd69435
44297345052402758ac2e808,WAITING_ON_JMP_SOURCE_POPULATION,Brandyn McElroy,Support Beyond the Cycle,WAITING_ON_JMP,TERMINAL_OR_LEGACY_RECONCILIATION,TERMINAL_STATE_CONFLICT,Create structured operator task to resolve lifecycle/terminal-state conflict,NO,NO,NO,NO,Dataverse:jm1pub_title:89dea4e3-b389-f111-ab10-6045bdd69435
5c793589f0c4d65cd0fa7322,WAITING_ON_JMP_SOURCE_POPULATION,Iyorwuese Hagher,The Conquest of Azenga,WAITING_ON_JMP,TERMINAL_OR_LEGACY_RECONCILIATION,TERMINAL_STATE_CONFLICT,Create structured operator task to resolve lifecycle/terminal-state conflict,NO,NO,NO,NO,Dataverse:jm1pub_title:8bdea4e3-b389-f111-ab10-6045bdd69435
59150ec5380e56fab826f051,WAITING_ON_JMP_SOURCE_POPULATION,Tracy Norris,"The Essence of Life, Love Letters to Christ",WAITING_ON_JMP,TERMINAL_OR_LEGACY_RECONCILIATION,TERMINAL_STATE_CONFLICT,Create structured operator task to resolve lifecycle/terminal-state conflict,NO,NO,NO,NO,Dataverse:jm1pub_title:8edea4e3-b389-f111-ab10-6045bdd69435
a2fce8bcd515bf4ba3a69612,WAITING_ON_JMP_SOURCE_POPULATION,Karen Hill,The Great Hair Restart,WAITING_ON_JMP,TERMINAL_OR_LEGACY_RECONCILIATION,TERMINAL_STATE_CONFLICT,Create structured operator task to resolve lifecycle/terminal-state conflict,NO,NO,NO,NO,Dataverse:jm1pub_title:dfc1cae9-b389-f111-ab10-6045bdd69435
cc121bf87815e3820ba8206d,WAITING_ON_JMP_SOURCE_POPULATION,Karen Hill,The Great Hair Restart,WAITING_ON_JMP,TERMINAL_OR_LEGACY_RECONCILIATION,TERMINAL_STATE_CONFLICT,Create structured operator task to resolve lifecycle/terminal-state conflict,NO,NO,NO,NO,Dataverse:jm1pub_title:e0c1cae9-b389-f111-ab10-6045bdd69435
8a0d83b878ec0b051f8c4604,WAITING_ON_JMP_SOURCE_POPULATION,Tekisha Wimbush,The I Am in Me,WAITING_ON_JMP,TERMINAL_OR_LEGACY_RECONCILIATION,TERMINAL_STATE_CONFLICT,Create structured operator task to resolve lifecycle/terminal-state conflict,NO,NO,NO,NO,Dataverse:jm1pub_title:e8c1cae9-b389-f111-ab10-6045bdd69435
2c61642b2399991d17e267cd,WAITING_ON_JMP_SOURCE_POPULATION,Tekisha Wimbush,The I Am in Me Part 2,WAITING_ON_JMP,TERMINAL_OR_LEGACY_RECONCILIATION,TERMINAL_STATE_CONFLICT,Create structured operator task to resolve lifecycle/terminal-state conflict,NO,NO,NO,NO,Dataverse:jm1pub_title:e9c1cae9-b389-f111-ab10-6045bdd69435
8cd6c76a78c70d730d4bc871,WAITING_ON_JMP_SOURCE_POPULATION,Felix Catheline,The Paper Champ,WAITING_ON_JMP,TERMINAL_OR_LEGACY_RECONCILIATION,TERMINAL_STATE_CONFLICT,Create structured operator task to resolve lifecycle/terminal-state conflict,NO,NO,NO,NO,Dataverse:jm1pub_title:06c2cae9-b389-f111-ab10-6045bdd69435
8aec0c9278e0a3113d576294,WAITING_ON_JMP_SOURCE_POPULATION,Deborah Eiland,The Princess and the Black-eyed Pea,WAITING_ON_JMP,TERMINAL_OR_LEGACY_RECONCILIATION,TERMINAL_STATE_CONFLICT,Create structured operator task to resolve lifecycle/terminal-state conflict,NO,NO,NO,NO,Dataverse:jm1pub_title:16c2cae9-b389-f111-ab10-6045bdd69435
cde4701c4c437b5193a52ff1,WAITING_ON_JMP_SOURCE_POPULATION,Leslie Banks,Uncomfortable Conversations with God,WAITING_ON_JMP,TERMINAL_OR_LEGACY_RECONCILIATION,TERMINAL_STATE_CONFLICT,Create structured operator task to resolve lifecycle/terminal-state conflict,NO,NO,NO,NO,Dataverse:jm1pub_title:22c2cae9-b389-f111-ab10-6045bdd69435
d2c95b37e9ac380edc153d71,WAITING_ON_JMP_SOURCE_POPULATION,Kiena Hughley,Your Peace Is a Priority,WAITING_ON_JMP,TERMINAL_OR_LEGACY_RECONCILIATION,TERMINAL_STATE_CONFLICT,Create structured operator task to resolve lifecycle/terminal-state conflict,NO,NO,NO,NO,Dataverse:jm1pub_title:2bc2cae9-b389-f111-ab10-6045bdd69435
ca7b0d3329793a894df48fb2,WAITING_ON_JMP_SOURCE_POPULATION,DATA_GAP,Are You Sure That You Are Ready?: A Guide for Vendors,WAITING_ON_JMP,DETERMINISTIC_DATA_REPAIR_OR_EVIDENCE_BINDING,MISSING_AUTHOR_RELATIONSHIP,Create structured operator task to bind author relationship before continuation,NO,NO,NO,NO,Dataverse:jm1pub_title:dcbc7ebd-c37a-f111-ab0f-6045bdd69678
3f740840b28430f2fb47df92,WAITING_ON_JMP_SOURCE_POPULATION,DATA_GAP,Come Out Of Hiding: Activating Deliverance,WAITING_ON_JMP,DETERMINISTIC_DATA_REPAIR_OR_EVIDENCE_BINDING,MISSING_AUTHOR_RELATIONSHIP,Create structured operator task to bind author relationship before continuation,NO,NO,NO,NO,Dataverse:jm1pub_title:7867a4c3-c37a-f111-ab0f-6045bdd69678
da28ddfef975236eb0b973b1,WAITING_ON_JMP_SOURCE_POPULATION,DATA_GAP,Delicious Ideas!: The Legacy Cookbook,WAITING_ON_JMP,DETERMINISTIC_DATA_REPAIR_OR_EVIDENCE_BINDING,MISSING_AUTHOR_RELATIONSHIP,Create structured operator task to bind author relationship before continuation,NO,NO,NO,NO,Dataverse:jm1pub_title:7a67a4c3-c37a-f111-ab0f-6045bdd69678
7290c5d3d536093e146124c9,WAITING_ON_JMP_SOURCE_POPULATION,DATA_GAP,Discipline and Direction: God's Leadership Style,WAITING_ON_JMP,DETERMINISTIC_DATA_REPAIR_OR_EVIDENCE_BINDING,MISSING_AUTHOR_RELATIONSHIP,Create structured operator task to bind author relationship before continuation,NO,NO,NO,NO,Dataverse:jm1pub_title:7c67a4c3-c37a-f111-ab0f-6045bdd69678
dd6570d6663f0dc88a9f6db4,WAITING_ON_JMP_SOURCE_POPULATION,DATA_GAP,Divinely Inspired: Trauma Triumphed,WAITING_ON_JMP,DETERMINISTIC_DATA_REPAIR_OR_EVIDENCE_BINDING,MISSING_AUTHOR_RELATIONSHIP,Create structured operator task to bind author relationship before continuation,NO,NO,NO,NO,Dataverse:jm1pub_title:7d67a4c3-c37a-f111-ab0f-6045bdd69678
87d3dd54f648f292ad3ce1c9,WAITING_ON_JMP_SOURCE_POPULATION,DATA_GAP,Inspirations from God: God is Gooood!,WAITING_ON_JMP,DETERMINISTIC_DATA_REPAIR_OR_EVIDENCE_BINDING,MISSING_AUTHOR_RELATIONSHIP,Create structured operator task to bind author relationship before continuation,NO,NO,NO,NO,Dataverse:jm1pub_title:6e7835ca-c37a-f111-ab0f-6045bdd69678
fdc88146cf6832b063d0b328,WAITING_ON_JMP_SOURCE_POPULATION,DATA_GAP,Just What I Needed: Daily Devotional,WAITING_ON_JMP,DETERMINISTIC_DATA_REPAIR_OR_EVIDENCE_BINDING,MISSING_AUTHOR_RELATIONSHIP,Create structured operator task to bind author relationship before continuation,NO,NO,NO,NO,Dataverse:jm1pub_title:6f7835ca-c37a-f111-ab0f-6045bdd69678
bf4084d656eab1d6fdd08e73,WAITING_ON_JMP_SOURCE_POPULATION,DATA_GAP,My ABCs,WAITING_ON_JMP,DETERMINISTIC_DATA_REPAIR_OR_EVIDENCE_BINDING,MISSING_AUTHOR_RELATIONSHIP,Create structured operator task to bind author relationship before continuation,NO,NO,NO,NO,Dataverse:jm1pub_title:887835ca-c37a-f111-ab0f-6045bdd69678
0e9ad08b3e3dfbd6a88a72a5,WAITING_ON_JMP_SOURCE_POPULATION,DATA_GAP,SHE: An Expose' of Her Insufficiencies,WAITING_ON_JMP,DETERMINISTIC_DATA_REPAIR_OR_EVIDENCE_BINDING,MISSING_AUTHOR_RELATIONSHIP,Create structured operator task to bind author relationship before continuation,NO,NO,NO,NO,Dataverse:jm1pub_title:a97835ca-c37a-f111-ab0f-6045bdd69678
d5e62f7e83c0872003ab4c48,WAITING_ON_JMP_SOURCE_POPULATION,DATA_GAP,"Taylor Made: My Life, My Story",WAITING_ON_JMP,DETERMINISTIC_DATA_REPAIR_OR_EVIDENCE_BINDING,MISSING_AUTHOR_RELATIONSHIP,Create structured operator task to bind author relationship before continuation,NO,NO,NO,NO,Dataverse:jm1pub_title:b27835ca-c37a-f111-ab0f-6045bdd69678
b3d5fa724a65952f097d2795,WAITING_ON_JMP_SOURCE_POPULATION,DATA_GAP,Warriors and Angels: Liberating Inner Power in the Journey of Life,WAITING_ON_JMP,DETERMINISTIC_DATA_REPAIR_OR_EVIDENCE_BINDING,MISSING_AUTHOR_RELATIONSHIP,Create structured operator task to bind author relationship before continuation,NO,NO,NO,NO,Dataverse:jm1pub_title:4a37c9d0-c37a-f111-ab0f-6045bdd69678
cd91c6aca66b0db6c789892a,WAITING_ON_JMP_SOURCE_POPULATION,DATA_GAP,Your Peace is a Priority: A Devotional Journal,WAITING_ON_JMP,DETERMINISTIC_DATA_REPAIR_OR_EVIDENCE_BINDING,MISSING_AUTHOR_RELATIONSHIP,Create structured operator task to bind author relationship before continuation,NO,NO,NO,NO,Dataverse:jm1pub_title:5837c9d0-c37a-f111-ab0f-6045bdd69678
a24dd7a49f0020851bf66960,WAITING_ON_JMP_SOURCE_POPULATION,Eryonna Barrino,A Little Bit of Everything,WAITING_ON_JMP,TERMINAL_OR_LEGACY_RECONCILIATION,TERMINAL_STATE_CONFLICT,Create structured operator task to resolve lifecycle/terminal-state conflict,NO,NO,NO,NO,Dataverse:jm1pub_title:9fe382d8-b389-f111-ab10-6045bdd69678
a9d1c25b57f9c31d27c29d6c,WAITING_ON_JMP_SOURCE_POPULATION,Eryonna Barrino,A Little Bit of Everything,WAITING_ON_JMP,TERMINAL_OR_LEGACY_RECONCILIATION,TERMINAL_STATE_CONFLICT,Create structured operator task to resolve lifecycle/terminal-state conflict,NO,NO,NO,NO,Dataverse:jm1pub_title:a3e382d8-b389-f111-ab10-6045bdd69678
055f9506771923db99e76e43,WAITING_ON_JMP_SOURCE_POPULATION,Iyorwuese Hagher,A Portrait of Paradise,WAITING_ON_JMP,TERMINAL_OR_LEGACY_RECONCILIATION,TERMINAL_STATE_CONFLICT,Create structured operator task to resolve lifecycle/terminal-state conflict,NO,NO,NO,NO,Dataverse:jm1pub_title:a8e382d8-b389-f111-ab10-6045bdd69678
21fb8e53dc0be9bf2fd0b96b,WAITING_ON_JMP_SOURCE_POPULATION,Shelley McIntosh,A Principal's Tale,WAITING_ON_JMP,TERMINAL_OR_LEGACY_RECONCILIATION,TERMINAL_STATE_CONFLICT,Create structured operator task to resolve lifecycle/terminal-state conflict,NO,NO,NO,NO,Dataverse:jm1pub_title:abe382d8-b389-f111-ab10-6045bdd69678
d41186894d49dbae43d24de4,WAITING_ON_JMP_SOURCE_POPULATION,Alesia Corpening,"A Truebies Guide, Part 1",WAITING_ON_JMP,TERMINAL_OR_LEGACY_RECONCILIATION,TERMINAL_STATE_CONFLICT,Create structured operator task to resolve lifecycle/terminal-state conflict,NO,NO,NO,NO,Dataverse:jm1pub_title:aee382d8-b389-f111-ab10-6045bdd69678
a4bc2b56705451e61c22c4db,WAITING_ON_JMP_SOURCE_POPULATION,Alesia Corpening,"A Truebies Guide, Part 2",WAITING_ON_JMP,TERMINAL_OR_LEGACY_RECONCILIATION,TERMINAL_STATE_CONFLICT,Create structured operator task to resolve lifecycle/terminal-state conflict,NO,NO,NO,NO,Dataverse:jm1pub_title:afe382d8-b389-f111-ab10-6045bdd69678
bde53b6508e0bac315c985f7,WAITING_ON_JMP_SOURCE_POPULATION,Deborah Eiland,BEE Careful,WAITING_ON_JMP,TERMINAL_OR_LEGACY_RECONCILIATION,TERMINAL_STATE_CONFLICT,Create structured operator task to resolve lifecycle/terminal-state conflict,NO,NO,NO,NO,Dataverse:jm1pub_title:079c7bde-b389-f111-ab10-6045bdd69678
95b3474dab43086ff5d69a0a,WAITING_ON_JMP_SOURCE_POPULATION,Gloria Patterson,Conquer Your Fears and Win,WAITING_ON_JMP,TERMINAL_OR_LEGACY_RECONCILIATION,TERMINAL_STATE_CONFLICT,Create structured operator task to resolve lifecycle/terminal-state conflict,NO,NO,NO,NO,Dataverse:jm1pub_title:139c7bde-b389-f111-ab10-6045bdd69678
2878f34733c6a434c20df1f4,WAITING_ON_JMP_SOURCE_POPULATION,"Jackie Smith, Jr.",Establishing Glory,WAITING_ON_JMP,DETERMINISTIC_DATA_REPAIR_OR_EVIDENCE_BINDING,MISSING_ARTIFACT,Bind current editorial artifact before stage movement,NO,NO,NO,NO,Dataverse:jm1pub_title:249c7bde-b389-f111-ab10-6045bdd69678
d152712a2dcb2fbf94b4ffe9,WAITING_ON_JMP_SOURCE_POPULATION,"Jackie Smith, Jr.",Establishing Glory 2,WAITING_ON_JMP,DETERMINISTIC_DATA_REPAIR_OR_EVIDENCE_BINDING,MISSING_ARTIFACT,Bind current editorial artifact before stage movement,NO,NO,NO,NO,Dataverse:jm1pub_title:299c7bde-b389-f111-ab10-6045bdd69678
869213e64f966930b83c853e,WAITING_ON_JMP_SOURCE_POPULATION,"Jackie Smith, Jr.",Establishing Glory 3,WAITING_ON_JMP,DETERMINISTIC_DATA_REPAIR_OR_EVIDENCE_BINDING,MISSING_ARTIFACT,Bind current editorial artifact before stage movement,NO,NO,NO,NO,Dataverse:jm1pub_title:2e9c7bde-b389-f111-ab10-6045bdd69678
df00e069ec658dbdfae821ca,WAITING_ON_JMP_SOURCE_POPULATION,KD Heard,Inner Peace Through Life's Storms,WAITING_ON_JMP,TERMINAL_OR_LEGACY_RECONCILIATION,TERMINAL_STATE_CONFLICT,Create structured operator task to resolve lifecycle/terminal-state conflict,NO,NO,NO,NO,Dataverse:jm1pub_title:c0ee73e4-b389-f111-ab10-6045bdd69678
e94f3ea09b973c6530b93cc6,WAITING_ON_JMP_SOURCE_POPULATION,Deborah Eiland,Jalen Becomes a Big Brother,WAITING_ON_JMP,TERMINAL_OR_LEGACY_RECONCILIATION,TERMINAL_STATE_CONFLICT,Create structured operator task to resolve lifecycle/terminal-state conflict,NO,NO,NO,NO,Dataverse:jm1pub_title:c4ee73e4-b389-f111-ab10-6045bdd69678
ecfd7fc2815933b9e3e5ecec,WAITING_ON_JMP_SOURCE_POPULATION,Daphanny Baker,Lady Daphanny's Altar,WAITING_ON_JMP,TERMINAL_OR_LEGACY_RECONCILIATION,TERMINAL_STATE_CONFLICT,Create structured operator task to resolve lifecycle/terminal-state conflict,NO,NO,NO,NO,Dataverse:jm1pub_title:ecee73e4-b389-f111-ab10-6045bdd69678
6ab1455e7f01f84fac1e8d1a,WAITING_ON_JMP_SOURCE_POPULATION,Bailery Cunningham,Melodies from Heaven,WAITING_ON_JMP,TERMINAL_OR_LEGACY_RECONCILIATION,TERMINAL_STATE_CONFLICT,Create structured operator task to resolve lifecycle/terminal-state conflict,NO,NO,NO,NO,Dataverse:jm1pub_title:f9ee73e4-b389-f111-ab10-6045bdd69678
8766747acaa98388af8a9c4d,WAITING_ON_JMP_SOURCE_POPULATION,Carolyn Booker-Pierce,More Than A Village,WAITING_ON_JMP,TERMINAL_OR_LEGACY_RECONCILIATION,TERMINAL_STATE_CONFLICT,Create structured operator task to resolve lifecycle/terminal-state conflict,NO,NO,NO,NO,Dataverse:jm1pub_title:fdee73e4-b389-f111-ab10-6045bdd69678
2729a59b91f6a73521a9785b,WAITING_ON_JMP_SOURCE_POPULATION,Veronica Brown,One Soul,WAITING_ON_JMP,TERMINAL_OR_LEGACY_RECONCILIATION,TERMINAL_STATE_CONFLICT,Create structured operator task to resolve lifecycle/terminal-state conflict,NO,NO,NO,NO,Dataverse:jm1pub_title:0cef73e4-b389-f111-ab10-6045bdd69678
29dc0cde1e5d3a81273bdcd5,WAITING_ON_JMP_SOURCE_POPULATION,Daphanny Baker,Peaches Can Do It!,WAITING_ON_JMP,TERMINAL_OR_LEGACY_RECONCILIATION,TERMINAL_STATE_CONFLICT,Create structured operator task to resolve lifecycle/terminal-state conflict,NO,NO,NO,NO,Dataverse:jm1pub_title:10ef73e4-b389-f111-ab10-6045bdd69678
413a380526f21da906efb34b,WAITING_ON_JMP_SOURCE_POPULATION,Obadiah Harris,The Doctrine of Last Things,WAITING_ON_JMP,TERMINAL_OR_LEGACY_RECONCILIATION,TERMINAL_STATE_CONFLICT,Create structured operator task to resolve lifecycle/terminal-state conflict,NO,NO,NO,NO,Dataverse:jm1pub_title:1fef73e4-b389-f111-ab10-6045bdd69678
7d38e7727eacc374df15bdbc,WAITING_ON_JMP_SOURCE_POPULATION,Tracy Norris,"The Essence of Life, Love Letters to Christ",WAITING_ON_JMP,TERMINAL_OR_LEGACY_RECONCILIATION,TERMINAL_STATE_CONFLICT,Create structured operator task to resolve lifecycle/terminal-state conflict,NO,NO,NO,NO,Dataverse:jm1pub_title:23ef73e4-b389-f111-ab10-6045bdd69678
2c6e90bf644e1799061398f8,WAITING_ON_JMP_SOURCE_POPULATION,Randall Beverly,The Hood,WAITING_ON_JMP,TERMINAL_OR_LEGACY_RECONCILIATION,TERMINAL_STATE_CONFLICT,Create structured operator task to resolve lifecycle/terminal-state conflict,NO,NO,NO,NO,Dataverse:jm1pub_title:176290ea-b389-f111-ab10-6045bdd69678
2d081bc936fac0e029b06845,WAITING_ON_JMP_SOURCE_POPULATION,Shaniqua Williams,The Never Before Told Story of the Gelatin Monster,WAITING_ON_JMP,TERMINAL_OR_LEGACY_RECONCILIATION,TERMINAL_STATE_CONFLICT,Create structured operator task to resolve lifecycle/terminal-state conflict,NO,NO,NO,NO,Dataverse:jm1pub_title:276290ea-b389-f111-ab10-6045bdd69678
aec8a23d1482e1eefa6e89e8,WAITING_ON_JMP_SOURCE_POPULATION,Devin Gilchrest,"The Sun, the Shadow, and the Silence",WAITING_ON_JMP,TERMINAL_OR_LEGACY_RECONCILIATION,TERMINAL_STATE_CONFLICT,Create structured operator task to resolve lifecycle/terminal-state conflict,NO,NO,NO,NO,Dataverse:jm1pub_title:426290ea-b389-f111-ab10-6045bdd69678
c049df728c8a2fe198e97d9c,WAITING_ON_JMP_SOURCE_POPULATION,Shelley McIntosh,Warriors and Angels,WAITING_ON_JMP,TERMINAL_OR_LEGACY_RECONCILIATION,TERMINAL_STATE_CONFLICT,Create structured operator task to resolve lifecycle/terminal-state conflict,NO,NO,NO,NO,Dataverse:jm1pub_title:676290ea-b389-f111-ab10-6045bdd69678
981b4dcc03acacbcf188af8f,WAITING_ON_JMP_SOURCE_POPULATION,Mack Hughley,When a Thug Meets Jesus,WAITING_ON_JMP,TERMINAL_OR_LEGACY_RECONCILIATION,TERMINAL_STATE_CONFLICT,Create structured operator task to resolve lifecycle/terminal-state conflict,NO,NO,NO,NO,Dataverse:jm1pub_title:6c6290ea-b389-f111-ab10-6045bdd69678
db353615a96406a67b381d7d,WAITING_ON_JMP_SOURCE_POPULATION,JM1 SyntheticRestored20260727173332,JM1 Synthetic Intake Restored Proof 20260727173332,WAITING_ON_JMP,TRUE_JMP_HUMAN_GATE,LIFECYCLE_MAPPING_CONFLICT,Create structured operator task to resolve lifecycle/terminal-state conflict,NO,NO,YES,NO,Dataverse:jm1pub_title:f2af2bdb-7a8a-f111-ab10-6045bdd69678; Dataverse:jm1pub_editorialstage:0fb02bdb-7a8a-f111-ab10-6045bdd69678
c6aab3da41e09918ccfbc16a,WAITING_ON_JMP_SOURCE_POPULATION,JM1 SyntheticFinal20260727172010,JM1 Synthetic Intake Final Proof 20260727172010,WAITING_ON_JMP,TRUE_JMP_HUMAN_GATE,LIFECYCLE_MAPPING_CONFLICT,Create structured operator task to resolve lifecycle/terminal-state conflict,NO,NO,YES,NO,Dataverse:jm1pub_title:14b02bdb-7a8a-f111-ab10-6045bdd69678; Dataverse:jm1pub_editorialstage:07e8ffda-7a8a-f111-ab10-6045bdd69738
cace135dc967cfd193fc9ccb,WAITING_ON_JMP_SOURCE_POPULATION,JM1 SyntheticFinal20260727170349,JM1 Synthetic Intake Final Proof 20260727170349,WAITING_ON_JMP,TRUE_JMP_HUMAN_GATE,LIFECYCLE_MAPPING_CONFLICT,Create structured operator task to resolve lifecycle/terminal-state conflict,NO,NO,YES,NO,Dataverse:jm1pub_title:17b02bdb-7a8a-f111-ab10-6045bdd69678; Dataverse:jm1pub_editorialstage:5a12b9e0-7a8a-f111-ab10-000d3a9eacee
53572b0c96363c3acb6b6e15,WAITING_ON_JMP_SOURCE_POPULATION,DATA_GAP,Untitled,WAITING_ON_JMP,TERMINAL_OR_LEGACY_RECONCILIATION,TERMINAL_STATE_CONFLICT,Create structured operator task to resolve lifecycle/terminal-state conflict,NO,NO,NO,NO,Dataverse:jm1pub_title:5aee90b0-9730-f111-88b4-6045bdd69738
11377134de6d3db6245b5a57,WAITING_ON_JMP_SOURCE_POPULATION,Ericka Johnson Settles,7 Step Jumpstart to Becoming Your Best Self,WAITING_ON_JMP,TERMINAL_OR_LEGACY_RECONCILIATION,TERMINAL_STATE_CONFLICT,Create structured operator task to resolve lifecycle/terminal-state conflict,NO,NO,NO,NO,Dataverse:jm1pub_title:4a9a11da-b389-f111-ab10-6045bdd69738
fef74cce1b899989a4b5864a,WAITING_ON_JMP_SOURCE_POPULATION,Shecara Norris,A Blended Family,WAITING_ON_JMP,TERMINAL_OR_LEGACY_RECONCILIATION,TERMINAL_STATE_CONFLICT,Create structured operator task to resolve lifecycle/terminal-state conflict,NO,NO,NO,NO,Dataverse:jm1pub_title:4b9a11da-b389-f111-ab10-6045bdd69738
db5f9bb4b7d506a52a65afbe,WAITING_ON_JMP_SOURCE_POPULATION,Alice Pryor,According to Mark,WAITING_ON_JMP,TERMINAL_OR_LEGACY_RECONCILIATION,TERMINAL_STATE_CONFLICT,Create structured operator task to resolve lifecycle/terminal-state conflict,NO,NO,NO,NO,Dataverse:jm1pub_title:509a11da-b389-f111-ab10-6045bdd69738
0699ec963b14200edb279af0,WAITING_ON_JMP_SOURCE_POPULATION,Jaylonna Stevette,Almost Happy,WAITING_ON_JMP,TERMINAL_OR_LEGACY_RECONCILIATION,TERMINAL_STATE_CONFLICT,Create structured operator task to resolve lifecycle/terminal-state conflict,NO,NO,NO,NO,Dataverse:jm1pub_title:539a11da-b389-f111-ab10-6045bdd69738
1a964a7ce30fd0aa07bdf9db,WAITING_ON_JMP_SOURCE_POPULATION,Ericka Thornton,Are You Sure That You Are Ready?,WAITING_ON_JMP,TERMINAL_OR_LEGACY_RECONCILIATION,TERMINAL_STATE_CONFLICT,Create structured operator task to resolve lifecycle/terminal-state conflict,NO,NO,NO,NO,Dataverse:jm1pub_title:549a11da-b389-f111-ab10-6045bdd69738
c8ac1133ca391b49b0f50c35,WAITING_ON_JMP_SOURCE_POPULATION,Deborah Eiland,BEE Careful,WAITING_ON_JMP,TERMINAL_OR_LEGACY_RECONCILIATION,TERMINAL_STATE_CONFLICT,Create structured operator task to resolve lifecycle/terminal-state conflict,NO,NO,NO,NO,Dataverse:jm1pub_title:559a11da-b389-f111-ab10-6045bdd69738
3adb383c56fecf44eaa5ac23,WAITING_ON_JMP_SOURCE_POPULATION,Terry Stephens,Biblical Prescriptions For Life's Troubles,WAITING_ON_JMP,TERMINAL_OR_LEGACY_RECONCILIATION,TERMINAL_STATE_CONFLICT,Create structured operator task to resolve lifecycle/terminal-state conflict,NO,NO,NO,NO,Dataverse:jm1pub_title:569a11da-b389-f111-ab10-6045bdd69738
db7601c566c748021e3bc39e,WAITING_ON_JMP_SOURCE_POPULATION,"Jackie Smith, Jr.",Establishing Glory,WAITING_ON_JMP,DETERMINISTIC_DATA_REPAIR_OR_EVIDENCE_BINDING,MISSING_ARTIFACT,Bind current editorial artifact before stage movement,NO,NO,NO,NO,Dataverse:jm1pub_title:54a0a0e0-b389-f111-ab10-6045bdd69738
2af1711e728f85fc12359f03,WAITING_ON_JMP_SOURCE_POPULATION,"Jackie Smith, Jr.",Establishing Glory,WAITING_ON_JMP,DETERMINISTIC_DATA_REPAIR_OR_EVIDENCE_BINDING,MISSING_ARTIFACT,Bind current editorial artifact before stage movement,NO,NO,NO,NO,Dataverse:jm1pub_title:55a0a0e0-b389-f111-ab10-6045bdd69738
87486074602d321f577538cb,WAITING_ON_JMP_SOURCE_POPULATION,"Jackie Smith, Jr.",Establishing Glory: The Praise and Worship Handbook,WAITING_ON_JMP,DETERMINISTIC_DATA_REPAIR_OR_EVIDENCE_BINDING,MISSING_ARTIFACT,Bind current editorial artifact before stage movement,NO,NO,NO,NO,Dataverse:jm1pub_title:56a0a0e0-b389-f111-ab10-6045bdd69738
f6b631aea3daefec6ececa39,WAITING_ON_JMP_SOURCE_POPULATION,Terry Stephens,God’s Business Plan,WAITING_ON_JMP,TERMINAL_OR_LEGACY_RECONCILIATION,TERMINAL_STATE_CONFLICT,Create structured operator task to resolve lifecycle/terminal-state conflict,NO,NO,NO,NO,Dataverse:jm1pub_title:57a0a0e0-b389-f111-ab10-6045bdd69738
790ef7aff69456e1113dc1c9,WAITING_ON_JMP_SOURCE_POPULATION,Terry Stephens,God’s Business Plan,WAITING_ON_JMP,TERMINAL_OR_LEGACY_RECONCILIATION,TERMINAL_STATE_CONFLICT,Create structured operator task to resolve lifecycle/terminal-state conflict,NO,NO,NO,NO,Dataverse:jm1pub_title:58a0a0e0-b389-f111-ab10-6045bdd69738
2f1f22a22a840d5c5b231f63,WAITING_ON_JMP_SOURCE_POPULATION,Toni Kleckley,Grandmothers Educating Minds,WAITING_ON_JMP,TERMINAL_OR_LEGACY_RECONCILIATION,TERMINAL_STATE_CONFLICT,Create structured operator task to resolve lifecycle/terminal-state conflict,NO,NO,NO,NO,Dataverse:jm1pub_title:59a0a0e0-b389-f111-ab10-6045bdd69738
6a22262ff4023e803cd92318,WAITING_ON_JMP_SOURCE_POPULATION,Cheryl Travis,"Help God, I Am Confused",WAITING_ON_JMP,TERMINAL_OR_LEGACY_RECONCILIATION,TERMINAL_STATE_CONFLICT,Create structured operator task to resolve lifecycle/terminal-state conflict,NO,NO,NO,NO,Dataverse:jm1pub_title:5ca0a0e0-b389-f111-ab10-6045bdd69738
e8e27f8598e3b54e687203eb,WAITING_ON_JMP_SOURCE_POPULATION,Edith Clay,Inspirations from God,WAITING_ON_JMP,TERMINAL_OR_LEGACY_RECONCILIATION,TERMINAL_STATE_CONFLICT,Create structured operator task to resolve lifecycle/terminal-state conflict,NO,NO,NO,NO,Dataverse:jm1pub_title:61a0a0e0-b389-f111-ab10-6045bdd69738
560bdc6db218446b47389746,WAITING_ON_JMP_SOURCE_POPULATION,Kurt Broadnax,Love Is An Action Word,WAITING_ON_JMP,TERMINAL_OR_LEGACY_RECONCILIATION,TERMINAL_STATE_CONFLICT,Create structured operator task to resolve lifecycle/terminal-state conflict,NO,NO,NO,NO,Dataverse:jm1pub_title:62a0a0e0-b389-f111-ab10-6045bdd69738
8508f9642f569ceb74a13e2a,WAITING_ON_JMP_SOURCE_POPULATION,Shelley McIntosh,Memoir of a Black Christian Nationalist,WAITING_ON_JMP,TERMINAL_OR_LEGACY_RECONCILIATION,TERMINAL_STATE_CONFLICT,Create structured operator task to resolve lifecycle/terminal-state conflict,NO,NO,NO,NO,Dataverse:jm1pub_title:63a0a0e0-b389-f111-ab10-6045bdd69738
38faaf79404fd258c989e900,WAITING_ON_JMP_SOURCE_POPULATION,Shelley McIntosh,Memoir of a Black Christian Nationalist,WAITING_ON_JMP,TERMINAL_OR_LEGACY_RECONCILIATION,TERMINAL_STATE_CONFLICT,Create structured operator task to resolve lifecycle/terminal-state conflict,NO,NO,NO,NO,Dataverse:jm1pub_title:7fc2a2e6-b389-f111-ab10-6045bdd69738
c19f5b837eaee677aed1fcaa,WAITING_ON_JMP_SOURCE_POPULATION,Will Harris,Music Ministry Unplugged,WAITING_ON_JMP,TERMINAL_OR_LEGACY_RECONCILIATION,TERMINAL_STATE_CONFLICT,Create structured operator task to resolve lifecycle/terminal-state conflict,NO,NO,NO,NO,Dataverse:jm1pub_title:82c2a2e6-b389-f111-ab10-6045bdd69738
897c70e6c6b8e7bcb31f6640,WAITING_ON_JMP_SOURCE_POPULATION,Jaylonna Stevette,Naughty Tales,WAITING_ON_JMP,TERMINAL_OR_LEGACY_RECONCILIATION,TERMINAL_STATE_CONFLICT,Create structured operator task to resolve lifecycle/terminal-state conflict,NO,NO,NO,NO,Dataverse:jm1pub_title:83c2a2e6-b389-f111-ab10-6045bdd69738
f0ed7188da33fa5574a6f408,WAITING_ON_JMP_SOURCE_POPULATION,Juanita Travis,Rhyming It up with Church Stuff,WAITING_ON_JMP,TERMINAL_OR_LEGACY_RECONCILIATION,TERMINAL_STATE_CONFLICT,Create structured operator task to resolve lifecycle/terminal-state conflict,NO,NO,NO,NO,Dataverse:jm1pub_title:87c2a2e6-b389-f111-ab10-6045bdd69738
bbd923144a7c47e61943a9ab,WAITING_ON_JMP_SOURCE_POPULATION,Kurt Broadnax,Seasons of Life,WAITING_ON_JMP,TERMINAL_OR_LEGACY_RECONCILIATION,TERMINAL_STATE_CONFLICT,Create structured operator task to resolve lifecycle/terminal-state conflict,NO,NO,NO,NO,Dataverse:jm1pub_title:88c2a2e6-b389-f111-ab10-6045bdd69738
c62a6b30addc0b271fae9c7f,WAITING_ON_JMP_SOURCE_POPULATION,Will Harris,Taylor Made,WAITING_ON_JMP,TERMINAL_OR_LEGACY_RECONCILIATION,TERMINAL_STATE_CONFLICT,Create structured operator task to resolve lifecycle/terminal-state conflict,NO,NO,NO,NO,Dataverse:jm1pub_title:89c2a2e6-b389-f111-ab10-6045bdd69738
153808ad3df6693a4e509df9,WAITING_ON_JMP_SOURCE_POPULATION,Dennis Brown,The Flame,WAITING_ON_JMP,TERMINAL_OR_LEGACY_RECONCILIATION,TERMINAL_STATE_CONFLICT,Create structured operator task to resolve lifecycle/terminal-state conflict,NO,NO,NO,NO,Dataverse:jm1pub_title:8cc2a2e6-b389-f111-ab10-6045bdd69738
ded8df721740a2e7db7c8fa1,WAITING_ON_JMP_SOURCE_POPULATION,Karen Hill,The Great Hair Restart,WAITING_ON_JMP,TERMINAL_OR_LEGACY_RECONCILIATION,TERMINAL_STATE_CONFLICT,Create structured operator task to resolve lifecycle/terminal-state conflict,NO,NO,NO,NO,Dataverse:jm1pub_title:8dc2a2e6-b389-f111-ab10-6045bdd69738
6a1c61d7a6d35f27edd77722,WAITING_ON_JMP_SOURCE_POPULATION,Tekisha Wimbush,The I Am in Me Part 2,WAITING_ON_JMP,TERMINAL_OR_LEGACY_RECONCILIATION,TERMINAL_STATE_CONFLICT,Create structured operator task to resolve lifecycle/terminal-state conflict,NO,NO,NO,NO,Dataverse:jm1pub_title:8fc2a2e6-b389-f111-ab10-6045bdd69738
71b94371112837f66a09b2f3,WAITING_ON_JMP_SOURCE_POPULATION,Sylvia Benson,The Master's Piece,WAITING_ON_JMP,TERMINAL_OR_LEGACY_RECONCILIATION,TERMINAL_STATE_CONFLICT,Create structured operator task to resolve lifecycle/terminal-state conflict,NO,NO,NO,NO,Dataverse:jm1pub_title:92c2a2e6-b389-f111-ab10-6045bdd69738
4d96a5f380f38c7f74eab6df,WAITING_ON_JMP_SOURCE_POPULATION,Sean Crowley,The Shift,WAITING_ON_JMP,TERMINAL_OR_LEGACY_RECONCILIATION,TERMINAL_STATE_CONFLICT,Create structured operator task to resolve lifecycle/terminal-state conflict,NO,NO,NO,NO,Dataverse:jm1pub_title:94c2a2e6-b389-f111-ab10-6045bdd69738
9d8b3395230a240cfcefecf8,WAITING_ON_JMP_SOURCE_POPULATION,Rodney Waller,Why Faith Works For Some And Not For Others,WAITING_ON_JMP,TERMINAL_OR_LEGACY_RECONCILIATION,TERMINAL_STATE_CONFLICT,Create structured operator task to resolve lifecycle/terminal-state conflict,NO,NO,NO,NO,Dataverse:jm1pub_title:e1b26aed-b389-f111-ab10-6045bdd69738
b93b476a89216c977b40a3c8,WAITING_ON_JMP_SOURCE_POPULATION,DATA_GAP,Untitled,WAITING_ON_JMP,TERMINAL_OR_LEGACY_RECONCILIATION,TERMINAL_STATE_CONFLICT,Create structured operator task to resolve lifecycle/terminal-state conflict,NO,NO,NO,NO,Dataverse:jm1pub_title:9eb5559c-9630-f111-88b4-7c1e525b15c2
cb582aadec9a3048ea182e40,WAITING_ON_JMP_SOURCE_POPULATION,DATA_GAP,todays's new title,WAITING_ON_JMP,DETERMINISTIC_DATA_REPAIR_OR_EVIDENCE_BINDING,MISSING_AUTHOR_RELATIONSHIP,Create structured operator task to bind author relationship before continuation,NO,NO,NO,NO,Dataverse:jm1pub_title:b2838072-e23d-f111-88b5-7c1e525b15c2
6fdff0fc2f456456299d5e13,WAITING_ON_JMP_SOURCE_POPULATION,"Jackie Smith, Jr.",Establishing Glory 3: The Marriage Handbook,WAITING_ON_JMP,DETERMINISTIC_DATA_REPAIR_OR_EVIDENCE_BINDING,MISSING_ARTIFACT,Bind current editorial artifact before stage movement,NO,NO,NO,NO,Dataverse:jm1pub_title:9c8797ca-c27a-f111-ab0f-7c1e525b15c2
24f0b83bc7b96a438105b6f9,WAITING_ON_JMP_SOURCE_POPULATION,"Jackie Smith, Jr.",Establishing Glory: The Praise and Worship Handbook (2nd Edition),WAITING_ON_JMP,DETERMINISTIC_DATA_REPAIR_OR_EVIDENCE_BINDING,MISSING_ARTIFACT,Bind current editorial artifact before stage movement,NO,NO,NO,NO,Dataverse:jm1pub_title:9d8797ca-c27a-f111-ab0f-7c1e525b15c2
50cddbaee5b587c6234906f3,WAITING_ON_JMP_SOURCE_POPULATION,DATA_GAP,Jewels by Lady J: A Book of Daily Devotion and Reflection One Day at a Time,WAITING_ON_JMP,DETERMINISTIC_DATA_REPAIR_OR_EVIDENCE_BINDING,MISSING_AUTHOR_RELATIONSHIP,Create structured operator task to bind author relationship before continuation,NO,NO,NO,NO,Dataverse:jm1pub_title:311405c7-c37a-f111-ab0f-7c1e525b15c2
c3e6e3e40660ffedca3b21c0,WAITING_ON_JMP_SOURCE_POPULATION,DATA_GAP,Mirror of Refining Insight: An Introspective Look At Pursuing Your Purpose,WAITING_ON_JMP,DETERMINISTIC_DATA_REPAIR_OR_EVIDENCE_BINDING,MISSING_AUTHOR_RELATIONSHIP,Create structured operator task to bind author relationship before continuation,NO,NO,NO,NO,Dataverse:jm1pub_title:3b1405c7-c37a-f111-ab0f-7c1e525b15c2
85479531127b3ee83a7c8b46,WAITING_ON_JMP_SOURCE_POPULATION,Jackie Smith Jr,The Long Watch,WAITING_ON_JMP,RUNTIME_REPAIR_REQUIRED,RUNTIME_NOT_COMMISSIONED,Create structured operator task to commission/select runtime before movement,NO,NO_COMMISSIONED_RUNTIME_OR_PROVIDER_BLOCKED,NO,NO,Dataverse:jm1pub_title:a69b9dfa-bb7b-f111-ab0f-7c1e525b15c2; Dataverse:jm1pub_editorialstage:12d961fc-0f85-f111-ab0f-00224820105b; Dataverse:jm1pub_editorialapprovalgate:f79d9b13-688e-f111-8077-000d3a14673b; Dataverse:jm1pub_editorialartifact:f29e9aab-1085-f111-ab0f-00224820105b
c7d0f2ae039242e1f67ea47c,WAITING_ON_JMP_SOURCE_POPULATION,Shecara Norris,A Blended Family,WAITING_ON_JMP,TERMINAL_OR_LEGACY_RECONCILIATION,TERMINAL_STATE_CONFLICT,Create structured operator task to resolve lifecycle/terminal-state conflict,NO,NO,NO,NO,Dataverse:jm1pub_title:f47d1ada-b389-f111-ab10-7c1e525b15c2
d313fa8b011da13669cc1153,WAITING_ON_JMP_SOURCE_POPULATION,Iyorwuese Hagher,A Portrait of Paradise,WAITING_ON_JMP,TERMINAL_OR_LEGACY_RECONCILIATION,TERMINAL_STATE_CONFLICT,Create structured operator task to resolve lifecycle/terminal-state conflict,NO,NO,NO,NO,Dataverse:jm1pub_title:f57d1ada-b389-f111-ab10-7c1e525b15c2
6a48a8663efde76c9a1ab820,WAITING_ON_JMP_SOURCE_POPULATION,Carolyn Booker-Pierce,Abortion!,WAITING_ON_JMP,TERMINAL_OR_LEGACY_RECONCILIATION,TERMINAL_STATE_CONFLICT,Create structured operator task to resolve lifecycle/terminal-state conflict,NO,NO,NO,NO,Dataverse:jm1pub_title:f67d1ada-b389-f111-ab10-7c1e525b15c2
24418d6554134f12082fb7af,WAITING_ON_JMP_SOURCE_POPULATION,Alice Pryor,According to Mark,WAITING_ON_JMP,TERMINAL_OR_LEGACY_RECONCILIATION,TERMINAL_STATE_CONFLICT,Create structured operator task to resolve lifecycle/terminal-state conflict,NO,NO,NO,NO,Dataverse:jm1pub_title:f87d1ada-b389-f111-ab10-7c1e525b15c2
c4e7ed05fa1b10cbdb465cc0,WAITING_ON_JMP_SOURCE_POPULATION,Carolyn Booker-Pierce,Because the Lord is My Shepherd,WAITING_ON_JMP,TERMINAL_OR_LEGACY_RECONCILIATION,TERMINAL_STATE_CONFLICT,Create structured operator task to resolve lifecycle/terminal-state conflict,NO,NO,NO,NO,Dataverse:jm1pub_title:017e1ada-b389-f111-ab10-7c1e525b15c2
1049c5d044c01a2fb422a6e7,WAITING_ON_JMP_SOURCE_POPULATION,Christina Chislom,Come Out of Hiding,WAITING_ON_JMP,TERMINAL_OR_LEGACY_RECONCILIATION,TERMINAL_STATE_CONFLICT,Create structured operator task to resolve lifecycle/terminal-state conflict,NO,NO,NO,NO,Dataverse:jm1pub_title:057e1ada-b389-f111-ab10-7c1e525b15c2
4a6f60cb1e00cf1b7c764aa9,WAITING_ON_JMP_SOURCE_POPULATION,Agape International Cathedral,Delicious Ideas!,WAITING_ON_JMP,TERMINAL_OR_LEGACY_RECONCILIATION,TERMINAL_STATE_CONFLICT,Create structured operator task to resolve lifecycle/terminal-state conflict,NO,NO,NO,NO,Dataverse:jm1pub_title:0a7e1ada-b389-f111-ab10-7c1e525b15c2
1e024d2f8305170922cfa503,WAITING_ON_JMP_SOURCE_POPULATION,"Jackie Smith, Jr.",Establishing Glory,WAITING_ON_JMP,DETERMINISTIC_DATA_REPAIR_OR_EVIDENCE_BINDING,MISSING_ARTIFACT,Bind current editorial artifact before stage movement,NO,NO,NO,NO,Dataverse:jm1pub_title:9d5b72e0-b389-f111-ab10-7c1e525b15c2
6ba0370d7514e35d064535f4,WAITING_ON_JMP_SOURCE_POPULATION,"Jackie Smith, Jr.",Establishing Glory 3,WAITING_ON_JMP,DETERMINISTIC_DATA_REPAIR_OR_EVIDENCE_BINDING,MISSING_ARTIFACT,Bind current editorial artifact before stage movement,NO,NO,NO,NO,Dataverse:jm1pub_title:a35b72e0-b389-f111-ab10-7c1e525b15c2
0d6a71947f23e8b87c409da7,WAITING_ON_JMP_SOURCE_POPULATION,"Jackie Smith, Jr.",Establishing Glory 3,WAITING_ON_JMP,DETERMINISTIC_DATA_REPAIR_OR_EVIDENCE_BINDING,MISSING_ARTIFACT,Bind current editorial artifact before stage movement,NO,NO,NO,NO,Dataverse:jm1pub_title:a45b72e0-b389-f111-ab10-7c1e525b15c2
49fd20e11011cfa2cb414371,WAITING_ON_JMP_SOURCE_POPULATION,Jaylonna Stevette,Getting Back 2 Happy,WAITING_ON_JMP,TERMINAL_OR_LEGACY_RECONCILIATION,TERMINAL_STATE_CONFLICT,Create structured operator task to resolve lifecycle/terminal-state conflict,NO,NO,NO,NO,Dataverse:jm1pub_title:a65b72e0-b389-f111-ab10-7c1e525b15c2
fd32fef1272b1910732d95ba,WAITING_ON_JMP_SOURCE_POPULATION,Thomas Johnson,God's Word For This World,WAITING_ON_JMP,TERMINAL_OR_LEGACY_RECONCILIATION,TERMINAL_STATE_CONFLICT,Create structured operator task to resolve lifecycle/terminal-state conflict,NO,NO,NO,NO,Dataverse:jm1pub_title:cd5b72e0-b389-f111-ab10-7c1e525b15c2
26f8b0d10c4af9114e9ec281,WAITING_ON_JMP_SOURCE_POPULATION,Jaylonna Stevette,Have You Considered My Servant?,WAITING_ON_JMP,TERMINAL_OR_LEGACY_RECONCILIATION,TERMINAL_STATE_CONFLICT,Create structured operator task to resolve lifecycle/terminal-state conflict,NO,NO,NO,NO,Dataverse:jm1pub_title:db5b72e0-b389-f111-ab10-7c1e525b15c2
6291c8748c1613603be8a06f,WAITING_ON_JMP_SOURCE_POPULATION,Cheryl Travis,"Help God, I Am - The Collection",WAITING_ON_JMP,TERMINAL_OR_LEGACY_RECONCILIATION,TERMINAL_STATE_CONFLICT,Create structured operator task to resolve lifecycle/terminal-state conflict,NO,NO,NO,NO,Dataverse:jm1pub_title:e55b72e0-b389-f111-ab10-7c1e525b15c2
9a18445e9afcf09ca8ceff04,WAITING_ON_JMP_SOURCE_POPULATION,Cheryl Travis,"Help God, I Am Angry",WAITING_ON_JMP,TERMINAL_OR_LEGACY_RECONCILIATION,TERMINAL_STATE_CONFLICT,Create structured operator task to resolve lifecycle/terminal-state conflict,NO,NO,NO,NO,Dataverse:jm1pub_title:f05b72e0-b389-f111-ab10-7c1e525b15c2
fae3bc80d97abd4149ef1e7d,WAITING_ON_JMP_SOURCE_POPULATION,Tawana Mars,"Hop, Hop, Hop",WAITING_ON_JMP,TERMINAL_OR_LEGACY_RECONCILIATION,TERMINAL_STATE_CONFLICT,Create structured operator task to resolve lifecycle/terminal-state conflict,NO,NO,NO,NO,Dataverse:jm1pub_title:1c5c72e0-b389-f111-ab10-7c1e525b15c2
2553cee200d214cf1042f1fb,WAITING_ON_JMP_SOURCE_POPULATION,Lisa Clark,Let Me Tell You about It,WAITING_ON_JMP,TERMINAL_OR_LEGACY_RECONCILIATION,TERMINAL_STATE_CONFLICT,Create structured operator task to resolve lifecycle/terminal-state conflict,NO,NO,NO,NO,Dataverse:jm1pub_title:665c72e0-b389-f111-ab10-7c1e525b15c2
edd237e254cc66095fe40b9b,WAITING_ON_JMP_SOURCE_POPULATION,Diane Johnson,Love Lucy,WAITING_ON_JMP,TERMINAL_OR_LEGACY_RECONCILIATION,TERMINAL_STATE_CONFLICT,Create structured operator task to resolve lifecycle/terminal-state conflict,NO,NO,NO,NO,Dataverse:jm1pub_title:845c72e0-b389-f111-ab10-7c1e525b15c2
f415267cf6178b34595721ec,WAITING_ON_JMP_SOURCE_POPULATION,Carolyn Booker-Pierce,Loving the Addict,WAITING_ON_JMP,TERMINAL_OR_LEGACY_RECONCILIATION,TERMINAL_STATE_CONFLICT,Create structured operator task to resolve lifecycle/terminal-state conflict,NO,NO,NO,NO,Dataverse:jm1pub_title:955c72e0-b389-f111-ab10-7c1e525b15c2
df2806ecf3656f634cdf3d97,WAITING_ON_JMP_SOURCE_POPULATION,Marvin Grayson,Mirror of Refining Insight,WAITING_ON_JMP,TERMINAL_OR_LEGACY_RECONCILIATION,TERMINAL_STATE_CONFLICT,Create structured operator task to resolve lifecycle/terminal-state conflict,NO,NO,NO,NO,Dataverse:jm1pub_title:a9df6ae6-b389-f111-ab10-7c1e525b15c2
7ee102ad02b423922612a040,WAITING_ON_JMP_SOURCE_POPULATION,Christy Grogg,My ABC's,WAITING_ON_JMP,TERMINAL_OR_LEGACY_RECONCILIATION,TERMINAL_STATE_CONFLICT,Create structured operator task to resolve lifecycle/terminal-state conflict,NO,NO,NO,NO,Dataverse:jm1pub_title:d6df6ae6-b389-f111-ab10-7c1e525b15c2
ed9d108818c46f26b170b863,WAITING_ON_JMP_SOURCE_POPULATION,Natasha Gilchrest,Pretty Wings,WAITING_ON_JMP,TERMINAL_OR_LEGACY_RECONCILIATION,TERMINAL_STATE_CONFLICT,Create structured operator task to resolve lifecycle/terminal-state conflict,NO,NO,NO,NO,Dataverse:jm1pub_title:52e06ae6-b389-f111-ab10-7c1e525b15c2
c78d1f5a8376ed3c18b3a35b,WAITING_ON_JMP_SOURCE_POPULATION,Karen Hill,The Great Hair Restart,WAITING_ON_JMP,TERMINAL_OR_LEGACY_RECONCILIATION,TERMINAL_STATE_CONFLICT,Create structured operator task to resolve lifecycle/terminal-state conflict,NO,NO,NO,NO,Dataverse:jm1pub_title:28e16ae6-b389-f111-ab10-7c1e525b15c2
81235c25e6887a838dcc8649,WAITING_ON_JMP_SOURCE_POPULATION,Christina Chislom,The Little Girl with the Plow!,WAITING_ON_JMP,TERMINAL_OR_LEGACY_RECONCILIATION,TERMINAL_STATE_CONFLICT,Create structured operator task to resolve lifecycle/terminal-state conflict,NO,NO,NO,NO,Dataverse:jm1pub_title:95e16ae6-b389-f111-ab10-7c1e525b15c2
2667cdf6107af9127960e92c,WAITING_ON_JMP_SOURCE_POPULATION,Daphanny Baker,The Messenger,WAITING_ON_JMP,TERMINAL_OR_LEGACY_RECONCILIATION,TERMINAL_STATE_CONFLICT,Create structured operator task to resolve lifecycle/terminal-state conflict,NO,NO,NO,NO,Dataverse:jm1pub_title:bfe16ae6-b389-f111-ab10-7c1e525b15c2
67ddf5c6b7f9228978736a75,WAITING_ON_JMP_SOURCE_POPULATION,Carol Roye,What Goes Up Must Come Down Let's Face It,WAITING_ON_JMP,TERMINAL_OR_LEGACY_RECONCILIATION,TERMINAL_STATE_CONFLICT,Create structured operator task to resolve lifecycle/terminal-state conflict,NO,NO,NO,NO,Dataverse:jm1pub_title:810464ec-b389-f111-ab10-7c1e525b15c2
063b476f15b3a6f1b17f2f13,WAITING_ON_JMP_SOURCE_POPULATION,Gwendolyn Rucker-Carr,When Zuri Came to Earth,WAITING_ON_JMP,TERMINAL_OR_LEGACY_RECONCILIATION,TERMINAL_STATE_CONFLICT,Create structured operator task to resolve lifecycle/terminal-state conflict,NO,NO,NO,NO,Dataverse:jm1pub_title:900464ec-b389-f111-ab10-7c1e525b15c2
7f0950c8e01172e6da5e7929,WAITING_ON_JMP_SOURCE_POPULATION,Gate W1 Synthetic,GATE-W1 Synthetic Certification Manuscript 20260729,WAITING_ON_JMP,RUNTIME_REPAIR_REQUIRED,RUNTIME_NOT_COMMISSIONED,Create structured operator task to commission/select runtime before movement,NO,NO_COMMISSIONED_RUNTIME_OR_PROVIDER_BLOCKED,NO,NO,Dataverse:jm1pub_title:7f9b991c-418b-f111-ab10-7c1e525b15c2; Dataverse:jm1pub_editorialstage:0b2f281c-418b-f111-ab10-000d3a1a9efa
b74893f5f313053cecaea2e2,WAITING_ON_JMP_SOURCE_POPULATION,Gate W1 Join Synthetic,GATE-W1 App Service Staging Positive Join 1785341427544,WAITING_ON_JMP,RUNTIME_REPAIR_REQUIRED,RUNTIME_NOT_COMMISSIONED,Create structured operator task to commission/select runtime before movement,NO,NO_COMMISSIONED_RUNTIME_OR_PROVIDER_BLOCKED,NO,NO,Dataverse:jm1pub_title:8bcc42c8-688b-f111-ab10-7c1e525b15c2; Dataverse:jm1pub_editorialstage:1fbba2c8-688b-f111-ab10-000d3a14673b
0a7680059c23df67f11fdfc8,WAITING_ON_JMP_SOURCE_POPULATION,Gate W1 Docx Synthetic,GATE-W1 App Service Staging DOCX Join 1785342161378,WAITING_ON_JMP,RUNTIME_REPAIR_REQUIRED,RUNTIME_NOT_COMMISSIONED,Create structured operator task to commission/select runtime before movement,NO,NO_COMMISSIONED_RUNTIME_OR_PROVIDER_BLOCKED,NO,NO,Dataverse:jm1pub_title:7a8102e6-698b-f111-ab10-7c1e525b15c2; Dataverse:jm1pub_editorialstage:ca94b1e7-698b-f111-ab10-00224820105b
b2413fd8c1b9afb51d42bd47,WAITING_ON_JMP_SOURCE_POPULATION,Gate W1 Long Docx Synthetic,GATE-W1 App Service Staging Long DOCX Join 1785342346355,WAITING_ON_JMP,RUNTIME_REPAIR_REQUIRED,RUNTIME_NOT_COMMISSIONED,Create structured operator task to commission/select runtime before movement,NO,NO_COMMISSIONED_RUNTIME_OR_PROVIDER_BLOCKED,NO,NO,Dataverse:jm1pub_title:11590673-6a8b-f111-ab10-7c1e525b15c2; Dataverse:jm1pub_editorialstage:0f461175-6a8b-f111-ab0f-7ced8dce6fda
2b8e86f8853c097e647d7d34,WAITING_ON_JMP_SOURCE_POPULATION,Gate W1 Multipart Synthetic,GATE-W1 App Service Staging Multipart Join 1785341972350,WAITING_ON_JMP,RUNTIME_REPAIR_REQUIRED,RUNTIME_NOT_COMMISSIONED,Create structured operator task to commission/select runtime before movement,NO,NO_COMMISSIONED_RUNTIME_OR_PROVIDER_BLOCKED,NO,NO,Dataverse:jm1pub_title:a31f2e58-698b-f111-ab0f-7ced8dce6fda; Dataverse:jm1pub_editorialstage:8a5f8856-698b-f111-ab10-00224820105b
916c56276465afd56db4ac3a,WAITING_ON_JMP_SOURCE_POPULATION,JM1 SyntheticIntake20260727164554,JM1 Synthetic Intake SEV1 Proof 20260727164554,WAITING_ON_JMP,DETERMINISTIC_DATA_REPAIR_OR_EVIDENCE_BINDING,MISSING_CANONICAL_LINK,Create structured operator task to bind canonical title/project link from governed evidence,NO,NO,NO,NO,Dataverse:jm1_publishingintake:577858c2-da89-f111-ab10-000d3a14673b
976ba4c87391a856632e7634,WAITING_ON_JMP_SOURCE_POPULATION,JM1 SyntheticIntake20260727163730,JM1 Synthetic Intake SEV1 Proof 20260727163730,WAITING_ON_JMP,DETERMINISTIC_DATA_REPAIR_OR_EVIDENCE_BINDING,MISSING_CANONICAL_LINK,Create structured operator task to bind canonical title/project link from governed evidence,NO,NO,NO,NO,Dataverse:jm1_publishingintake:71f19874-d989-f111-ab10-00224820105b
75f5def48c6b9cbfe3ca2948,WAITING_ON_JMP_SOURCE_POPULATION,Jackie Test,New Book Test,WAITING_ON_JMP,DETERMINISTIC_DATA_REPAIR_OR_EVIDENCE_BINDING,MISSING_CANONICAL_LINK,Create structured operator task to bind canonical title/project link from governed evidence,NO,NO,NO,NO,Dataverse:jm1_publishingintake:02923fbd-019d-f111-b8dc-6045bdd69435
79249812b13a5fe7b4b7b3d9,WAITING_ON_JMP_SOURCE_POPULATION,Quanisha Dockery,Indomitable Indomitable Escaping Witchcraft and Finding My Identity in Christ,WAITING_ON_JMP,DETERMINISTIC_DATA_REPAIR_OR_EVIDENCE_BINDING,MISSING_CANONICAL_LINK,Create structured operator task to bind canonical title/project link from governed evidence,NO,NO,NO,NO,Dataverse:jm1_publishingintake:74719cd6-cd95-f111-8076-6045bdd69678
7e0e342e3818eaeaa78e6d9a,WAITING_ON_JMP_SOURCE_POPULATION,Jackie Smith Jr,The Long Watch - Intake Success Validation,WAITING_ON_JMP,RUNTIME_REPAIR_REQUIRED,RUNTIME_NOT_COMMISSIONED,Create structured operator task to commission/select runtime before movement,NO,NO_COMMISSIONED_RUNTIME_OR_PROVIDER_BLOCKED,NO,NO,Dataverse:jm1_publishingintake:f42a9474-1f76-f111-ab0f-6045bdd69738
968fac2041c4be4455a12ee8,WAITING_ON_JMP_SOURCE_POPULATION,JM1 SyntheticFetch20260727165010,JM1 Synthetic Intake Fetch Proof 20260727165010,WAITING_ON_JMP,DETERMINISTIC_DATA_REPAIR_OR_EVIDENCE_BINDING,MISSING_CANONICAL_LINK,Create structured operator task to bind canonical title/project link from governed evidence,NO,NO,NO,NO,Dataverse:jm1_publishingintake:cb7e283c-db89-f111-ab10-6045bdd69738
d2ee872bc66649de859cd81c,WAITING_ON_JMP_SOURCE_POPULATION,DATA_GAP,JMP-INT-202607-YEUSKK — GATE-W1 Synthetic Recommendation Manuscript 20260729,WAITING_ON_JMP,DETERMINISTIC_DATA_REPAIR_OR_EVIDENCE_BINDING,MISSING_CANONICAL_LINK,Create structured operator task to bind canonical title/project link from governed evidence,NO,NO,NO,NO,Dataverse:opportunity:d7c63ea5-678b-f111-ab10-7c1e525b15c2
2bb11f59ed357d5ab9fc6f86,AUTO_EXECUTABLE_SEPARATE_POPULATION,Jackie Smith Jr,The Intentional Leader,AUTO_EXECUTABLE,RUNTIME_REPAIR_REQUIRED,PRODUCTION_DEPENDENCY_MISSING,Create/queue governed Full Wrap production work item from certified prerequisites,NO,NO_COMMISSIONED_RUNTIME_OR_PROVIDER_BLOCKED,NO,NO,Dataverse:jm1pub_title:e797232b-da7a-f111-ab0f-00224820105b; Dataverse:jm1pub_editorialstage:c9dee533-4184-f111-ab0f-7c1e525b15c2; Dataverse:jm1pub_editorialapprovalgate:5141f7db-0a8e-f111-8077-00224820105b; Dataverse:jm1pub_editorialartifact:43131113-4c94-f111-8076-000d3a14673b
39356bf8fbe19e2ddabbf523,AUTO_EXECUTABLE_SEPARATE_POPULATION,Iyorwuese Hagher,The General’s Will and Last Testament,AUTO_EXECUTABLE,RUNTIME_REPAIR_REQUIRED,RUNTIME_NOT_COMMISSIONED,Queue commissioned Line stage worker,NO,NO_COMMISSIONED_RUNTIME_OR_PROVIDER_BLOCKED,NO,NO,Dataverse:jm1pub_title:2d21ab5b-4d80-f111-ab0f-7c1e525b15c2; Dataverse:jm1pub_editorialstage:e698257d-ca9c-f111-b8dc-00224820105b; Dataverse:jm1pub_editorialapprovalgate:576b9a51-688e-f111-8077-7c1e525b15c2; Dataverse:jm1pub_editorialartifact:0c382466-0c9c-f111-b8dc-000d3a14673b
29323acb6139d4e491387036,AUTO_EXECUTABLE_SEPARATE_POPULATION,DATA_GAP,Publishing Intake - The Intentional Leader,AUTO_EXECUTABLE,RUNTIME_REPAIR_REQUIRED,PRODUCTION_DEPENDENCY_MISSING,Create/queue governed Full Wrap production work item from certified prerequisites,NO,NO_COMMISSIONED_RUNTIME_OR_PROVIDER_BLOCKED,NO,NO,Dataverse:opportunity:51549300-4978-f111-ab0f-000d3a14673b
